user_id,month,age,gender,education,occupation,city_tier,monthly_income,housing_rent,groceries,utilities,transport,dining_out,entertainment,healthcare,education_expense,shopping,investments,loan_emi,miscellaneous,total_expenses,monthly_savings,savings_rate,expense_ratio,investment_ratio,has_loan,credit_score,savings_risk,age_group,month_str
USR0001,2023-03-01,60,Female,Bachelor's,Salaried,Tier 3,76958,18682,2679,1447,4877,5730,5821,2244,462,12443,1729,0,3192,57577,17652,22.94,74.82,2.25,0,605,Low Risk,51-65,2023-03
USR0002,2022-04-01,50,Female,High School,Student,Tier 3,34238,7977,5252,1084,4410,9836,2166,3183,1962,3854,3965,10150,4629,54503,0,0.0,159.19,11.58,1,434,High Risk,41-50,2022-04
USR0003,2023-03-01,36,Female,PhD,Business Owner,Tier 1,95737,17215,3835,3362,7407,5334,2556,550,93,4974,19674,0,1106,46432,29631,30.95,48.5,20.55,0,647,Low Risk,31-40,2023-03
USR0004,2022-07-01,64,Male,Master's,Freelancer,Tier 1,51281,17515,4177,2120,5693,2046,5169,4482,1020,3897,2488,15015,1781,62915,0,0.0,122.69,4.85,1,485,High Risk,51-65,2022-07
USR0005,2022-04-01,29,Male,Master's,Salaried,Tier 2,60582,13986,10142,3855,952,2645,5872,3618,3374,5917,1381,5233,1804,57398,1803,2.98,94.74,2.28,1,472,High Risk,22-30,2022-04
USR0006,2022-03-01,42,Male,PhD,Freelancer,Tier 3,65748,21372,2148,2849,4642,2663,2450,4030,1375,4268,5414,3956,769,50522,9812,14.92,76.84,8.23,1,529,Medium Risk,41-50,2022-03
USR0007,2023-11-01,60,Female,High School,Business Owner,Tier 1,86263,16206,3495,1655,2111,3512,3687,2167,1131,6781,8386,5024,1745,47514,30363,35.2,55.08,9.72,1,623,Low Risk,51-65,2023-11
USR0008,2023-02-01,40,Female,Bachelor's,Freelancer,Tier 1,46021,11945,3744,3691,3667,4944,341,4604,354,12912,3523,0,1108,47310,0,0.0,102.8,7.66,0,509,High Risk,31-40,2023-02
USR0009,2022-06-01,44,Male,High School,Salaried,Tier 3,35968,5567,3646,2251,7581,3923,1203,2424,468,3481,1216,2544,4662,37750,0,0.0,104.95,3.38,1,437,High Risk,41-50,2022-06
USR0010,2024-09-01,32,Female,Bachelor's,Self-Employed,Tier 1,61360,18582,4995,3707,2578,7679,2354,4722,94,6021,3847,10924,4283,65939,0,0.0,107.46,6.27,1,441,High Risk,31-40,2024-09
USR0011,2022-09-01,32,Male,Bachelor's,Business Owner,Tier 2,87883,23392,8643,3175,3081,4059,2214,2987,867,13267,14990,11589,3540,76814,0,0.0,87.4,17.06,1,535,High Risk,31-40,2022-09
USR0012,2022-12-01,45,Female,Bachelor's,Self-Employed,Tier 2,43313,11916,11864,3120,2564,3186,4824,4826,90,3972,4178,5799,2625,54786,0,0.0,126.49,9.65,1,441,High Risk,41-50,2022-12
USR0013,2024-11-01,57,Male,Bachelor's,Self-Employed,Tier 2,57411,9205,9378,3076,7879,2832,3808,4543,1067,3117,9078,0,3418,48323,10,0.02,84.17,15.81,0,494,High Risk,51-65,2024-11
USR0014,2024-07-01,61,Male,High School,Self-Employed,Tier 2,51609,9919,10849,2581,6279,6566,1168,4511,1479,5981,6919,0,2365,51698,0,0.0,100.17,13.41,0,486,High Risk,51-65,2024-07
USR0015,2022-03-01,45,Female,High School,Self-Employed,Tier 2,47415,7817,5667,1031,1758,2156,4125,637,954,6709,6508,0,1213,32067,8840,18.64,67.63,13.73,0,603,Medium Risk,41-50,2022-03
USR0016,2024-12-01,24,Male,High School,Salaried,Tier 2,48673,10113,11245,1731,4987,7279,4158,2558,900,3999,3024,0,3406,50376,0,0.0,103.5,6.21,0,483,High Risk,22-30,2024-12
USR0017,2023-01-01,43,Male,PhD,Self-Employed,Tier 2,78127,21523,2576,2493,7650,6538,2935,4054,22,7495,10186,21776,2072,79134,0,0.0,101.29,13.04,1,495,High Risk,41-50,2023-01
USR0018,2023-01-01,23,Male,Master's,Salaried,Tier 2,66772,17576,6779,2197,853,9236,1004,582,2770,8381,393,0,405,49783,16596,24.85,74.56,0.59,0,595,Low Risk,22-30,2023-01
USR0019,2024-10-01,45,Female,PhD,Salaried,Tier 2,65118,17740,10187,3870,4900,9083,1534,4416,22,4092,7028,19254,1015,76113,0,0.0,116.88,10.79,1,452,High Risk,41-50,2024-10
USR0020,2023-09-01,51,Female,Bachelor's,Salaried,Tier 1,46604,12110,4972,2045,6218,5789,4184,606,1257,9123,6671,0,265,46569,0,0.0,99.92,14.31,0,481,High Risk,51-65,2023-09
USR0021,2024-10-01,59,Male,Bachelor's,Self-Employed,Tier 1,66086,13521,9756,3665,6169,6720,867,4540,1721,6554,3006,19386,4245,77144,0,0.0,116.73,4.55,1,451,High Risk,51-65,2024-10
USR0022,2024-04-01,23,Female,Master's,Salaried,Tier 1,74933,14904,5948,1937,4136,796,584,265,7116,7772,4806,4253,2251,49962,20165,26.91,66.68,6.41,1,611,Low Risk,22-30,2024-04
USR0023,2024-11-01,42,Female,Bachelor's,Freelancer,Tier 1,48703,8640,8544,870,2063,6973,3324,3189,1440,9804,2672,0,202,45049,982,2.02,92.5,5.49,0,510,High Risk,41-50,2024-11
USR0024,2023-02-01,54,Male,Bachelor's,Freelancer,Tier 2,44477,14224,4045,908,6208,1586,1808,427,1356,5196,784,11304,524,47586,0,0.0,106.99,1.76,1,510,High Risk,51-65,2023-02
USR0025,2023-06-01,33,Male,Bachelor's,Salaried,Tier 3,58768,16061,3627,1906,6544,6859,3454,2384,574,13643,5110,3719,804,59575,0,0.0,101.37,8.7,1,463,High Risk,31-40,2023-06
USR0026,2023-07-01,43,Male,High School,Salaried,Tier 2,46394,8689,3488,2401,7152,5694,3640,2441,102,10745,11354,0,2782,47134,0,0.0,101.6,24.47,0,478,High Risk,41-50,2023-07
USR0027,2023-07-01,46,Male,Bachelor's,Salaried,Tier 3,59548,11042,11127,1970,1211,6305,2948,4953,499,12945,5268,14915,2846,70761,0,0.0,118.83,8.85,1,500,High Risk,41-50,2023-07
USR0028,2024-09-01,48,Female,Bachelor's,Business Owner,Tier 2,63039,20462,5563,1116,6014,7222,212,1712,827,8046,7257,0,3322,54496,1286,2.04,86.45,11.51,0,547,High Risk,41-50,2024-09
USR0029,2024-11-01,63,Male,Master's,Self-Employed,Tier 2,57111,17050,11906,570,4002,9808,3207,1129,1506,6973,9324,0,3314,59465,0,0.0,104.12,16.33,0,512,High Risk,51-65,2024-11
USR0030,2023-08-01,49,Female,High School,Self-Employed,Tier 2,45512,12828,3802,583,3232,9768,2407,4236,188,5722,7378,10165,3475,56406,0,0.0,123.94,16.21,1,431,High Risk,41-50,2023-08
USR0031,2024-05-01,37,Female,Bachelor's,Salaried,Tier 1,67879,15705,11612,2756,5381,995,5603,2803,1871,13010,16119,0,546,60282,0,0.0,88.81,23.75,0,558,High Risk,31-40,2024-05
USR0032,2022-08-01,36,Male,Master's,Self-Employed,Tier 1,62680,12686,5591,758,1356,3495,4367,1380,459,2949,13438,15943,4354,53338,0,0.0,85.1,21.44,1,488,High Risk,31-40,2022-08
USR0033,2024-01-01,24,Female,High School,Business Owner,Tier 2,78359,27103,5520,3810,4772,593,2345,1239,2318,6302,15553,0,2927,56929,5877,7.5,72.65,19.85,0,555,High Risk,22-30,2024-01
USR0034,2023-05-01,58,Male,Bachelor's,Business Owner,Tier 3,90793,28095,7896,1825,1929,4824,2065,1301,350,1044,21600,0,2758,52087,17106,18.84,57.37,23.79,0,641,Medium Risk,51-65,2023-05
USR0035,2022-01-01,28,Other,Master's,Self-Employed,Tier 1,71465,15033,9643,3803,6944,6893,300,2299,4491,7152,4122,8488,3589,68635,0,0.0,96.04,5.77,1,492,High Risk,22-30,2022-01
USR0036,2024-06-01,42,Female,High School,Salaried,Tier 1,58764,18775,9041,1431,2992,6010,4279,713,113,6827,9065,12242,3643,66066,0,0.0,112.43,15.43,1,449,High Risk,41-50,2024-06
USR0037,2024-04-01,30,Female,High School,Salaried,Tier 3,55094,16626,5311,2829,3698,1220,4576,3332,103,7558,12219,16202,2454,63909,0,0.0,116.0,22.18,1,467,High Risk,22-30,2024-04
USR0038,2024-09-01,60,Female,Bachelor's,Salaried,Tier 1,55153,11549,4305,893,3920,5575,5178,2032,619,11850,8605,0,310,46231,317,0.57,83.82,15.6,0,499,High Risk,51-65,2024-09
USR0039,2023-01-01,39,Male,Bachelor's,Salaried,Tier 3,68919,16217,9875,2965,2568,6825,1512,4838,1531,3128,16840,5904,222,55585,0,0.0,80.65,24.43,1,438,High Risk,31-40,2023-01
USR0040,2023-12-01,25,Female,Bachelor's,Salaried,Tier 2,76437,14308,3967,3777,7659,5599,2996,2657,6678,3951,1917,10870,4016,66478,8042,10.52,86.97,2.51,1,516,Medium Risk,22-30,2023-12
USR0041,2023-10-01,46,Female,Master's,Salaried,Tier 3,72736,12525,10009,3835,5306,4526,4904,2402,1044,9229,7988,18842,2163,74785,0,0.0,102.82,10.98,1,480,High Risk,41-50,2023-10
USR0042,2023-01-01,35,Female,High School,Salaried,Tier 2,70338,20718,7462,1834,7344,5557,649,2880,386,1936,17186,11732,1907,62405,0,0.0,88.72,24.43,1,472,High Risk,31-40,2023-01
USR0043,2022-12-01,30,Female,Bachelor's,Student,Tier 2,10795,2196,8897,3406,6463,7310,3639,2298,943,8587,1024,1407,3282,48428,0,0.0,448.62,9.49,1,300,High Risk,22-30,2022-12
USR0044,2022-07-01,47,Female,Bachelor's,Self-Employed,Tier 2,46766,14685,5458,2429,3991,1606,3701,3366,1801,7161,8646,0,4015,48213,0,0.0,103.09,18.49,0,479,High Risk,41-50,2022-07
USR0045,2024-12-01,23,Male,High School,Business Owner,Tier 2,78841,27525,10585,2220,651,5805,3367,2127,2914,11507,599,0,946,67647,10595,13.44,85.8,0.76,0,585,Medium Risk,22-30,2024-12
USR0046,2024-05-01,41,Male,Bachelor's,Freelancer,Tier 2,50114,8285,6778,1125,3731,8234,5580,4650,1232,12457,8705,0,714,52786,0,0.0,105.33,17.37,0,472,High Risk,41-50,2024-05
USR0047,2024-05-01,49,Female,Bachelor's,Salaried,Tier 1,73510,17981,5730,3650,3406,7174,5831,3316,1705,3562,17176,9787,3239,65381,0,0.0,88.94,23.37,1,517,High Risk,41-50,2024-05
USR0048,2024-02-01,28,Male,Bachelor's,Freelancer,Tier 2,47876,14861,6365,2392,4051,9114,320,3087,560,759,4580,0,3056,44565,0,0.0,93.08,9.57,0,475,High Risk,22-30,2024-02
USR0049,2024-03-01,29,Female,High School,Salaried,Tier 2,48056,14791,9547,3913,1966,2505,3637,4543,189,8051,255,13506,2541,65189,0,0.0,135.65,0.53,1,403,High Risk,22-30,2024-03
USR0050,2023-12-01,56,Female,Bachelor's,Self-Employed,Tier 3,54291,16395,2027,2336,4691,5761,4056,4828,1729,13613,378,0,524,55960,0,0.0,103.07,0.7,0,527,High Risk,51-65,2023-12
USR0051,2024-07-01,35,Male,Bachelor's,Salaried,Tier 2,50738,11152,5491,1061,3923,1263,1275,3730,858,4911,11314,8106,3562,45332,0,0.0,89.35,22.3,1,458,High Risk,31-40,2024-07
USR0052,2022-07-01,38,Male,Master's,Student,Tier 2,20971,5049,8423,3379,4557,9589,4613,989,941,5341,3787,0,3690,46571,0,0.0,222.07,18.06,0,445,High Risk,31-40,2022-07
USR0053,2023-05-01,57,Female,High School,Salaried,Tier 1,62779,16887,7301,3666,5694,9644,2922,1500,392,8461,1674,5101,2707,64275,0,0.0,102.38,2.67,1,492,High Risk,51-65,2023-05
USR0054,2024-09-01,61,Male,Bachelor's,Salaried,Tier 2,69982,24128,8160,2293,3425,6191,901,2147,1658,1218,955,0,3378,53499,15528,22.19,76.45,1.36,0,614,Low Risk,51-65,2024-09
USR0055,2024-10-01,25,Female,Bachelor's,Student,Tier 2,25904,5582,3173,1440,4165,7559,3548,2442,7162,5696,5212,5157,3524,49448,0,0.0,190.89,20.12,1,421,High Risk,22-30,2024-10
USR0056,2023-06-01,23,Male,Master's,Salaried,Tier 3,56231,18816,2338,3922,5235,4979,3868,1294,6783,3227,11384,15497,1762,67721,0,0.0,120.43,20.25,1,468,High Risk,22-30,2023-06
USR0057,2022-05-01,27,Female,Bachelor's,Freelancer,Tier 3,45132,9201,11260,2609,3930,4698,3465,1558,3041,11593,1359,4520,1744,57619,0,0.0,127.67,3.01,1,453,High Risk,22-30,2022-05
USR0058,2022-01-01,63,Male,Master's,Freelancer,Tier 1,45200,15721,2841,1665,1656,9591,5312,3856,345,8046,3407,0,3429,52462,0,0.0,116.07,7.54,0,512,High Risk,51-65,2022-01
USR0059,2022-07-01,25,Female,Master's,Business Owner,Tier 3,96412,27386,2293,2365,7043,4523,220,507,1705,9152,18800,0,725,55919,21693,22.5,58.0,19.5,0,637,Low Risk,22-30,2022-07
USR0060,2024-10-01,50,Male,Master's,Student,Tier 1,25330,6147,11514,3281,7806,4705,2646,1650,540,3354,3327,2949,4833,49425,0,0.0,195.12,13.13,1,383,High Risk,41-50,2024-10
USR0061,2022-03-01,39,Female,Bachelor's,Student,Tier 2,14314,3903,8558,2391,6889,4141,2449,2323,1621,5700,3423,0,1949,39924,0,0.0,278.92,23.91,0,386,High Risk,31-40,2022-03
USR0062,2024-12-01,47,Male,Bachelor's,Salaried,Tier 2,63238,12932,3647,3682,7958,4043,2713,3042,46,4567,7605,0,4922,47552,8081,12.78,75.2,12.03,0,521,Medium Risk,41-50,2024-12
USR0063,2024-11-01,55,Female,Master's,Business Owner,Tier 1,81878,16771,6898,2139,4707,6091,3422,1864,1100,10394,13856,22893,1040,77319,0,0.0,94.43,16.92,1,531,High Risk,51-65,2024-11
USR0064,2022-12-01,31,Female,PhD,Self-Employed,Tier 2,81869,14139,6526,2050,5789,7743,5191,4148,342,11939,10433,0,2465,60332,11104,13.56,73.69,12.74,0,612,Medium Risk,31-40,2022-12
USR0065,2023-03-01,57,Male,Master's,Self-Employed,Tier 1,57121,9871,7614,1281,6218,6616,1382,1594,1214,3477,13465,0,4888,44155,0,0.0,77.3,23.57,0,542,High Risk,51-65,2023-03
USR0066,2022-04-01,35,Male,Bachelor's,Salaried,Tier 1,51806,11373,5801,2194,6229,6833,2557,4272,542,14194,5163,13887,912,68794,0,0.0,132.79,9.97,1,478,High Risk,31-40,2022-04
USR0067,2024-09-01,52,Male,High School,Freelancer,Tier 2,22776,6891,10280,3728,7907,1261,2751,3834,818,14984,1308,0,266,52720,0,0.0,231.47,5.74,0,405,High Risk,51-65,2024-09
USR0068,2023-04-01,36,Female,Bachelor's,Student,Tier 2,22753,6179,9376,3086,3908,2907,2273,414,1704,14601,1857,0,960,45408,0,0.0,199.57,8.16,0,420,High Risk,31-40,2023-04
USR0069,2024-05-01,29,Female,Master's,Business Owner,Tier 3,82504,14068,2899,1096,1661,1385,265,3272,2321,10506,17589,7987,664,46124,18791,22.78,55.91,21.32,1,568,Low Risk,22-30,2024-05
USR0070,2022-06-01,35,Female,Bachelor's,Salaried,Tier 2,51568,16524,5477,2556,6213,6722,4558,4254,756,3980,6419,0,4391,55431,0,0.0,107.49,12.45,0,532,High Risk,31-40,2022-06
USR0071,2023-11-01,44,Male,Bachelor's,Salaried,Tier 2,72513,19598,3744,2823,1759,3143,671,4672,1447,10433,6421,4536,4703,57529,8563,11.81,79.34,8.85,1,528,Medium Risk,41-50,2023-11
USR0072,2023-01-01,61,Male,Master's,Salaried,Tier 2,75337,25778,8096,2774,6267,9927,2414,2659,350,13761,10250,0,3389,75415,0,0.0,100.1,13.61,0,532,High Risk,51-65,2023-01
USR0073,2022-01-01,42,Female,Bachelor's,Business Owner,Tier 1,79774,22658,4253,2733,4590,5610,3425,3906,187,13709,2657,8692,1667,71430,5687,7.13,89.54,3.33,1,531,High Risk,41-50,2022-01
USR0074,2022-12-01,37,Female,Master's,Freelancer,Tier 1,65914,12196,3633,3138,3341,1968,542,3471,1550,12763,88,3695,2960,49257,16569,25.14,74.73,0.13,1,547,Low Risk,31-40,2022-12
USR0075,2024-03-01,39,Other,Bachelor's,Self-Employed,Tier 2,61300,15003,9001,3787,7670,6792,917,1406,333,8721,4299,9153,4656,67439,0,0.0,110.01,7.01,1,441,High Risk,31-40,2024-03
USR0076,2024-01-01,45,Male,Bachelor's,Salaried,Tier 2,56417,15779,9020,2980,6190,8701,2660,609,482,3993,8533,0,1593,52007,0,0.0,92.18,15.12,0,510,High Risk,41-50,2024-01
USR0077,2023-10-01,47,Female,Bachelor's,Salaried,Tier 2,54686,8512,11053,3116,6759,6161,3936,3669,1239,9673,9729,0,3893,58011,0,0.0,106.08,17.79,0,492,High Risk,41-50,2023-10
USR0078,2024-10-01,46,Male,Master's,Self-Employed,Tier 2,69543,10638,10149,3203,6091,9483,3455,415,1181,730,14371,4242,4507,54094,1078,1.55,77.78,20.66,1,503,High Risk,41-50,2024-10
USR0079,2023-06-01,62,Male,High School,Student,Tier 2,18170,3195,6701,855,3702,6563,5990,548,1949,8026,4209,0,1899,39428,0,0.0,217.0,23.16,0,430,High Risk,51-65,2023-06
USR0080,2023-04-01,50,Female,High School,Self-Employed,Tier 1,49357,9887,8735,3390,3481,7515,3465,3851,666,5781,5085,10847,1320,58938,0,0.0,119.41,10.3,1,464,High Risk,41-50,2023-04
USR0081,2024-05-01,36,Female,PhD,Salaried,Tier 1,70228,16567,3013,2540,4054,6823,5534,3078,1264,11468,13001,4955,1771,61067,0,0.0,86.96,18.51,1,511,High Risk,31-40,2024-05
USR0082,2024-06-01,22,Other,High School,Self-Employed,Tier 3,52863,13082,5299,891,3972,9435,4289,3865,554,1751,986,9978,928,54044,0,0.0,102.23,1.87,1,480,High Risk,22-30,2024-06
USR0083,2024-06-01,46,Male,Bachelor's,Salaried,Tier 2,56956,10115,3506,1078,1724,2928,2730,4949,1485,5840,819,0,3704,38059,18078,31.74,66.82,1.44,0,612,Low Risk,41-50,2024-06
USR0084,2023-08-01,28,Male,Bachelor's,Student,Tier 3,22184,6315,6803,3846,4887,9808,3832,3269,4977,7389,692,0,815,51941,0,0.0,234.14,3.12,0,385,High Risk,22-30,2023-08
USR0085,2023-10-01,30,Female,Bachelor's,Salaried,Tier 1,74575,20077,2977,2140,2889,7608,1255,4194,494,13884,8363,11057,570,67145,0,0.0,90.04,11.21,1,504,High Risk,22-30,2023-10
USR0086,2024-10-01,45,Female,Bachelor's,Self-Employed,Tier 3,50713,10593,3817,2967,1514,1854,214,3312,1994,13186,2678,3813,3664,46928,1107,2.18,92.54,5.28,1,482,High Risk,41-50,2024-10
USR0087,2022-04-01,22,Male,Bachelor's,Salaried,Tier 1,50416,7700,6901,2508,6229,6327,3589,202,4916,12882,3616,4703,4927,60884,0,0.0,120.76,7.17,1,478,High Risk,22-30,2022-04
USR0088,2024-07-01,29,Male,Bachelor's,Freelancer,Tier 1,39579,6551,11140,2223,5835,2980,3514,1317,583,2463,6410,5431,1147,43184,0,0.0,109.11,16.2,1,452,High Risk,22-30,2024-07
USR0089,2023-02-01,45,Male,Bachelor's,Freelancer,Tier 3,55954,12776,8798,663,6255,1686,216,1282,1369,13262,5015,7409,1319,55035,0,0.0,98.36,8.96,1,470,High Risk,41-50,2023-02
USR0090,2022-08-01,32,Female,Master's,Freelancer,Tier 1,57037,10311,2473,3326,5180,7409,2781,4702,55,3666,7947,13535,1655,55093,0,0.0,96.59,13.93,1,474,High Risk,31-40,2022-08
USR0091,2022-05-01,38,Male,High School,Salaried,Tier 2,53968,12162,2567,1137,6509,4587,1979,1717,1589,14717,5564,0,2748,49712,0,0.0,92.11,10.31,0,489,High Risk,31-40,2022-05
USR0092,2022-08-01,29,Male,Bachelor's,Salaried,Tier 1,58927,16242,9966,3754,2526,6728,2149,2095,841,2278,2489,15622,2622,64823,0,0.0,110.01,4.22,1,502,High Risk,22-30,2022-08
USR0093,2022-11-01,56,Male,High School,Salaried,Tier 2,58882,15276,4258,3881,4213,3331,280,3779,1800,8552,1089,14959,3811,64140,0,0.0,108.93,1.85,1,497,High Risk,51-65,2022-11
USR0094,2024-05-01,56,Male,Bachelor's,Freelancer,Tier 3,41207,8086,10120,2564,1992,4161,3279,2833,1909,5370,2433,0,2746,43060,0,0.0,104.5,5.9,0,464,High Risk,51-65,2024-05
USR0095,2023-09-01,54,Male,Bachelor's,Salaried,Tier 1,65445,14317,6310,2993,4622,2248,1218,2579,1774,1647,944,8333,1540,47581,16920,25.85,72.7,1.44,1,592,Low Risk,51-65,2023-09
USR0096,2023-01-01,26,Female,High School,Self-Employed,Tier 2,42149,11498,3982,669,2200,8434,979,1212,729,3347,6518,0,4045,37095,0,0.0,88.01,15.46,0,461,High Risk,22-30,2023-01
USR0097,2023-07-01,63,Male,Master's,Business Owner,Tier 1,79818,25715,3096,3851,954,9806,2024,4464,1131,14311,15878,7638,1718,74708,0,0.0,93.6,19.89,1,522,High Risk,51-65,2023-07
USR0098,2022-03-01,60,Female,Bachelor's,Business Owner,Tier 2,74900,22518,8610,839,1417,8052,4064,3023,1733,4350,6361,0,2159,56765,11774,15.72,75.79,8.49,0,570,Medium Risk,51-65,2022-03
USR0099,2024-10-01,62,Male,PhD,Salaried,Tier 1,73996,19289,5570,1225,7223,3764,2669,1048,1920,11683,7161,0,910,55301,11534,15.59,74.74,9.68,0,590,Medium Risk,51-65,2024-10
USR0100,2023-07-01,49,Female,PhD,Self-Employed,Tier 1,69609,15485,8497,2433,513,5872,2713,1904,213,3570,14203,19826,4770,65796,0,0.0,94.52,20.4,1,453,High Risk,41-50,2023-07
USR0101,2024-08-01,28,Female,Bachelor's,Salaried,Tier 1,64883,14469,5646,1534,6741,6274,2330,4293,4946,1120,3610,8240,773,56366,4907,7.56,86.87,5.56,1,490,High Risk,22-30,2024-08
USR0102,2024-12-01,30,Female,High School,Freelancer,Tier 1,10493,3419,4419,2145,4874,5863,524,405,757,1463,312,2931,3043,29843,0,0.0,284.41,2.97,1,347,High Risk,22-30,2024-12
USR0103,2023-02-01,29,Female,Bachelor's,Business Owner,Tier 3,73538,11607,6279,632,6559,8391,3690,2092,7118,7715,9212,0,707,54790,9536,12.97,74.51,12.53,0,561,Medium Risk,22-30,2023-02
USR0104,2022-07-01,33,Male,Master's,Salaried,Tier 2,66867,23242,2673,3448,989,7350,5346,720,549,11552,10802,18514,2422,76805,0,0.0,114.86,16.15,1,462,High Risk,31-40,2022-07
USR0105,2023-08-01,55,Male,Bachelor's,Salaried,Tier 1,75040,21226,4802,3187,1484,1563,876,3776,496,2642,11249,0,4987,45039,18752,24.99,60.02,14.99,0,647,Low Risk,51-65,2023-08
USR0106,2024-08-01,54,Female,High School,Business Owner,Tier 2,63359,18135,9312,3719,1460,7159,2211,2551,172,10192,11307,0,1494,56405,0,0.0,89.02,17.85,0,563,High Risk,51-65,2024-08
USR0107,2024-07-01,44,Other,Bachelor's,Business Owner,Tier 1,81302,12813,4369,1322,2282,4248,5088,2334,104,14868,1153,0,1897,49325,30824,37.91,60.67,1.42,0,683,Low Risk,41-50,2024-07
USR0108,2023-10-01,45,Female,Master's,Salaried,Tier 2,81960,22219,6530,1453,7267,5045,3816,2675,1575,11881,8773,0,987,63448,9739,11.88,77.41,10.7,0,557,Medium Risk,41-50,2023-10
USR0109,2022-05-01,58,Female,Master's,Self-Employed,Tier 3,52496,12964,3066,2626,6850,3232,3333,4745,478,7918,3130,15102,3989,64303,0,0.0,122.49,5.96,1,496,High Risk,51-65,2022-05
USR0110,2024-07-01,56,Female,High School,Salaried,Tier 2,58151,9952,7432,845,6483,2372,2904,985,1422,1826,11035,7626,4867,46714,402,0.69,80.33,18.98,1,458,High Risk,51-65,2024-07
USR0111,2023-03-01,61,Male,Master's,Salaried,Tier 3,63581,13071,10073,1108,2369,5220,1394,4297,433,621,13872,0,2433,41019,8690,13.67,64.51,21.82,0,566,Medium Risk,51-65,2023-03
USR0112,2023-05-01,43,Male,Bachelor's,Business Owner,Tier 2,75962,24920,2687,3820,3804,2469,3275,2990,641,4813,5342,17456,786,67661,2959,3.9,89.07,7.03,1,514,High Risk,41-50,2023-05
USR0113,2023-07-01,48,Female,Bachelor's,Business Owner,Tier 1,73575,19129,2068,1138,6192,9576,1104,2357,692,1576,1751,0,3365,47197,24627,33.47,64.15,2.38,0,680,Low Risk,41-50,2023-07
USR0114,2022-10-01,56,Female,Master's,Freelancer,Tier 2,49145,11435,8774,1547,3144,818,4797,878,990,11889,3113,11718,3850,59840,0,0.0,121.76,6.33,1,476,High Risk,51-65,2022-10
USR0115,2024-10-01,22,Male,Bachelor's,Salaried,Tier 2,84775,13948,2419,1994,7338,4217,5094,3728,1382,1682,2204,5804,4809,52415,30156,35.57,61.83,2.6,1,621,Low Risk,22-30,2024-10
USR0116,2024-01-01,56,Female,Bachelor's,Business Owner,Tier 2,86755,25403,8891,1724,5858,5991,3104,3759,193,14482,6992,0,3449,72854,6909,7.96,83.98,8.06,0,549,High Risk,51-65,2024-01
USR0117,2024-04-01,58,Male,High School,Salaried,Tier 3,63813,18542,7593,2678,4845,1874,3500,570,842,1294,8586,5141,2901,49780,5447,8.54,78.01,13.45,1,540,High Risk,51-65,2024-04
USR0118,2023-03-01,35,Female,Master's,Salaried,Tier 2,73935,20170,8104,2903,6202,5942,1323,3137,800,10316,17997,0,4236,63133,0,0.0,85.39,24.34,0,520,High Risk,31-40,2023-03
USR0119,2023-08-01,24,Male,Master's,Self-Employed,Tier 3,50149,12640,5892,3491,5335,9179,5438,921,6725,4771,5007,5749,755,60896,0,0.0,121.43,9.98,1,463,High Risk,22-30,2023-08
USR0120,2023-01-01,22,Male,Bachelor's,Salaried,Tier 3,66159,15663,2439,649,4168,950,4516,4600,6067,8983,3639,0,1909,49944,12576,19.01,75.49,5.5,0,558,Medium Risk,22-30,2023-01
USR0121,2023-08-01,26,Female,Master's,Freelancer,Tier 2,63583,17081,11478,2049,4901,9044,3257,1123,4651,7826,2651,6255,4175,71840,0,0.0,112.99,4.17,1,488,High Risk,22-30,2023-08
USR0122,2024-07-01,47,Male,High School,Self-Employed,Tier 2,41172,8097,3208,1827,6402,7680,2470,1035,1886,9182,1781,10379,4590,56756,0,0.0,137.85,4.33,1,452,High Risk,41-50,2024-07
USR0123,2023-06-01,35,Female,Bachelor's,Salaried,Tier 1,70722,23921,11270,2064,6532,2440,2924,2693,1561,3308,3405,0,3507,60220,7097,10.04,85.15,4.81,0,533,Medium Risk,31-40,2023-06
USR0124,2024-04-01,60,Female,Bachelor's,Salaried,Tier 3,68634,18377,4563,549,2325,2867,2458,3179,477,3928,13079,0,1710,40433,15122,22.03,58.91,19.06,0,625,Low Risk,51-65,2024-04
USR0125,2022-04-01,48,Female,High School,Salaried,Tier 2,69816,14817,9466,3011,3807,8387,4062,2525,1126,9325,1065,7572,2786,66884,1867,2.67,95.8,1.53,1,511,High Risk,41-50,2022-04
USR0126,2023-12-01,30,Male,Bachelor's,Salaried,Tier 1,59657,14313,3253,3811,3862,747,1130,4124,532,14048,14875,0,3746,49566,0,0.0,83.08,24.93,0,532,High Risk,22-30,2023-12
USR0127,2022-09-01,36,Male,PhD,Self-Employed,Tier 1,61219,19047,5209,2005,3610,4003,3846,2624,1968,3999,7999,0,4276,50587,2633,4.3,82.63,13.07,0,525,High Risk,31-40,2022-09
USR0128,2024-08-01,36,Male,High School,Business Owner,Tier 2,69106,12599,5549,3002,7641,9259,5181,4721,591,2672,9403,3607,3706,58528,1175,1.7,84.69,13.61,1,505,High Risk,31-40,2024-08
USR0129,2024-08-01,47,Other,Bachelor's,Salaried,Tier 1,74484,15534,2614,3854,3265,9375,4557,3326,838,12078,6658,13618,4543,73602,0,0.0,98.82,8.94,1,496,High Risk,41-50,2024-08
USR0130,2023-09-01,63,Female,Bachelor's,Salaried,Tier 1,48372,13829,5078,834,4778,9335,1471,2576,1734,6486,8347,0,3833,49954,0,0.0,103.27,17.26,0,493,High Risk,51-65,2023-09
USR0131,2024-03-01,34,Female,Bachelor's,Self-Employed,Tier 2,39452,8407,5490,1875,4270,978,4012,653,1345,4407,4649,0,2606,34043,760,1.93,86.29,11.78,0,505,High Risk,31-40,2024-03
USR0132,2024-12-01,53,Female,PhD,Business Owner,Tier 1,94715,29219,5543,1167,3192,3260,997,3659,548,5199,7791,18311,1661,72756,14168,14.96,76.82,8.23,1,596,Medium Risk,51-65,2024-12
USR0133,2022-08-01,60,Female,Bachelor's,Salaried,Tier 2,59459,10470,10102,2172,529,8468,5576,3701,1037,7581,3941,0,2371,52007,3511,5.9,87.47,6.63,0,554,High Risk,51-65,2022-08
USR0134,2023-07-01,53,Female,Bachelor's,Salaried,Tier 1,63061,19078,3900,2874,6007,6440,3334,3747,1479,5724,14593,16719,602,69904,0,0.0,110.85,23.14,1,453,High Risk,51-65,2023-07
USR0135,2024-05-01,25,Male,Master's,Self-Employed,Tier 1,70562,11548,7680,1515,1266,4952,3663,1348,3956,13853,5133,18529,483,68793,0,0.0,97.49,7.27,1,511,High Risk,22-30,2024-05
USR0136,2023-07-01,51,Female,High School,Salaried,Tier 2,50579,7714,8751,835,7810,1868,2787,722,875,3968,5518,12921,440,48691,0,0.0,96.27,10.91,1,496,High Risk,51-65,2023-07
USR0137,2022-05-01,58,Male,Bachelor's,Salaried,Tier 2,48015,15827,7862,1165,1114,2726,616,4777,1414,6260,4205,0,4462,46223,0,0.0,96.27,8.76,0,496,High Risk,51-65,2022-05
USR0138,2023-10-01,44,Female,Bachelor's,Freelancer,Tier 1,64355,17135,3712,3542,1504,4112,4333,321,677,14271,1386,0,4856,54463,8506,13.22,84.63,2.15,0,571,Medium Risk,41-50,2023-10
USR0139,2024-11-01,60,Female,Bachelor's,Self-Employed,Tier 1,48022,10582,4329,580,2621,6062,2555,3818,1196,990,2232,0,2395,35128,10662,22.2,73.15,4.65,0,587,Low Risk,51-65,2024-11
USR0140,2022-10-01,36,Female,PhD,Self-Employed,Tier 2,61527,12091,3194,2634,3626,1559,5141,4876,661,13352,2914,10702,900,58736,0,0.0,95.46,4.74,1,466,High Risk,31-40,2022-10
USR0141,2023-03-01,64,Male,Master's,Freelancer,Tier 1,63829,17449,8781,2299,3509,2144,1097,3922,683,4763,11068,8849,2870,56366,0,0.0,88.31,17.34,1,482,High Risk,51-65,2023-03
USR0142,2022-02-01,50,Male,Bachelor's,Freelancer,Tier 1,44924,11311,10162,757,4319,5765,252,3283,1104,8269,4566,0,2119,47341,0,0.0,105.38,10.16,0,507,High Risk,41-50,2022-02
USR0143,2023-10-01,57,Male,Master's,Salaried,Tier 1,69492,24205,6906,1490,523,2311,805,2372,335,9450,13585,9280,4560,62237,0,0.0,89.56,19.55,1,484,High Risk,51-65,2023-10
USR0144,2024-11-01,34,Male,High School,Salaried,Tier 3,58862,20404,3378,684,4559,2693,3877,2906,224,1697,10432,6068,2748,49238,0,0.0,83.65,17.72,1,506,High Risk,31-40,2024-11
USR0145,2023-07-01,53,Male,High School,Salaried,Tier 3,63668,17636,11504,2215,3593,667,4747,3507,870,12135,3056,0,2526,59400,1212,1.9,93.3,4.8,0,548,High Risk,51-65,2023-07
USR0146,2022-12-01,28,Female,Bachelor's,Salaried,Tier 3,60332,14393,2749,3245,7071,7942,660,3842,5425,2404,8490,0,2996,50727,1115,1.85,84.08,14.07,0,546,High Risk,22-30,2022-12
USR0147,2024-10-01,43,Female,Bachelor's,Freelancer,Tier 2,60159,14933,7292,622,5651,4682,974,3017,1893,5769,11173,0,2406,47239,1747,2.9,78.52,18.57,0,569,High Risk,41-50,2024-10
USR0148,2023-08-01,49,Male,Bachelor's,Business Owner,Tier 2,62913,18024,2300,3667,3410,8845,5456,4701,187,2150,9956,4653,4794,58187,0,0.0,92.49,15.83,1,484,High Risk,41-50,2023-08
USR0149,2022-07-01,23,Male,Bachelor's,Student,Tier 2,29078,4952,6695,1104,6982,3044,5691,1684,118,12967,4361,7246,1810,52293,0,0.0,179.84,15.0,1,412,High Risk,22-30,2022-07
USR0150,2023-12-01,63,Male,PhD,Self-Employed,Tier 2,63283,13648,6624,3062,2470,4368,4230,476,642,3691,11701,5931,687,45829,5753,9.09,72.42,18.49,1,530,High Risk,51-65,2023-12
USR0151,2022-03-01,27,Female,Bachelor's,Salaried,Tier 1,73978,12210,5837,1403,6600,9006,3527,1448,7081,527,1050,0,664,48303,24625,33.29,65.29,1.42,0,639,Low Risk,22-30,2022-03
USR0152,2022-06-01,49,Female,Bachelor's,Salaried,Tier 2,64136,10561,2277,2037,2038,6450,5356,1324,962,14632,11727,0,4523,50160,2249,3.51,78.21,18.28,0,546,High Risk,41-50,2022-06
USR0153,2024-09-01,49,Female,High School,Business Owner,Tier 3,66616,12601,5917,2481,7155,9414,5973,3101,967,6760,4540,9969,865,65203,0,0.0,97.88,6.82,1,453,High Risk,41-50,2024-09
USR0154,2024-10-01,41,Female,High School,Self-Employed,Tier 2,53302,13168,9307,1894,3641,2809,3522,1857,493,3250,7620,3462,1689,45092,590,1.11,84.6,14.3,1,488,High Risk,41-50,2024-10
USR0155,2024-09-01,51,Other,Bachelor's,Self-Employed,Tier 2,63145,19382,4161,2852,5267,7130,2894,1953,1886,11396,3825,8770,998,66689,0,0.0,105.61,6.06,1,452,High Risk,51-65,2024-09
USR0156,2024-05-01,32,Female,Bachelor's,Freelancer,Tier 1,53135,13129,3389,3928,4469,7186,3718,4802,310,3379,11142,12908,3000,60218,0,0.0,113.33,20.97,1,447,High Risk,31-40,2024-05
USR0157,2023-11-01,49,Male,Master's,Freelancer,Tier 2,46762,10151,10882,3719,7755,2523,5578,3858,520,4857,5617,9530,3498,62871,0,0.0,134.45,12.01,1,464,High Risk,41-50,2023-11
USR0158,2022-04-01,46,Female,High School,Business Owner,Tier 2,68127,11341,6732,1808,3424,849,5642,3602,1604,12417,10950,0,3440,50859,6318,9.27,74.65,16.07,0,554,High Risk,41-50,2022-04
USR0159,2022-05-01,60,Male,High School,Salaried,Tier 3,54967,14294,5468,3204,1070,9515,684,4532,1563,11365,10912,5384,3555,60634,0,0.0,110.31,19.85,1,483,High Risk,51-65,2022-05
USR0160,2024-10-01,54,Female,Bachelor's,Freelancer,Tier 1,47669,9736,8141,2365,5359,9129,4387,951,1934,3332,10669,9912,4129,59375,0,0.0,124.56,22.38,1,450,High Risk,51-65,2024-10
USR0161,2023-04-01,22,Male,Bachelor's,Business Owner,Tier 3,85997,23476,7969,2441,1742,8860,1387,364,6392,3609,15738,0,4557,60797,9462,11.0,70.7,18.3,0,605,Medium Risk,22-30,2023-04
USR0162,2022-03-01,48,Female,High School,Salaried,Tier 2,38880,13430,5816,2809,1212,8453,3927,1892,1498,12984,1446,8225,4073,64319,0,0.0,165.43,3.72,1,421,High Risk,41-50,2022-03
USR0163,2023-02-01,34,Female,Master's,Self-Employed,Tier 3,65674,11313,11131,2097,7232,3801,5654,2156,745,12288,14030,0,1059,57476,0,0.0,87.52,21.36,0,482,High Risk,31-40,2023-02
USR0164,2024-09-01,62,Female,High School,Salaried,Tier 2,52680,10136,7037,990,5362,4618,4196,4060,30,12387,8146,9502,563,58881,0,0.0,111.77,15.46,1,471,High Risk,51-65,2024-09
USR0165,2024-04-01,24,Female,Bachelor's,Student,Tier 2,16291,3985,7994,3285,6378,7319,3192,2975,2441,10152,2482,3738,4132,55591,0,0.0,341.24,15.24,1,300,High Risk,22-30,2024-04
USR0166,2023-03-01,60,Male,Bachelor's,Salaried,Tier 2,57060,19612,11938,1554,1793,3269,1909,3489,1255,6258,13142,15637,2345,69059,0,0.0,121.03,23.03,1,437,High Risk,51-65,2023-03
USR0167,2022-04-01,27,Male,High School,Self-Employed,Tier 2,46283,14086,4451,1201,3366,4999,2189,1968,1017,3421,2879,11260,3031,50989,0,0.0,110.17,6.22,1,443,High Risk,22-30,2022-04
USR0168,2023-08-01,29,Male,Bachelor's,Salaried,Tier 3,34191,11270,2024,3434,2174,2680,4473,2623,4501,1933,2047,0,4878,39990,0,0.0,116.96,5.99,0,455,High Risk,22-30,2023-08
USR0169,2024-01-01,48,Male,Master's,Freelancer,Tier 1,49389,10704,7962,1791,6721,3845,4545,4726,496,4928,6336,7792,3772,57282,0,0.0,115.98,12.83,1,450,High Risk,41-50,2024-01
USR0170,2024-11-01,30,Female,Bachelor's,Salaried,Tier 1,55993,19508,4556,2559,4163,3165,5060,3896,1589,8198,10510,0,1115,53809,0,0.0,96.1,18.77,0,487,High Risk,22-30,2024-11
USR0171,2023-10-01,58,Male,Master's,Salaried,Tier 3,74262,12666,9632,1714,6653,8923,3838,982,963,8611,8303,15252,1974,71208,0,0.0,95.89,11.18,1,468,High Risk,51-65,2023-10
USR0172,2024-11-01,54,Other,High School,Self-Employed,Tier 2,41555,6673,2060,1923,6087,9750,2914,3978,1198,4036,6585,0,3565,42184,0,0.0,101.51,15.85,0,521,High Risk,51-65,2024-11
USR0173,2024-04-01,63,Female,Master's,Business Owner,Tier 2,85279,27384,9675,2060,1859,3042,4386,1154,297,7363,9647,5103,350,62673,12959,15.2,73.49,11.31,1,550,Medium Risk,51-65,2024-04
USR0174,2022-10-01,45,Female,Bachelor's,Salaried,Tier 2,75338,25272,2122,2441,1135,9825,538,2192,1814,1681,11496,0,3420,50440,13402,17.79,66.95,15.26,0,550,Medium Risk,41-50,2022-10
USR0175,2023-04-01,36,Male,Master's,Salaried,Tier 1,77954,13105,7616,2638,1709,5940,1861,1859,1388,3905,16024,0,3221,43242,18688,23.97,55.47,20.56,0,614,Low Risk,31-40,2023-04
USR0176,2023-11-01,53,Female,Bachelor's,Freelancer,Tier 3,55218,9535,3186,1099,7788,8648,4464,340,1109,14563,2491,0,4437,55169,0,0.0,99.91,4.51,0,482,High Risk,51-65,2023-11
USR0177,2023-07-01,53,Female,PhD,Self-Employed,Tier 2,66001,10338,7158,2309,7235,7610,3894,919,576,12866,11473,14219,4017,71141,0,0.0,107.79,17.38,1,464,High Risk,51-65,2023-07
USR0178,2022-01-01,45,Female,Bachelor's,Business Owner,Tier 1,84344,14414,9864,2848,7361,4380,5075,1850,1112,14655,16603,0,1270,62829,4912,5.82,74.49,19.68,0,578,High Risk,41-50,2022-01
USR0179,2022-01-01,62,Female,High School,Salaried,Tier 1,53128,10194,11922,1634,3112,3237,369,3773,53,14680,5938,0,3643,52617,0,0.0,99.04,11.18,0,494,High Risk,51-65,2022-01
USR0180,2024-02-01,33,Female,High School,Self-Employed,Tier 3,46431,15972,6089,579,6287,2931,4433,3674,1653,4414,3752,0,4389,50421,0,0.0,108.59,8.08,0,469,High Risk,31-40,2024-02
USR0181,2024-10-01,60,Male,Master's,Salaried,Tier 1,73277,20779,4472,1335,1797,1887,3299,1215,1384,12984,248,0,960,50112,22917,31.27,68.39,0.34,0,641,Low Risk,51-65,2024-10
USR0182,2022-02-01,23,Female,Bachelor's,Salaried,Tier 3,58224,17799,9450,1151,7053,3865,4814,4583,7916,11883,11602,0,4651,73165,0,0.0,125.66,19.93,0,518,High Risk,22-30,2022-02
USR0183,2024-04-01,24,Male,Master's,Freelancer,Tier 1,66944,20433,4964,2980,857,2939,5717,542,6423,10475,5488,4003,4827,64160,0,0.0,95.84,8.2,1,499,High Risk,22-30,2024-04
USR0184,2023-08-01,58,Male,Bachelor's,Self-Employed,Tier 2,54718,14063,10104,916,6266,1816,3212,3383,778,4222,4887,0,2939,47699,2132,3.9,87.17,8.93,0,473,High Risk,51-65,2023-08
USR0185,2024-03-01,38,Male,Bachelor's,Freelancer,Tier 3,52946,16386,3310,3785,6741,5704,2810,2901,1854,13013,4447,3977,2217,62698,0,0.0,118.42,8.4,1,441,High Risk,31-40,2024-03
USR0186,2024-04-01,23,Male,High School,Salaried,Tier 2,66644,17937,10346,1970,5602,5504,2673,1175,1399,3142,8309,0,1116,50864,7471,11.21,76.32,12.47,0,563,Medium Risk,22-30,2024-04
USR0187,2024-07-01,23,Male,PhD,Salaried,Tier 2,85253,18151,4212,2565,740,1184,5455,2783,2519,8077,14972,9502,4143,59331,10950,12.84,69.59,17.56,1,554,Medium Risk,22-30,2024-07
USR0188,2022-07-01,49,Male,Master's,Salaried,Tier 2,58728,15399,11454,1577,3104,6940,3961,3320,1782,14349,11332,13833,3660,79379,0,0.0,135.16,19.3,1,454,High Risk,41-50,2022-07
USR0189,2022-08-01,44,Other,PhD,Student,Tier 1,40559,10411,8792,2403,7354,3587,2888,2023,984,4211,3980,0,1692,44345,0,0.0,109.33,9.81,0,466,High Risk,41-50,2022-08
USR0190,2024-08-01,58,Female,Bachelor's,Salaried,Tier 1,69805,21966,11554,1245,4564,2613,5004,4626,372,3460,11571,0,3821,59225,0,0.0,84.84,16.58,0,499,High Risk,51-65,2024-08
USR0191,2022-11-01,53,Other,Bachelor's,Salaried,Tier 3,70134,24290,11129,2502,2326,1457,1490,4660,468,5330,12636,0,926,54578,2920,4.16,77.82,18.02,0,583,High Risk,51-65,2022-11
USR0192,2024-02-01,54,Male,Master's,Salaried,Tier 3,61093,14186,10703,739,7781,6278,2235,210,419,5958,4534,0,1809,50318,6241,10.22,82.36,7.42,0,551,Medium Risk,51-65,2024-02
USR0193,2024-01-01,22,Male,Bachelor's,Self-Employed,Tier 2,50743,15358,10378,3393,4058,8579,306,4804,6127,10271,1225,6644,4948,74866,0,0.0,147.54,2.41,1,459,High Risk,22-30,2024-01
USR0194,2022-07-01,40,Female,Master's,Salaried,Tier 2,77956,13248,3845,2444,4360,6528,2807,2827,531,2119,17436,20462,1139,60310,210,0.27,77.36,22.37,1,510,High Risk,31-40,2022-07
USR0195,2023-08-01,23,Male,PhD,Business Owner,Tier 1,87905,26843,9660,2965,5860,6200,2385,1668,552,6638,14880,19949,287,83007,0,0.0,94.43,16.93,1,511,High Risk,22-30,2023-08
USR0196,2024-06-01,47,Male,Master's,Salaried,Tier 1,67602,15162,3702,1355,4751,3594,1888,1313,987,11658,10953,0,762,45172,11477,16.98,66.82,16.2,0,583,Medium Risk,41-50,2024-06
USR0197,2022-01-01,53,Female,Master's,Business Owner,Tier 2,99607,15725,2390,3146,4947,3307,205,821,1207,7180,1466,0,1468,40396,57745,57.97,40.56,1.47,0,730,Low Risk,51-65,2022-01
USR0198,2023-06-01,27,Male,Bachelor's,Salaried,Tier 3,62617,13941,2654,2296,4639,8082,722,1100,729,13007,12803,0,1690,48860,954,1.52,78.03,20.45,0,497,High Risk,22-30,2023-06
USR0199,2022-08-01,53,Female,Bachelor's,Freelancer,Tier 2,42185,11479,7835,2271,7235,9512,5974,3947,561,2840,5969,7804,4737,64195,0,0.0,152.17,14.15,1,443,High Risk,51-65,2022-08
USR0200,2024-05-01,25,Female,PhD,Business Owner,Tier 3,86979,15121,6271,3694,7979,1387,3543,4264,3997,9919,18437,22288,3279,81742,0,0.0,93.98,21.2,1,513,High Risk,22-30,2024-05
USR0201,2023-10-01,32,Male,High School,Salaried,Tier 1,57661,19305,10955,919,637,6515,4095,1671,1639,2228,14048,0,1772,49736,0,0.0,86.26,24.36,0,533,High Risk,31-40,2023-10
USR0202,2024-08-01,38,Male,Master's,Student,Tier 2,19334,3200,5400,2763,4234,5924,265,3303,1729,4085,4626,3577,4854,39334,0,0.0,203.44,23.93,1,402,High Risk,31-40,2024-08
USR0203,2023-02-01,59,Female,Master's,Self-Employed,Tier 1,61021,20503,7319,3991,2467,4493,3610,526,1406,701,13059,0,3371,48387,0,0.0,79.3,21.4,0,505,High Risk,51-65,2023-02
USR0204,2022-02-01,45,Male,Bachelor's,Student,Tier 2,25665,7479,8732,1208,7079,3584,3181,273,368,6485,70,5572,3000,46961,0,0.0,182.98,0.27,1,426,High Risk,41-50,2022-02
USR0205,2024-11-01,26,Male,PhD,Freelancer,Tier 1,72393,15632,8674,3098,5349,1375,4793,450,5684,6675,16030,0,3613,55343,1020,1.41,76.45,22.14,0,553,High Risk,22-30,2024-11
USR0206,2022-07-01,55,Other,Bachelor's,Salaried,Tier 3,68340,15591,3085,3513,642,5769,5788,2697,1292,3660,1282,3753,1457,47247,19811,28.99,69.14,1.88,1,604,Low Risk,51-65,2022-07
USR0207,2022-03-01,27,Male,Bachelor's,Salaried,Tier 1,57287,17080,7446,3799,7667,8008,3015,2602,174,11965,12190,0,4985,66741,0,0.0,116.5,21.28,0,544,High Risk,22-30,2022-03
USR0208,2023-03-01,43,Female,High School,Salaried,Tier 3,64427,17414,6376,3808,6442,4496,5296,4828,1352,2213,4512,18640,4772,75637,0,0.0,117.4,7.0,1,516,High Risk,41-50,2023-03
USR0209,2024-10-01,32,Other,Bachelor's,Salaried,Tier 2,60603,17231,3963,2167,7966,1056,5958,495,1818,8372,9242,0,4980,54006,0,0.0,89.11,15.25,0,529,High Risk,31-40,2024-10
USR0210,2023-10-01,37,Male,Bachelor's,Salaried,Tier 3,53114,12101,11977,1853,4133,5793,2217,497,1415,8339,505,0,2619,50944,1665,3.13,95.91,0.95,0,525,High Risk,31-40,2023-10
USR0211,2023-06-01,54,Male,Bachelor's,Salaried,Tier 2,61623,15255,7177,2535,6905,9400,1942,501,1733,7359,11880,0,1343,54150,0,0.0,87.87,19.28,0,539,High Risk,51-65,2023-06
USR0212,2023-06-01,30,Male,Master's,Salaried,Tier 3,81505,28361,6572,3380,3059,1217,5920,4807,1457,1252,2276,23295,4837,84157,0,0.0,103.25,2.79,1,488,High Risk,22-30,2023-06
USR0213,2024-10-01,27,Male,PhD,Freelancer,Tier 1,63321,12207,9543,1179,7316,4165,3709,784,3839,13804,6501,17123,4474,78143,0,0.0,123.41,10.27,1,460,High Risk,22-30,2024-10
USR0214,2024-12-01,37,Male,High School,Salaried,Tier 2,55100,12869,10907,986,4657,7047,4281,3824,1218,614,11260,0,3365,49768,0,0.0,90.32,20.44,0,523,High Risk,31-40,2024-12
USR0215,2023-06-01,50,Female,Bachelor's,Salaried,Tier 3,76097,15855,2242,1122,6186,5696,3734,1834,1945,5841,13228,9303,2814,56572,6297,8.27,74.34,17.38,1,516,High Risk,41-50,2023-06
USR0216,2024-05-01,24,Male,PhD,Self-Employed,Tier 1,58549,17741,8510,1938,6042,2519,5336,252,4201,4480,88,5144,947,57110,1351,2.31,97.54,0.15,1,498,High Risk,22-30,2024-05
USR0217,2022-12-01,41,Female,High School,Salaried,Tier 1,44715,13539,5915,718,6015,8982,5785,2476,916,6825,4505,0,3689,54860,0,0.0,122.69,10.07,0,486,High Risk,41-50,2022-12
USR0218,2023-06-01,57,Other,High School,Salaried,Tier 2,42073,8771,11715,3268,2519,2683,2982,2887,204,3318,441,0,2833,41180,452,1.07,97.88,1.05,0,479,High Risk,51-65,2023-06
USR0219,2024-07-01,40,Female,High School,Salaried,Tier 3,57981,9640,2837,2928,6674,4379,562,3044,1843,968,9762,4330,3688,40893,7326,12.64,70.53,16.84,1,531,Medium Risk,31-40,2024-07
USR0220,2023-03-01,47,Female,Bachelor's,Student,Tier 2,24331,3705,5323,2634,7997,3436,3481,4790,1674,925,5893,5337,2047,41349,0,0.0,169.94,24.22,1,435,High Risk,41-50,2023-03
USR0221,2024-06-01,24,Male,High School,Business Owner,Tier 2,84341,19861,4953,1984,7592,7191,1834,2918,4490,8641,13816,0,4225,63689,6836,8.11,75.51,16.38,0,572,High Risk,22-30,2024-06
USR0222,2024-12-01,40,Female,PhD,Salaried,Tier 1,78947,18321,11537,3362,3349,7545,724,4135,1080,2075,4428,0,1345,53473,21046,26.66,67.73,5.61,0,626,Low Risk,31-40,2024-12
USR0223,2024-04-01,41,Female,Bachelor's,Freelancer,Tier 1,44766,15564,3432,2958,1692,3313,5126,862,1133,10557,3975,0,2304,46941,0,0.0,104.86,8.88,0,498,High Risk,41-50,2024-04
USR0224,2023-03-01,53,Male,Bachelor's,Self-Employed,Tier 3,56014,13665,8854,1190,2813,1737,1922,207,685,1333,13676,10837,4056,47299,0,0.0,84.44,24.42,1,492,High Risk,51-65,2023-03
USR0225,2024-09-01,28,Male,Bachelor's,Freelancer,Tier 1,48941,9851,9655,2529,2855,5341,619,3883,5586,14816,2741,0,2968,58103,0,0.0,118.72,5.6,0,482,High Risk,22-30,2024-09
USR0226,2022-02-01,62,Female,Bachelor's,Freelancer,Tier 2,34625,11365,10431,1512,3006,3543,4428,3287,717,4606,4860,5737,4259,52891,0,0.0,152.75,14.04,1,435,High Risk,51-65,2022-02
USR0227,2022-08-01,54,Male,Master's,Self-Employed,Tier 3,84682,21019,10330,3072,7852,6972,4064,4961,224,4203,8477,0,2008,64705,11500,13.58,76.41,10.01,0,566,Medium Risk,51-65,2022-08
USR0228,2024-09-01,61,Male,Master's,Salaried,Tier 1,74158,20010,10611,946,833,3587,1267,868,1409,1908,14244,0,609,42048,17866,24.09,56.7,19.21,0,602,Low Risk,51-65,2024-09
USR0229,2024-11-01,60,Male,Master's,Salaried,Tier 2,71680,12123,2303,2847,3062,4058,1600,3364,63,3981,15543,0,845,34246,21891,30.54,47.78,21.68,0,625,Low Risk,51-65,2024-11
USR0230,2023-06-01,39,Male,Bachelor's,Self-Employed,Tier 1,60921,13803,4162,2955,7084,5793,1619,1485,1787,6685,5191,13034,4120,62527,0,0.0,102.64,8.52,1,488,High Risk,31-40,2023-06
USR0231,2024-02-01,61,Female,PhD,Business Owner,Tier 2,99675,33774,8486,874,3220,9390,3333,3820,947,6321,16456,0,1751,71916,11303,11.34,72.15,16.51,0,600,Medium Risk,51-65,2024-02
USR0232,2023-09-01,22,Female,Master's,Self-Employed,Tier 1,61875,16576,6102,2780,2938,3353,3836,360,6125,10862,8493,7474,1313,61719,0,0.0,99.75,13.73,1,479,High Risk,22-30,2023-09
USR0233,2024-04-01,32,Female,Master's,Business Owner,Tier 2,81950,17938,8874,2422,2295,2345,4202,2598,1802,7344,5704,0,3787,53607,22639,27.63,65.41,6.96,0,645,Low Risk,31-40,2024-04
USR0234,2023-08-01,49,Male,High School,Student,Tier 1,19795,5446,3168,1137,7578,6862,829,3445,1925,6895,1345,2146,261,39692,0,0.0,200.52,6.79,1,397,High Risk,41-50,2023-08
USR0235,2023-08-01,46,Male,High School,Salaried,Tier 2,58085,19288,2415,2270,7203,7156,4616,217,1375,13760,7821,0,1435,59735,0,0.0,102.84,13.46,0,500,High Risk,41-50,2023-08
USR0236,2022-04-01,44,Female,Bachelor's,Freelancer,Tier 2,41520,8503,7243,3197,753,8066,5450,2733,1486,9295,1598,11123,4543,62392,0,0.0,150.27,3.85,1,415,High Risk,41-50,2022-04
USR0237,2024-12-01,52,Male,Master's,Freelancer,Tier 1,66352,16655,2149,3508,4157,3682,2034,4646,1867,712,13449,11698,1927,53035,0,0.0,79.93,20.27,1,479,High Risk,51-65,2024-12
USR0238,2024-10-01,51,Male,Bachelor's,Student,Tier 2,25346,8661,8524,3620,1923,963,5518,2775,319,12593,437,0,4792,49688,0,0.0,196.04,1.72,0,397,High Risk,51-65,2024-10
USR0239,2023-01-01,63,Female,Bachelor's,Student,Tier 1,28838,5320,7899,2733,3737,4360,5200,2517,356,6911,681,0,4754,43787,0,0.0,151.84,2.36,0,455,High Risk,51-65,2023-01
USR0240,2024-07-01,56,Male,Master's,Freelancer,Tier 2,66135,19439,2838,3776,3831,6260,4331,3118,92,12430,5658,5056,3166,64337,0,0.0,97.28,8.56,1,470,High Risk,51-65,2024-07
USR0241,2022-07-01,28,Female,Master's,Salaried,Tier 1,70175,19150,8144,2625,1527,7760,2553,1253,2923,11446,2071,0,3560,60941,7163,10.21,86.84,2.95,0,547,Medium Risk,22-30,2022-07
USR0242,2023-05-01,37,Male,PhD,Freelancer,Tier 2,64535,18452,11888,2004,6507,950,5886,515,1323,13327,7674,9812,1612,72276,0,0.0,112.0,11.89,1,475,High Risk,31-40,2023-05
USR0243,2022-12-01,47,Male,Bachelor's,Salaried,Tier 1,69480,15302,11613,3957,2666,2415,3255,2411,1749,5301,6942,0,3784,52453,10085,14.51,75.49,9.99,0,596,Medium Risk,41-50,2022-12
USR0244,2024-06-01,23,Male,Master's,Freelancer,Tier 2,49201,10468,9466,693,5591,9615,3140,519,4339,2258,8878,6734,1933,54756,0,0.0,111.29,18.04,1,482,High Risk,22-30,2024-06
USR0245,2024-10-01,22,Other,Bachelor's,Business Owner,Tier 1,80432,23071,3320,3674,4494,4122,211,4727,4408,6280,19163,20839,3830,78976,0,0.0,98.19,23.83,1,500,High Risk,22-30,2024-10
USR0246,2023-10-01,33,Female,High School,Salaried,Tier 2,56004,10814,3523,1899,969,7576,2330,2915,1618,13946,10550,0,4069,49659,0,0.0,88.67,18.84,0,536,High Risk,31-40,2023-10
USR0247,2023-09-01,26,Female,High School,Self-Employed,Tier 1,40351,9439,7234,2834,6089,815,3303,833,3952,13285,1810,2785,2691,53260,0,0.0,131.99,4.49,1,404,High Risk,22-30,2023-09
USR0248,2022-09-01,58,Female,Bachelor's,Salaried,Tier 3,81541,15299,8144,2005,7428,5266,1631,1905,1634,11760,19070,4723,2239,62034,437,0.54,76.08,23.39,1,552,High Risk,51-65,2022-09
USR0249,2022-12-01,53,Male,Bachelor's,Salaried,Tier 3,51741,7847,2552,2246,6483,5293,3357,872,1816,9473,5072,0,1507,41446,5223,10.09,80.1,9.8,0,555,Medium Risk,51-65,2022-12
USR0250,2023-05-01,30,Female,Master's,Salaried,Tier 1,59615,20508,5756,749,6119,1876,1634,2479,433,14697,7067,0,4212,58463,0,0.0,98.07,11.85,0,512,High Risk,22-30,2023-05
USR0251,2023-04-01,62,Male,High School,Freelancer,Tier 2,50513,11938,5671,1724,1593,3315,1156,3747,1125,12913,5323,8126,1924,53232,0,0.0,105.38,10.54,1,449,High Risk,51-65,2023-04
USR0252,2022-05-01,56,Female,Master's,Student,Tier 1,35706,12278,2481,1035,5289,1762,4058,670,840,12122,2504,0,4890,45425,0,0.0,127.22,7.01,0,463,High Risk,51-65,2022-05
USR0253,2023-07-01,40,Male,Bachelor's,Student,Tier 2,14792,2633,2599,2847,3412,9819,5008,3431,1401,2026,3309,1657,2655,37488,0,0.0,253.43,22.37,1,370,High Risk,31-40,2023-07
USR0254,2024-04-01,37,Female,Bachelor's,Salaried,Tier 2,67858,18150,9677,1606,7419,3425,3834,2807,1606,1340,5636,8629,1141,59634,2588,3.81,87.88,8.31,1,517,High Risk,31-40,2024-04
USR0255,2023-05-01,24,Male,Bachelor's,Business Owner,Tier 2,91742,17448,11356,3356,5989,9744,4103,3532,5507,13770,13270,0,2236,77041,1431,1.56,83.98,14.46,0,567,High Risk,22-30,2023-05
USR0256,2023-10-01,41,Male,Bachelor's,Freelancer,Tier 2,47757,14709,11195,957,6640,3968,5575,2820,1361,1841,2865,8271,2013,59350,0,0.0,124.27,6.0,1,441,High Risk,41-50,2023-10
USR0257,2024-11-01,45,Female,Bachelor's,Salaried,Tier 1,83790,25701,3982,3238,680,4521,440,4897,1023,12799,16703,0,3261,60542,6545,7.81,72.25,19.93,0,552,High Risk,41-50,2024-11
USR0258,2023-03-01,54,Male,Bachelor's,Salaried,Tier 2,49207,8489,3634,3869,4567,4909,2155,1582,897,2000,9523,7067,2594,41763,0,0.0,84.87,19.35,1,480,High Risk,51-65,2023-03
USR0259,2023-07-01,45,Male,High School,Salaried,Tier 1,60550,20127,9830,1887,3576,1047,2212,4575,883,14105,4485,0,4567,62809,0,0.0,103.73,7.41,0,524,High Risk,41-50,2023-07
USR0260,2024-02-01,32,Male,High School,Business Owner,Tier 2,81332,15365,4997,3265,1720,5391,5191,1385,777,8621,13858,7465,1484,55661,11813,14.52,68.44,17.04,1,560,Medium Risk,31-40,2024-02
USR0261,2024-11-01,29,Male,Bachelor's,Self-Employed,Tier 2,63130,17208,2686,539,4642,4023,4265,2110,5575,6059,11108,17618,595,65320,0,0.0,103.47,17.6,1,511,High Risk,22-30,2024-11
USR0262,2023-11-01,57,Female,PhD,Freelancer,Tier 2,60365,20954,7529,3911,4123,7542,5771,1115,1665,6426,8489,16551,3963,79550,0,0.0,131.78,14.06,1,465,High Risk,51-65,2023-11
USR0263,2022-10-01,59,Female,Bachelor's,Salaried,Tier 1,60676,19809,3759,2039,5229,6105,3003,1817,1083,9207,9110,0,4449,56500,0,0.0,93.12,15.01,0,514,High Risk,51-65,2022-10
USR0264,2023-10-01,61,Female,Master's,Freelancer,Tier 1,58553,19984,9023,2655,5759,606,4103,1883,812,12154,8409,0,1290,58269,0,0.0,99.51,14.36,0,522,High Risk,51-65,2023-10
USR0265,2022-11-01,41,Female,Master's,Salaried,Tier 1,76526,16722,8208,3887,6284,9548,1224,2625,1532,14491,1566,0,3088,67609,7351,9.61,88.35,2.05,0,585,High Risk,41-50,2022-11
USR0266,2024-02-01,56,Male,PhD,Salaried,Tier 1,81819,14000,9234,3685,2063,3484,800,625,391,11771,13710,0,1922,47975,20134,24.61,58.64,16.76,0,599,Low Risk,51-65,2024-02
USR0267,2022-01-01,46,Female,Master's,Self-Employed,Tier 1,71320,13384,4480,3738,6046,5968,2529,1987,1977,8175,8376,0,4643,52927,10017,14.05,74.21,11.74,0,554,Medium Risk,41-50,2022-01
USR0268,2024-12-01,56,Male,Bachelor's,Salaried,Tier 3,54849,13717,11529,760,5184,6352,2898,2784,1142,9839,6012,14123,4206,72534,0,0.0,132.24,10.96,1,452,High Risk,51-65,2024-12
USR0269,2023-09-01,46,Male,Master's,Business Owner,Tier 3,85177,26289,9476,2141,4132,1750,4894,4848,1798,12135,18313,8035,1286,76784,0,0.0,90.15,21.5,1,573,High Risk,41-50,2023-09
USR0270,2022-08-01,50,Female,Master's,Salaried,Tier 2,62479,11248,9770,1747,6473,7239,3226,368,1494,6957,362,0,1504,50026,12091,19.35,80.07,0.58,0,575,Medium Risk,41-50,2022-08
USR0271,2023-08-01,39,Male,Bachelor's,Freelancer,Tier 2,44911,12662,2114,3833,2857,6632,1342,714,1351,3756,2821,0,3312,38573,3517,7.83,85.89,6.28,0,523,High Risk,31-40,2023-08
USR0272,2023-05-01,39,Female,Bachelor's,Salaried,Tier 1,71121,15270,2568,3822,6917,2111,1211,3635,20,3094,2158,17570,1214,57432,11531,16.21,80.75,3.03,1,561,Medium Risk,31-40,2023-05
USR0273,2023-03-01,23,Male,High School,Self-Employed,Tier 3,48863,10663,11745,3073,2062,8428,5824,4725,7010,4156,431,6995,4572,69253,0,0.0,141.73,0.88,1,467,High Risk,22-30,2023-03
USR0274,2023-09-01,56,Female,Master's,Salaried,Tier 1,90854,25655,9951,3257,5435,2290,1303,2816,1838,10240,6261,12677,420,75882,8711,9.59,83.52,6.89,1,551,High Risk,51-65,2023-09
USR0275,2022-01-01,37,Female,Master's,Salaried,Tier 3,71547,17414,4689,625,1913,7717,1846,2577,512,2586,17680,0,4005,43884,9983,13.95,61.34,24.71,0,606,Medium Risk,31-40,2022-01
USR0276,2022-03-01,62,Female,High School,Business Owner,Tier 2,72477,22642,6590,1729,3006,1367,1900,890,907,3655,4896,10578,1326,54590,12991,17.92,75.32,6.76,1,534,Medium Risk,51-65,2022-03
USR0277,2024-07-01,57,Female,Bachelor's,Salaried,Tier 1,63849,11568,5340,3711,5328,3269,5252,3404,714,7688,10594,7147,3456,56877,0,0.0,89.08,16.59,1,473,High Risk,51-65,2024-07
USR0278,2024-07-01,54,Female,Bachelor's,Business Owner,Tier 3,74897,23067,4988,3633,7004,827,418,2704,943,6896,2215,0,2130,52610,20072,26.8,70.24,2.96,0,643,Low Risk,51-65,2024-07
USR0279,2023-09-01,25,Male,High School,Student,Tier 1,14537,2367,5151,1806,1517,4316,3788,552,5897,11042,2187,3641,2322,42399,0,0.0,291.66,15.04,1,338,High Risk,22-30,2023-09
USR0280,2023-11-01,54,Female,PhD,Salaried,Tier 2,86022,16241,5015,2601,7736,3648,926,1317,349,1478,21171,5798,672,45781,19070,22.17,53.22,24.61,1,570,Low Risk,51-65,2023-11
USR0281,2023-05-01,35,Male,Bachelor's,Salaried,Tier 2,63911,17973,11013,2893,4154,7276,5785,1605,1155,10997,4662,0,615,63466,0,0.0,99.3,7.29,0,487,High Risk,31-40,2023-05
USR0282,2023-10-01,42,Female,High School,Freelancer,Tier 1,33652,10801,8345,635,7305,3055,4813,4139,545,12575,7134,1983,2068,56264,0,0.0,167.19,21.2,1,403,High Risk,41-50,2023-10
USR0283,2023-10-01,41,Female,Bachelor's,Student,Tier 2,15599,3128,5574,2877,7342,9822,1011,4374,598,3547,3890,2832,4312,45417,0,0.0,291.15,24.94,1,340,High Risk,41-50,2023-10
USR0284,2024-12-01,29,Female,Master's,Business Owner,Tier 2,83398,17967,9838,3715,6050,4836,5656,877,4257,3089,12271,9528,1733,67546,3581,4.29,80.99,14.71,1,535,High Risk,22-30,2024-12
USR0285,2022-08-01,28,Male,High School,Self-Employed,Tier 2,48590,12508,3608,1959,7528,2982,5109,750,7739,2506,3758,6154,1662,52505,0,0.0,108.06,7.73,1,457,High Risk,22-30,2022-08
USR0286,2022-08-01,24,Male,Master's,Freelancer,Tier 1,64548,12413,2559,3853,1257,3599,4909,1019,5612,7283,10868,0,2065,44569,9111,14.12,69.05,16.84,0,580,Medium Risk,22-30,2022-08
USR0287,2023-02-01,38,Female,Bachelor's,Salaried,Tier 3,52276,16322,8621,635,4279,6286,4721,413,1859,6442,11041,14730,4209,68517,0,0.0,131.07,21.12,1,447,High Risk,31-40,2023-02
USR0288,2023-12-01,54,Male,High School,Student,Tier 1,12441,3791,9126,1312,7699,7232,1783,1866,824,3099,532,2832,3330,42894,0,0.0,344.78,4.28,1,334,High Risk,51-65,2023-12
USR0289,2023-10-01,33,Male,High School,Student,Tier 1,16154,2892,7565,1351,6598,8485,5730,4964,1905,3008,1827,4591,1936,49025,0,0.0,303.49,11.31,1,385,High Risk,31-40,2023-10
USR0290,2023-03-01,43,Male,Bachelor's,Salaried,Tier 1,48330,11732,6435,2244,1120,6554,4237,1093,971,13011,3856,0,3386,50783,0,0.0,105.08,7.98,0,487,High Risk,41-50,2023-03
USR0291,2023-08-01,43,Female,Bachelor's,Salaried,Tier 1,56331,17179,7650,2438,2388,1068,1082,4454,919,10831,3990,0,671,48680,3661,6.5,86.42,7.08,0,542,High Risk,41-50,2023-08
USR0292,2024-03-01,51,Female,PhD,Salaried,Tier 1,71560,15561,10803,3972,4084,2154,5994,4276,32,8971,15400,8329,3377,67553,0,0.0,94.4,21.52,1,502,High Risk,51-65,2024-03
USR0293,2024-04-01,59,Male,Master's,Salaried,Tier 3,63632,17601,3881,1370,681,7632,631,4105,898,1693,6707,17590,3126,59208,0,0.0,93.05,10.54,1,489,High Risk,51-65,2024-04
USR0294,2023-10-01,59,Male,PhD,Business Owner,Tier 1,95535,15289,6169,3439,7329,4233,4234,2986,387,6415,8098,20144,3065,73690,13747,14.39,77.13,8.48,1,583,Medium Risk,51-65,2023-10
USR0295,2024-07-01,29,Male,Bachelor's,Salaried,Tier 1,61715,16770,5863,1972,3228,3729,5696,2448,1364,10449,9311,0,3397,54916,0,0.0,88.98,15.09,0,526,High Risk,22-30,2024-07
USR0296,2022-09-01,48,Female,PhD,Salaried,Tier 1,72557,13098,9436,1134,2795,7311,1147,221,1861,2545,3979,0,2661,42209,26369,36.34,58.17,5.48,0,643,Low Risk,41-50,2022-09
USR0297,2023-11-01,48,Female,Bachelor's,Salaried,Tier 2,66423,20997,5708,2151,3167,8842,5684,3513,1584,8296,3817,0,3781,63723,0,0.0,95.94,5.75,0,544,High Risk,41-50,2023-11
USR0298,2022-05-01,55,Male,Bachelor's,Student,Tier 3,36784,8132,3709,1168,5916,2295,4107,1461,797,8939,4784,5171,700,42395,0,0.0,115.25,13.01,1,453,High Risk,51-65,2022-05
USR0299,2023-05-01,42,Male,High School,Self-Employed,Tier 1,61114,12608,9860,1793,2299,7039,1867,1372,455,10076,6253,8045,320,55734,0,0.0,91.2,10.23,1,477,High Risk,41-50,2023-05
USR0300,2022-05-01,51,Male,High School,Salaried,Tier 1,39617,12605,11953,3588,6673,9040,3182,2254,1617,10064,2921,4476,1975,67427,0,0.0,170.2,7.37,1,473,High Risk,51-65,2022-05
USR0301,2022-07-01,54,Female,Master's,Salaried,Tier 1,74616,11940,3692,768,5921,6714,2739,2092,1167,11605,1006,0,806,47444,26166,35.07,63.58,1.35,0,645,Low Risk,51-65,2022-07
USR0302,2022-08-01,49,Female,Bachelor's,Student,Tier 1,21575,4947,11437,1360,1999,9088,2313,3015,1972,8102,2808,0,4645,48878,0,0.0,226.55,13.02,0,413,High Risk,41-50,2022-08
USR0303,2022-07-01,54,Male,Bachelor's,Business Owner,Tier 1,81241,18198,2125,981,7516,6645,5207,4874,1925,4172,16585,10383,1019,63045,1611,1.98,77.6,20.41,1,521,High Risk,51-65,2022-07
USR0304,2023-10-01,26,Male,Bachelor's,Salaried,Tier 2,59813,12378,3199,3790,5543,3109,590,4784,1330,14913,12730,4182,3464,57282,0,0.0,95.77,21.28,1,479,High Risk,22-30,2023-10
USR0305,2023-09-01,40,Male,Bachelor's,Salaried,Tier 1,63940,21250,8092,3890,5971,9850,282,1987,1906,7681,3763,14522,983,76414,0,0.0,119.51,5.89,1,483,High Risk,31-40,2023-09
USR0306,2022-04-01,25,Other,Bachelor's,Salaried,Tier 2,64211,19275,4711,1761,1484,8837,1202,2190,6833,544,9625,0,2046,48883,5703,8.88,76.13,14.99,0,535,High Risk,22-30,2022-04
USR0307,2024-08-01,56,Male,Bachelor's,Salaried,Tier 1,58368,9501,11182,2832,4053,2726,680,4517,223,2585,12489,11038,4792,54129,0,0.0,92.74,21.4,1,493,High Risk,51-65,2024-08
USR0308,2024-05-01,38,Female,Master's,Self-Employed,Tier 3,55829,16354,11713,3608,2864,8955,976,2660,216,5011,5704,0,591,52948,0,0.0,94.84,10.22,0,473,High Risk,31-40,2024-05
USR0309,2024-06-01,49,Female,Master's,Student,Tier 3,26410,6746,8228,602,7380,6430,4289,2831,155,6888,6154,7199,3945,54693,0,0.0,207.09,23.3,1,366,High Risk,41-50,2024-06
USR0310,2022-03-01,51,Male,Bachelor's,Self-Employed,Tier 2,57874,19108,7995,1953,6016,7342,1954,2468,788,11232,13064,10977,1332,71165,0,0.0,122.97,22.57,1,502,High Risk,51-65,2022-03
USR0311,2022-05-01,50,Male,Bachelor's,Business Owner,Tier 2,84791,18025,10182,1291,7756,3580,1448,2376,1543,8275,4411,23810,3176,81462,0,0.0,96.07,5.2,1,481,High Risk,41-50,2022-05
USR0312,2023-07-01,27,Male,Bachelor's,Salaried,Tier 2,69826,18492,7502,2177,3805,1487,1336,1076,7523,11062,4520,12404,2717,69581,0,0.0,99.65,6.47,1,450,High Risk,22-30,2023-07
USR0313,2022-08-01,56,Female,Master's,Freelancer,Tier 2,51046,12769,7760,738,2715,1860,2899,3692,635,5871,2302,0,4645,43584,5160,10.11,85.38,4.51,0,514,Medium Risk,51-65,2022-08
USR0314,2024-07-01,62,Female,Bachelor's,Freelancer,Tier 2,50270,12462,7582,3288,3290,7550,3456,4458,8,11207,2463,0,2396,55697,0,0.0,110.8,4.9,0,529,High Risk,51-65,2024-07
USR0315,2024-03-01,58,Female,Bachelor's,Salaried,Tier 2,70700,17054,4498,3192,625,8046,1735,1154,1063,13872,16046,12763,3660,67662,0,0.0,95.7,22.7,1,457,High Risk,51-65,2024-03
USR0316,2023-01-01,45,Female,High School,Salaried,Tier 3,64324,12293,4565,3696,3120,2226,3444,4319,1492,8448,14973,0,4639,48242,1109,1.72,75.0,23.28,0,512,High Risk,41-50,2023-01
USR0317,2022-06-01,50,Male,Bachelor's,Self-Employed,Tier 3,55529,16722,8989,2088,4715,1407,722,4488,178,13930,720,0,876,54115,694,1.25,97.45,1.3,0,481,High Risk,41-50,2022-06
USR0318,2022-01-01,52,Other,Bachelor's,Salaried,Tier 1,61232,14712,6790,1381,1951,9875,1894,1077,1664,12874,9086,6498,794,59510,0,0.0,97.19,14.84,1,477,High Risk,51-65,2022-01
USR0319,2024-06-01,56,Female,Master's,Salaried,Tier 2,71528,24441,7024,3154,1508,3324,2452,4685,958,6723,10089,15357,4084,73710,0,0.0,103.05,14.1,1,481,High Risk,51-65,2024-06
USR0320,2022-11-01,54,Male,Bachelor's,Self-Employed,Tier 1,46802,9461,10307,2735,1713,9950,5037,2744,500,4823,4569,11449,3351,62070,0,0.0,132.62,9.76,1,440,High Risk,51-65,2022-11
USR0321,2024-07-01,42,Other,Bachelor's,Student,Tier 1,21451,6146,3031,1387,4204,8525,3809,2376,372,7126,3387,0,3524,40500,0,0.0,188.8,15.79,0,464,High Risk,41-50,2024-07
USR0322,2023-04-01,53,Female,Master's,Self-Employed,Tier 2,68956,23317,3241,1779,6047,8890,477,2800,1091,14626,16331,11754,3134,77156,0,0.0,111.89,23.68,1,459,High Risk,51-65,2023-04
USR0323,2023-03-01,44,Female,Master's,Business Owner,Tier 1,92135,26045,3742,3534,7203,9748,347,3307,969,9314,3921,0,4533,68742,19472,21.13,74.61,4.26,0,616,Low Risk,41-50,2023-03
USR0324,2022-05-01,54,Female,Bachelor's,Salaried,Tier 3,60837,19726,7709,1423,7869,2955,5073,3728,1689,8549,1831,0,3185,61906,0,0.0,101.76,3.01,0,516,High Risk,51-65,2022-05
USR0325,2023-03-01,24,Female,Bachelor's,Freelancer,Tier 1,49741,15693,7999,1293,3630,5708,5402,2608,6456,12073,415,0,2563,63425,0,0.0,127.51,0.83,0,466,High Risk,22-30,2023-03
USR0326,2022-01-01,39,Female,Bachelor's,Self-Employed,Tier 2,49402,10968,6090,3077,1196,8274,4714,2173,514,14394,4493,0,1039,52439,0,0.0,106.15,9.09,0,506,High Risk,31-40,2022-01
USR0327,2023-03-01,46,Male,PhD,Business Owner,Tier 2,99627,26901,10160,1175,2770,3865,2785,4148,363,7591,8409,10266,2710,72734,18484,18.55,73.01,8.44,1,580,Medium Risk,41-50,2023-03
USR0328,2024-12-01,63,Male,High School,Salaried,Tier 2,54377,9855,8883,2939,2015,9952,3854,1438,1913,9176,5856,12415,3969,66409,0,0.0,122.13,10.77,1,470,High Risk,51-65,2024-12
USR0329,2022-08-01,52,Female,PhD,Self-Employed,Tier 2,67792,17429,7129,2181,1534,5779,3820,2534,776,11579,8530,6422,4887,64070,0,0.0,94.51,12.58,1,488,High Risk,51-65,2022-08
USR0330,2023-10-01,24,Male,Master's,Self-Employed,Tier 3,60106,11785,6403,1991,3340,6451,2639,967,6494,8716,11387,3258,3087,55131,0,0.0,91.72,18.94,1,443,High Risk,22-30,2023-10
USR0331,2024-03-01,61,Male,Bachelor's,Salaried,Tier 2,62496,18670,8577,2349,2035,7197,5452,2616,1474,10506,6126,0,3243,62119,0,0.0,99.4,9.8,0,538,High Risk,51-65,2024-03
USR0332,2024-10-01,45,Male,High School,Salaried,Tier 2,51416,13142,6897,1776,1313,9269,1139,3745,1539,1725,4249,0,1831,42376,4791,9.32,82.42,8.26,0,579,High Risk,41-50,2024-10
USR0333,2024-06-01,53,Male,Bachelor's,Salaried,Tier 1,68265,15854,2163,1171,809,7176,3909,2509,773,1748,14111,5232,1605,42949,11205,16.41,62.92,20.67,1,552,Medium Risk,51-65,2024-06
USR0334,2022-12-01,43,Female,Bachelor's,Salaried,Tier 2,59837,12192,5310,3408,1511,1520,5923,4406,328,9470,12712,5948,4445,54461,0,0.0,91.02,21.24,1,466,High Risk,41-50,2022-12
USR0335,2022-02-01,44,Female,High School,Business Owner,Tier 3,84743,29637,5388,3747,7392,4344,4537,4436,793,5526,4931,20436,2689,88925,0,0.0,104.93,5.82,1,532,High Risk,41-50,2022-02
USR0336,2023-10-01,23,Male,Master's,Salaried,Tier 2,81721,13430,2995,3013,5653,4073,5294,944,978,3342,6428,0,4690,44412,30881,37.79,54.35,7.87,0,705,Low Risk,22-30,2023-10
USR0337,2023-05-01,48,Male,PhD,Salaried,Tier 3,69867,11088,8161,1338,1518,5942,1423,2782,961,12392,14412,17772,3636,67013,0,0.0,95.92,20.63,1,488,High Risk,41-50,2023-05
USR0338,2024-11-01,63,Male,Bachelor's,Freelancer,Tier 2,48557,9393,3877,3535,3911,8414,5538,4374,369,6198,963,0,205,45814,1780,3.67,94.35,1.98,0,508,High Risk,51-65,2024-11
USR0339,2023-11-01,23,Female,Master's,Salaried,Tier 1,64794,22303,10103,1812,4218,6558,3563,1717,6200,2082,5278,0,2781,61337,0,0.0,94.66,8.15,0,515,High Risk,22-30,2023-11
USR0340,2024-05-01,47,Female,High School,Self-Employed,Tier 1,45386,15696,5264,1573,7124,8451,3223,2756,1877,5348,5087,0,419,51731,0,0.0,113.98,11.21,0,454,High Risk,41-50,2024-05
USR0341,2024-05-01,38,Male,Bachelor's,Salaried,Tier 1,79019,22203,3348,503,7217,9302,2017,4361,1410,10405,3695,0,3118,63884,11440,14.48,80.85,4.68,0,576,Medium Risk,31-40,2024-05
USR0342,2023-07-01,61,Female,High School,Student,Tier 2,12539,4087,11995,2154,5420,9020,3572,4183,1570,12283,563,0,211,54495,0,0.0,434.6,4.49,0,329,High Risk,51-65,2023-07
USR0343,2023-05-01,54,Female,Bachelor's,Business Owner,Tier 3,82881,15978,4251,3399,4310,1046,883,1594,1137,13888,8803,0,3042,49528,24550,29.62,59.76,10.62,0,638,Low Risk,51-65,2023-05
USR0344,2022-08-01,30,Female,PhD,Business Owner,Tier 1,98330,33865,9290,2408,2544,9030,5707,486,570,13213,18548,10172,657,87942,0,0.0,89.44,18.86,1,502,High Risk,22-30,2022-08
USR0345,2022-07-01,64,Female,Master's,Salaried,Tier 2,61994,11069,11785,3794,1616,3681,1432,3447,1061,3638,13022,15335,2472,59330,0,0.0,95.7,21.01,1,494,High Risk,51-65,2022-07
USR0346,2022-11-01,60,Male,High School,Freelancer,Tier 2,33159,5644,10018,2393,5223,9498,3585,4418,1568,5255,8117,5218,366,53186,0,0.0,160.4,24.48,1,409,High Risk,51-65,2022-11
USR0347,2022-03-01,50,Female,Bachelor's,Salaried,Tier 2,53351,9199,8590,2422,1656,9725,816,2802,376,2017,986,4365,2173,44141,8224,15.41,82.74,1.85,1,526,Medium Risk,41-50,2022-03
USR0348,2022-02-01,63,Male,Bachelor's,Salaried,Tier 1,55912,14795,9658,1785,7487,4487,2273,203,1422,11424,3028,4463,2144,60141,0,0.0,107.56,5.42,1,446,High Risk,51-65,2022-02
USR0349,2023-07-01,47,Female,Bachelor's,Salaried,Tier 1,40199,12308,2432,1034,1488,3833,3110,611,1226,5142,7603,0,2395,33579,0,0.0,83.53,18.91,0,477,High Risk,41-50,2023-07
USR0350,2024-04-01,56,Female,Master's,Self-Employed,Tier 1,67356,15042,7743,3450,2966,3240,5307,4545,1225,5696,9103,18364,4331,71909,0,0.0,106.76,13.51,1,498,High Risk,51-65,2024-04
USR0351,2024-04-01,46,Female,Master's,Self-Employed,Tier 1,79433,27450,7247,3947,6087,5401,2217,3927,99,11655,6507,23649,4028,95707,0,0.0,120.49,8.19,1,491,High Risk,41-50,2024-04
USR0352,2024-01-01,45,Female,Bachelor's,Self-Employed,Tier 1,57182,13545,9715,1584,2328,6208,4423,2117,1421,12555,2939,7962,4937,66795,0,0.0,116.81,5.14,1,453,High Risk,41-50,2024-01
USR0353,2022-11-01,34,Male,Bachelor's,Salaried,Tier 1,51669,9305,5817,1879,2577,2582,4708,1556,1473,4268,3622,0,439,34604,13443,26.02,66.97,7.01,0,598,Low Risk,31-40,2022-11
USR0354,2022-02-01,28,Female,Bachelor's,Salaried,Tier 2,57857,14070,3070,1145,6588,5152,2384,357,3976,6698,6209,6057,1116,50613,1035,1.79,87.48,10.73,1,477,High Risk,22-30,2022-02
USR0355,2022-12-01,57,Other,High School,Freelancer,Tier 1,36328,10382,6600,523,2845,5086,1557,1800,815,8572,1608,0,3152,41332,0,0.0,113.77,4.43,0,463,High Risk,51-65,2022-12
USR0356,2022-12-01,41,Female,Bachelor's,Salaried,Tier 3,54859,17359,10306,1816,1584,760,4866,3084,1963,10188,13224,0,3638,55564,0,0.0,101.29,24.11,0,527,High Risk,41-50,2022-12
USR0357,2024-01-01,22,Male,Bachelor's,Freelancer,Tier 1,54881,13267,11631,1056,3005,4296,3263,3689,3726,12419,1476,0,1055,57407,0,0.0,104.6,2.69,0,518,High Risk,22-30,2024-01
USR0358,2024-07-01,29,Male,Master's,Salaried,Tier 1,76482,20552,11982,3238,4544,6482,2668,2582,3560,6058,18844,0,2864,64530,0,0.0,84.37,24.64,0,533,High Risk,22-30,2024-07
USR0359,2023-05-01,37,Male,Master's,Business Owner,Tier 2,77756,15820,2994,855,2851,1000,4120,352,1266,10427,16365,0,3438,43123,18268,23.49,55.46,21.05,0,623,Low Risk,31-40,2023-05
USR0360,2022-12-01,35,Female,High School,Self-Employed,Tier 1,53800,15020,6318,2507,3505,1515,4436,1829,540,14559,5691,10141,753,61123,0,0.0,113.61,10.58,1,466,High Risk,31-40,2022-12
USR0361,2024-06-01,33,Female,Bachelor's,Salaried,Tier 3,75214,26113,6731,1369,4935,8605,2139,2996,1250,1843,13911,0,3013,58994,2309,3.07,78.43,18.5,0,554,High Risk,31-40,2024-06
USR0362,2022-02-01,44,Male,High School,Salaried,Tier 1,70220,11221,8068,3488,2995,8164,4056,3081,1524,10959,11788,0,2085,55641,2791,3.97,79.24,16.79,0,526,High Risk,41-50,2022-02
USR0363,2023-04-01,36,Female,High School,Self-Employed,Tier 3,70921,23212,9670,1074,6455,4463,250,4002,1875,12607,3781,0,3145,66753,387,0.55,94.12,5.33,0,542,High Risk,31-40,2023-04
USR0364,2022-01-01,49,Female,Master's,Business Owner,Tier 3,79784,20939,6767,528,5921,5818,3176,3005,1236,5990,6763,20661,1428,75469,0,0.0,94.59,8.48,1,509,High Risk,41-50,2022-01
USR0365,2024-10-01,55,Female,High School,Salaried,Tier 2,77593,15551,2957,2904,7524,3206,5724,4280,929,5835,9953,15320,394,64624,3016,3.89,83.29,12.83,1,512,High Risk,51-65,2024-10
USR0366,2022-01-01,23,Female,Bachelor's,Salaried,Tier 2,60166,20515,10287,864,7183,6635,1560,3670,4194,548,9594,0,3887,59343,0,0.0,98.63,15.95,0,501,High Risk,22-30,2022-01
USR0367,2024-12-01,53,Female,High School,Business Owner,Tier 2,67260,16591,4154,3155,7128,6281,3936,1255,112,6416,9128,0,1625,50653,7479,11.12,75.31,13.57,0,579,Medium Risk,51-65,2024-12
USR0368,2022-03-01,44,Female,Master's,Freelancer,Tier 2,57616,12464,2631,908,576,2599,4002,2779,372,3010,6812,16274,4019,49634,1170,2.03,86.15,11.82,1,487,High Risk,41-50,2022-03
USR0369,2024-10-01,43,Male,Bachelor's,Salaried,Tier 2,58343,10869,11893,3837,6252,6886,4002,4348,298,14953,6463,12605,2893,78836,0,0.0,135.13,11.08,1,446,High Risk,41-50,2024-10
USR0370,2022-12-01,46,Female,Bachelor's,Self-Employed,Tier 1,59192,11772,8045,1814,3062,5838,565,2965,1696,6725,7373,0,3953,46435,5384,9.1,78.45,12.46,0,539,High Risk,41-50,2022-12
USR0371,2024-03-01,43,Female,Bachelor's,Salaried,Tier 1,52439,16600,2697,3114,2072,3065,3155,1528,1042,12026,5694,0,2171,47470,0,0.0,90.52,10.86,0,522,High Risk,41-50,2024-03
USR0372,2024-01-01,43,Female,Master's,Self-Employed,Tier 2,61089,16670,2031,1676,7587,8800,3245,4244,775,4160,8267,16157,699,66044,0,0.0,108.11,13.53,1,444,High Risk,41-50,2024-01
USR0373,2022-12-01,63,Female,PhD,Salaried,Tier 2,87284,29034,8209,718,7302,5516,2203,2592,670,2246,19376,0,4314,62804,5104,5.85,71.95,22.2,0,561,High Risk,51-65,2022-12
USR0374,2024-09-01,27,Female,Bachelor's,Student,Tier 3,22543,4427,6874,2720,4687,8757,3101,3353,5635,9187,3566,2330,3973,55044,0,0.0,244.17,15.82,1,391,High Risk,22-30,2024-09
USR0375,2022-09-01,36,Male,Master's,Self-Employed,Tier 1,64132,11173,7562,1107,6470,3581,457,200,7,8670,11585,0,3847,43074,9473,14.77,67.16,18.06,0,571,Medium Risk,31-40,2022-09
USR0376,2022-01-01,64,Male,PhD,Self-Employed,Tier 3,73802,11160,10740,1535,5061,4797,3659,366,1176,1133,11023,0,3066,42693,20086,27.22,57.85,14.94,0,631,Low Risk,51-65,2022-01
USR0377,2023-11-01,58,Male,PhD,Self-Employed,Tier 1,79365,19966,4248,2039,7109,6413,244,3454,1648,7480,12758,15409,886,68896,0,0.0,86.81,16.08,1,527,High Risk,51-65,2023-11
USR0378,2024-04-01,54,Male,Bachelor's,Business Owner,Tier 2,66758,23342,8192,3933,4170,3448,468,2085,1683,13389,9652,8168,2267,71145,0,0.0,106.57,14.46,1,501,High Risk,51-65,2024-04
USR0379,2022-03-01,29,Female,Bachelor's,Business Owner,Tier 1,84676,24470,11895,1357,3611,8905,1534,4568,7574,11509,568,0,4121,79544,4564,5.39,93.94,0.67,0,545,High Risk,22-30,2022-03
USR0380,2024-12-01,26,Other,Bachelor's,Self-Employed,Tier 2,53854,11399,8406,2102,3237,6711,871,1099,1255,3220,13458,12985,647,51932,0,0.0,96.43,24.99,1,473,High Risk,22-30,2024-12
USR0381,2022-05-01,60,Male,Master's,Freelancer,Tier 1,56333,18329,3156,3204,1852,1540,5597,2448,1396,675,473,15990,1966,56153,0,0.0,99.68,0.84,1,494,High Risk,51-65,2022-05
USR0382,2024-05-01,25,Male,Bachelor's,Self-Employed,Tier 2,64479,19752,10535,1468,5904,8488,3838,3463,7252,11852,6369,0,1324,73876,0,0.0,114.57,9.88,0,525,High Risk,22-30,2024-05
USR0383,2023-01-01,27,Female,Master's,Self-Employed,Tier 3,53446,8181,7295,2000,1446,7973,434,3612,6462,9330,1404,4451,493,51677,365,0.68,96.69,2.63,1,475,High Risk,22-30,2023-01
USR0384,2022-04-01,53,Male,Bachelor's,Salaried,Tier 2,54898,17203,8154,1605,5149,8059,3407,3777,1258,8652,1330,0,4360,61624,0,0.0,112.25,2.42,0,497,High Risk,51-65,2022-04
USR0385,2022-06-01,51,Female,Master's,Self-Employed,Tier 2,47516,9983,4248,2140,4368,1487,5764,2387,254,3857,9426,0,2746,37234,856,1.8,78.36,19.84,0,519,High Risk,51-65,2022-06
USR0386,2022-06-01,56,Female,Master's,Salaried,Tier 3,65606,11804,11136,2216,3637,3695,2600,1419,585,4892,6985,0,275,42259,16362,24.94,64.41,10.65,0,635,Low Risk,51-65,2022-06
USR0387,2022-11-01,61,Female,High School,Business Owner,Tier 2,82643,16137,5285,3911,6636,5599,1617,3332,1351,5879,16552,19001,3975,72723,0,0.0,88.0,20.03,1,529,High Risk,51-65,2022-11
USR0388,2024-03-01,37,Male,Master's,Salaried,Tier 2,69035,16824,11522,2988,6752,1003,5289,559,361,6470,4707,18767,2882,73417,0,0.0,106.35,6.82,1,499,High Risk,31-40,2024-03
USR0389,2024-11-01,34,Male,Bachelor's,Student,Tier 1,12279,2885,4003,1116,3986,5844,4570,2239,1397,9166,787,0,3396,38602,0,0.0,314.37,6.41,0,333,High Risk,31-40,2024-11
USR0390,2022-04-01,63,Female,Master's,Self-Employed,Tier 3,59114,12282,5615,725,4687,9447,5205,4137,1002,12519,3712,0,2274,57893,0,0.0,97.93,6.28,0,504,High Risk,51-65,2022-04
USR0391,2024-03-01,51,Female,Bachelor's,Self-Employed,Tier 2,44097,8133,11979,2918,1502,8648,3454,3354,787,10338,6792,8988,1499,61600,0,0.0,139.69,15.4,1,439,High Risk,51-65,2024-03
USR0392,2023-04-01,40,Male,Bachelor's,Self-Employed,Tier 1,46998,14214,5672,527,4963,6510,639,533,208,2458,9575,12011,2927,50662,0,0.0,107.8,20.37,1,491,High Risk,31-40,2023-04
USR0393,2023-06-01,38,Female,PhD,Salaried,Tier 1,80110,27880,9458,3555,1319,1881,5382,930,266,7179,9057,15662,4378,77890,0,0.0,97.23,11.31,1,496,High Risk,31-40,2023-06
USR0394,2022-07-01,40,Male,Bachelor's,Salaried,Tier 3,53609,16380,4155,1494,922,6102,5167,1697,655,13848,5082,0,3734,54154,0,0.0,101.02,9.48,0,528,High Risk,31-40,2022-07
USR0395,2022-11-01,49,Female,Master's,Salaried,Tier 1,78901,16505,5479,515,1071,7512,850,1617,996,7848,19204,19637,2253,64283,0,0.0,81.47,24.34,1,496,High Risk,41-50,2022-11
USR0396,2022-08-01,47,Male,Bachelor's,Self-Employed,Tier 3,55431,11028,2051,3848,3409,4226,233,3963,553,6384,1617,0,1899,37594,16220,29.26,67.82,2.92,0,599,Low Risk,41-50,2022-08
USR0397,2022-06-01,58,Female,Bachelor's,Salaried,Tier 1,63684,12324,4159,832,5859,2387,2952,1943,735,12812,7747,4143,4663,52809,3128,4.91,82.92,12.16,1,516,High Risk,51-65,2022-06
USR0398,2022-05-01,47,Male,Bachelor's,Freelancer,Tier 3,45773,8117,6390,982,5030,4309,5162,4316,1881,9040,4674,0,2718,47945,0,0.0,104.75,10.21,0,524,High Risk,41-50,2022-05
USR0399,2022-06-01,44,Male,Bachelor's,Salaried,Tier 2,69182,18005,5651,1065,6855,2631,3232,2173,1529,9328,1697,0,1937,52406,15079,21.8,75.75,2.45,0,592,Low Risk,41-50,2022-06
USR0400,2022-02-01,30,Male,Bachelor's,Salaried,Tier 2,69265,18776,9356,3859,1923,2924,5127,1078,1587,4114,4644,6895,2130,57769,6852,9.89,83.4,6.7,1,475,High Risk,22-30,2022-02
USR0401,2024-07-01,33,Male,High School,Salaried,Tier 3,57680,16790,4112,2661,2133,5939,1310,4472,420,4320,410,3299,569,46025,11245,19.5,79.79,0.71,1,515,Medium Risk,31-40,2024-07
USR0402,2024-08-01,22,Female,Bachelor's,Student,Tier 2,27518,7871,7765,2585,7169,5974,3481,3084,4561,4822,6033,7641,3939,58892,0,0.0,214.01,21.92,1,396,High Risk,22-30,2024-08
USR0403,2022-09-01,22,Other,High School,Freelancer,Tier 2,38303,7984,3354,953,2253,9700,661,3207,6215,5967,5820,10445,4573,55312,0,0.0,144.41,15.19,1,406,High Risk,22-30,2022-09
USR0404,2023-03-01,55,Male,PhD,Salaried,Tier 1,81337,17573,7620,3289,967,1817,521,2795,1442,12825,16572,0,539,49388,15377,18.91,60.72,20.37,0,590,Medium Risk,51-65,2023-03
USR0405,2023-09-01,53,Male,PhD,Self-Employed,Tier 1,67296,19267,5754,665,5789,7147,4710,2497,194,6002,8774,16490,3062,71577,0,0.0,106.36,13.04,1,484,High Risk,51-65,2023-09
USR0406,2024-04-01,46,Female,Bachelor's,Salaried,Tier 1,63017,13856,2209,3241,6438,3716,2074,860,1118,11309,9444,3906,813,49540,4033,6.4,78.61,14.99,1,463,High Risk,41-50,2024-04
USR0407,2024-03-01,61,Female,Master's,Student,Tier 2,27802,5352,8232,2752,5387,516,3239,3344,1513,6879,4871,3371,1303,41888,0,0.0,150.67,17.52,1,414,High Risk,51-65,2024-03
USR0408,2022-05-01,22,Female,Bachelor's,Freelancer,Tier 1,44342,9971,9846,1377,3422,5170,2437,3362,2702,1704,10065,9130,3977,53098,0,0.0,119.75,22.7,1,431,High Risk,22-30,2022-05
USR0409,2023-05-01,37,Male,Master's,Salaried,Tier 1,64487,13182,8171,744,6853,3123,4221,4421,1281,10853,1479,15528,992,69369,0,0.0,107.57,2.29,1,450,High Risk,31-40,2023-05
USR0410,2023-12-01,60,Male,Master's,Self-Employed,Tier 2,66741,11189,2237,2394,2803,629,1456,4185,1048,6949,5521,3510,266,36666,24554,36.79,54.94,8.27,1,603,Low Risk,51-65,2023-12
USR0411,2024-07-01,26,Female,PhD,Salaried,Tier 2,87484,27647,10527,1856,2206,1973,2639,1469,783,10871,15507,11508,4510,75989,0,0.0,86.86,17.73,1,492,High Risk,22-30,2024-07
USR0412,2024-11-01,43,Male,Bachelor's,Student,Tier 2,32368,10377,10075,1442,572,9641,4209,4906,1355,9039,7754,3352,4711,59679,0,0.0,184.38,23.96,1,419,High Risk,41-50,2024-11
USR0413,2022-04-01,50,Female,Master's,Salaried,Tier 1,59947,11626,3576,3967,646,9760,3440,1494,605,1703,14699,0,4847,41664,3584,5.98,69.5,24.52,0,567,High Risk,41-50,2022-04
USR0414,2023-08-01,24,Male,Bachelor's,Self-Employed,Tier 1,66313,10805,10691,3368,816,4811,4463,1209,363,7058,10578,14439,3995,62018,0,0.0,93.52,15.95,1,482,High Risk,22-30,2023-08
USR0415,2023-05-01,33,Female,PhD,Salaried,Tier 3,74454,22169,11756,3054,1105,3395,3502,2291,861,1482,3603,11273,770,61658,9193,12.35,82.81,4.84,1,528,Medium Risk,31-40,2023-05
USR0416,2022-10-01,47,Male,High School,Freelancer,Tier 1,44805,8616,10982,2452,1074,3236,5469,1957,220,9423,1335,3087,739,47255,0,0.0,105.47,2.98,1,453,High Risk,41-50,2022-10
USR0417,2023-09-01,37,Female,Bachelor's,Freelancer,Tier 3,40750,9318,5540,3471,1677,5598,2911,2164,296,7028,9637,8136,316,46455,0,0.0,114.0,23.65,1,431,High Risk,31-40,2023-09
USR0418,2023-09-01,58,Female,Master's,Freelancer,Tier 3,56135,9140,11327,3692,3826,2446,1609,4843,1226,7155,6089,0,2398,47662,2384,4.25,84.91,10.85,0,500,High Risk,51-65,2023-09
USR0419,2023-04-01,43,Female,Master's,Self-Employed,Tier 3,65509,12790,9257,1782,3922,6059,2628,1391,1010,13854,3190,0,3231,55924,6395,9.76,85.37,4.87,0,519,High Risk,41-50,2023-04
USR0420,2024-09-01,50,Male,High School,Business Owner,Tier 1,60123,18552,2149,2245,3094,9308,2032,1253,1971,6099,14037,7343,3656,57702,0,0.0,95.97,23.35,1,455,High Risk,41-50,2024-09
USR0421,2022-10-01,35,Female,PhD,Salaried,Tier 3,81866,25450,3624,909,3382,800,2224,3041,342,13929,2139,0,3251,56952,22775,27.82,69.57,2.61,0,663,Low Risk,31-40,2022-10
USR0422,2023-06-01,49,Female,High School,Salaried,Tier 3,65767,12588,9661,2857,811,9676,3546,2604,592,6190,11995,10513,2681,61719,0,0.0,93.84,18.24,1,475,High Risk,41-50,2023-06
USR0423,2024-09-01,26,Female,Bachelor's,Salaried,Tier 2,61602,13378,4574,2615,3355,5001,5936,3762,3943,14896,9629,7637,2567,67664,0,0.0,109.84,15.63,1,417,High Risk,22-30,2024-09
USR0424,2024-05-01,51,Female,Bachelor's,Student,Tier 1,33881,5991,6428,2661,1264,8852,5193,3904,1984,11292,743,0,1834,49403,0,0.0,145.81,2.19,0,449,High Risk,51-65,2024-05
USR0425,2024-07-01,26,Female,Bachelor's,Salaried,Tier 1,61482,10134,9529,2767,6777,6414,4131,2022,4604,6405,5206,0,441,53224,3052,4.96,86.57,8.47,0,501,High Risk,22-30,2024-07
USR0426,2023-12-01,33,Female,Bachelor's,Freelancer,Tier 1,54796,19092,6269,2767,3495,6171,3111,1471,76,6831,2053,15571,664,65518,0,0.0,119.57,3.75,1,466,High Risk,31-40,2023-12
USR0427,2022-12-01,37,Male,Bachelor's,Freelancer,Tier 2,30251,8504,9769,1996,3700,8717,5157,1919,1573,9144,4571,0,2450,52929,0,0.0,174.97,15.11,0,441,High Risk,31-40,2022-12
USR0428,2023-08-01,47,Female,High School,Salaried,Tier 2,74350,19213,4108,3277,935,582,4445,452,706,4573,8868,14444,4844,57579,7903,10.63,77.44,11.93,1,538,Medium Risk,41-50,2023-08
USR0429,2022-06-01,47,Female,High School,Salaried,Tier 2,66963,20296,5947,3296,3851,8864,3413,2968,1999,3394,71,6073,2078,62179,4713,7.04,92.86,0.11,1,510,High Risk,41-50,2022-06
USR0430,2022-08-01,42,Male,Bachelor's,Salaried,Tier 2,60722,19310,9899,3490,4953,1498,2363,1759,1065,2734,14811,0,4836,51907,0,0.0,85.48,24.39,0,510,High Risk,41-50,2022-08
USR0431,2023-02-01,60,Male,Master's,Salaried,Tier 2,54223,16881,6914,885,3477,6304,5119,936,1478,8131,4738,0,2734,52859,0,0.0,97.48,8.74,0,476,High Risk,51-65,2023-02
USR0432,2022-05-01,57,Male,Master's,Salaried,Tier 2,72304,11084,8667,3869,3430,7437,1652,2128,1205,6359,4667,16787,2105,64723,2914,4.03,89.52,6.45,1,508,High Risk,51-65,2022-05
USR0433,2024-12-01,54,Female,High School,Salaried,Tier 3,43448,8140,4263,1429,2799,3641,2953,2390,756,8855,2416,0,4009,39235,1797,4.14,90.3,5.56,0,531,High Risk,51-65,2024-12
USR0434,2022-03-01,51,Female,Bachelor's,Business Owner,Tier 1,83558,23478,11804,3824,634,3382,3101,1202,1218,1947,3317,8897,771,60258,19983,23.92,72.12,3.97,1,625,Low Risk,51-65,2022-03
USR0435,2024-12-01,58,Female,High School,Student,Tier 2,18292,4118,5815,904,4414,7862,5749,3185,589,12561,4569,1372,2908,49477,0,0.0,270.48,24.98,1,348,High Risk,51-65,2024-12
USR0436,2023-10-01,44,Female,High School,Salaried,Tier 1,47468,16447,2577,991,5118,3584,3271,2122,1855,601,3502,6935,3841,47342,0,0.0,99.73,7.38,1,465,High Risk,41-50,2023-10
USR0437,2022-08-01,31,Male,Master's,Salaried,Tier 2,78967,22354,2422,856,1303,2545,4246,3952,1999,12746,8005,0,3704,56127,14835,18.79,71.08,10.14,0,609,Medium Risk,31-40,2022-08
USR0438,2023-02-01,26,Male,Bachelor's,Salaried,Tier 2,69444,23701,4763,3999,3207,9452,505,4337,841,7934,15127,12940,3819,75498,0,0.0,108.72,21.78,1,514,High Risk,22-30,2023-02
USR0439,2022-07-01,57,Male,High School,Freelancer,Tier 3,47806,9096,3229,714,2866,704,1584,3902,926,12399,7671,6215,856,42491,0,0.0,88.88,16.05,1,463,High Risk,51-65,2022-07
USR0440,2022-04-01,55,Male,Bachelor's,Business Owner,Tier 1,80070,25845,5176,1903,4675,5784,3567,3392,636,7820,7380,10481,3351,72630,60,0.07,90.71,9.22,1,518,High Risk,51-65,2022-04
USR0441,2023-07-01,52,Male,High School,Salaried,Tier 3,43675,9358,10945,1251,3762,2052,1774,4034,140,10144,9808,3625,1148,48233,0,0.0,110.44,22.46,1,441,High Risk,51-65,2023-07
USR0442,2023-12-01,31,Male,Master's,Salaried,Tier 1,77822,27075,2687,1326,1976,8316,1072,4638,1050,13478,14586,13097,4310,79025,0,0.0,101.55,18.74,1,503,High Risk,31-40,2023-12
USR0443,2023-04-01,40,Female,PhD,Freelancer,Tier 2,59837,10862,2722,1737,3915,1324,368,4627,1338,14238,3409,0,3222,44353,12075,20.18,74.12,5.7,0,602,Low Risk,31-40,2023-04
USR0444,2022-06-01,53,Female,High School,Self-Employed,Tier 1,36881,9340,2746,1621,7697,4248,5778,3727,1344,11350,5935,10774,506,59131,0,0.0,160.33,16.09,1,400,High Risk,51-65,2022-06
USR0445,2022-08-01,22,Other,Bachelor's,Salaried,Tier 3,73816,22777,6337,3075,2961,6078,1803,540,4826,14754,17021,12947,904,77002,0,0.0,104.32,23.06,1,481,High Risk,22-30,2022-08
USR0446,2024-01-01,26,Female,Master's,Self-Employed,Tier 2,79795,18873,4712,3463,4442,6412,1230,2588,6,1035,9903,7325,4692,54778,15114,18.94,68.65,12.41,1,591,Medium Risk,22-30,2024-01
USR0447,2024-08-01,25,Female,PhD,Salaried,Tier 2,76670,18678,2707,1165,2540,7890,1934,3687,7173,8000,14061,0,877,54651,7958,10.38,71.28,18.34,0,584,Medium Risk,22-30,2024-08
USR0448,2024-01-01,37,Male,Bachelor's,Salaried,Tier 3,80272,27876,10626,3257,4963,5697,4642,1900,1777,14813,19488,0,3112,78663,0,0.0,98.0,24.28,0,551,High Risk,31-40,2024-01
USR0449,2022-10-01,45,Female,High School,Freelancer,Tier 1,40730,9574,2483,2528,1506,9530,3867,1433,1259,2200,7030,2766,4193,41339,0,0.0,101.5,17.26,1,476,High Risk,41-50,2022-10
USR0450,2023-05-01,37,Female,High School,Business Owner,Tier 1,68956,18674,3533,3082,1492,5195,5030,2770,714,7539,1765,0,410,48439,18752,27.19,70.25,2.56,0,608,Low Risk,31-40,2023-05
USR0451,2022-03-01,23,Male,Bachelor's,Salaried,Tier 3,57956,9325,2169,1053,5191,7268,1476,2498,2925,10155,3543,0,4694,46754,7659,13.22,80.67,6.11,0,601,Medium Risk,22-30,2022-03
USR0452,2022-09-01,49,Male,Bachelor's,Student,Tier 1,36096,11494,3020,2072,2396,4183,742,337,891,14417,5370,6069,1596,47217,0,0.0,130.81,14.88,1,443,High Risk,41-50,2022-09
USR0453,2023-06-01,53,Female,High School,Salaried,Tier 1,48758,13634,9093,827,3565,2461,554,2998,838,7614,3358,9269,3660,54513,0,0.0,111.8,6.89,1,401,High Risk,51-65,2023-06
USR0454,2024-06-01,48,Male,Bachelor's,Freelancer,Tier 2,53882,12436,8466,3449,3248,1437,5008,3130,653,14666,12898,0,4553,57046,0,0.0,105.87,23.94,0,495,High Risk,41-50,2024-06
USR0455,2022-05-01,41,Female,High School,Self-Employed,Tier 2,43526,6669,2847,1688,5640,8095,4236,4120,1629,12911,4410,9540,2362,59737,0,0.0,137.24,10.13,1,435,High Risk,41-50,2022-05
USR0456,2024-08-01,45,Female,Master's,Business Owner,Tier 1,83317,22356,10887,3687,7192,924,3639,4382,663,7969,9523,4510,4629,70838,2956,3.55,85.02,11.43,1,537,High Risk,41-50,2024-08
USR0457,2024-03-01,33,Male,Bachelor's,Business Owner,Tier 1,88241,13459,5346,649,6889,3551,783,2033,764,6992,15477,7113,4644,52223,20541,23.28,59.18,17.54,1,589,Low Risk,31-40,2024-03
USR0458,2023-09-01,56,Male,High School,Salaried,Tier 1,51959,7806,6013,1555,6926,3405,710,2339,1090,4844,6809,4709,2480,41877,3273,6.3,80.6,13.1,1,522,High Risk,51-65,2023-09
USR0459,2023-12-01,54,Male,Bachelor's,Student,Tier 2,19761,5399,10078,1156,3161,3194,1146,407,175,2471,1887,0,4744,31931,0,0.0,161.59,9.55,0,450,High Risk,51-65,2023-12
USR0460,2022-03-01,54,Male,Bachelor's,Business Owner,Tier 3,89062,16726,2031,3353,3478,4095,3673,2433,509,14082,1706,14251,3348,67979,19377,21.76,76.33,1.92,1,566,Low Risk,51-65,2022-03
USR0461,2023-04-01,64,Male,PhD,Freelancer,Tier 3,74779,14086,10368,2436,7449,1767,1398,2050,1638,10144,11150,0,4280,55616,8013,10.72,74.37,14.91,0,566,Medium Risk,51-65,2023-04
USR0462,2023-03-01,58,Female,Bachelor's,Salaried,Tier 2,68157,19128,9877,792,6875,921,3071,1887,1114,10285,14782,0,1027,54977,0,0.0,80.66,21.69,0,512,High Risk,51-65,2023-03
USR0463,2024-01-01,33,Male,Bachelor's,Business Owner,Tier 1,74761,12017,8170,3466,6959,3766,4195,2403,704,1212,12817,10111,2855,55858,6086,8.14,74.72,17.14,1,535,High Risk,31-40,2024-01
USR0464,2022-08-01,24,Female,Master's,Business Owner,Tier 3,82915,17634,9830,3236,7481,7517,4121,2408,6219,4155,7907,0,2345,64946,10062,12.14,78.33,9.54,0,564,Medium Risk,22-30,2022-08
USR0465,2022-04-01,22,Male,Bachelor's,Salaried,Tier 2,63639,11447,11694,1456,2323,2600,4373,1050,1666,13034,2032,10218,3901,63762,0,0.0,100.19,3.19,1,485,High Risk,22-30,2022-04
USR0466,2024-08-01,54,Female,PhD,Student,Tier 1,39567,10526,4315,3748,3907,7629,4735,2403,837,13268,8075,0,4757,56125,0,0.0,141.85,20.41,0,463,High Risk,51-65,2024-08
USR0467,2024-11-01,61,Male,Bachelor's,Salaried,Tier 3,55097,15556,2065,1584,6607,8595,3503,3890,1850,6741,12971,0,699,51090,0,0.0,92.73,23.54,0,505,High Risk,51-65,2024-11
USR0468,2024-06-01,31,Male,Bachelor's,Salaried,Tier 3,68784,20238,3928,2112,6595,9376,2647,3555,1001,6972,6676,20032,2878,79334,0,0.0,115.34,9.71,1,522,High Risk,31-40,2024-06
USR0469,2024-06-01,64,Female,High School,Self-Employed,Tier 2,48684,9787,7011,915,5006,2726,3484,2809,1803,12776,8868,11829,1261,59407,0,0.0,122.03,18.22,1,450,High Risk,51-65,2024-06
USR0470,2023-05-01,50,Female,Bachelor's,Self-Employed,Tier 2,42274,7095,9533,3954,6888,4888,1416,423,1461,8260,4341,0,3696,47614,0,0.0,112.63,10.27,0,447,High Risk,41-50,2023-05
USR0471,2023-07-01,34,Male,Master's,Self-Employed,Tier 1,55568,9209,8225,3145,4982,2922,1490,3974,50,10140,6977,16078,4422,64637,0,0.0,116.32,12.56,1,487,High Risk,31-40,2023-07
USR0472,2024-07-01,33,Female,Master's,Salaried,Tier 1,65966,15517,7447,2554,7332,7726,4421,1611,1701,4148,13794,0,1326,53783,0,0.0,81.53,20.91,0,545,High Risk,31-40,2024-07
USR0473,2023-05-01,52,Male,Bachelor's,Student,Tier 2,22417,7603,2584,1417,2248,9769,701,4592,685,5624,467,0,2189,37412,0,0.0,166.89,2.08,0,399,High Risk,51-65,2023-05
USR0474,2022-02-01,23,Female,Bachelor's,Salaried,Tier 1,78114,15118,8470,584,7001,7816,3071,522,1163,10705,10356,0,2724,57174,10584,13.55,73.19,13.26,0,568,Medium Risk,22-30,2022-02
USR0475,2024-05-01,56,Male,Master's,Salaried,Tier 2,71905,14477,8685,3321,5617,3343,586,1711,265,9150,3858,0,3500,50655,17392,24.19,70.45,5.37,0,617,Low Risk,51-65,2024-05
USR0476,2024-06-01,44,Male,PhD,Salaried,Tier 3,70273,11958,7244,1456,3161,4611,611,2286,1544,3343,5969,0,2970,39184,25120,35.75,55.76,8.49,0,660,Low Risk,41-50,2024-06
USR0477,2023-10-01,38,Female,High School,Self-Employed,Tier 3,49765,13491,10154,1921,7441,6159,5665,4800,1110,8473,8017,10158,4380,73752,0,0.0,148.2,16.11,1,445,High Risk,31-40,2023-10
USR0478,2022-11-01,47,Female,Bachelor's,Student,Tier 2,20183,5771,9951,2435,6665,2403,2206,2487,605,1092,137,2401,1582,37598,0,0.0,186.29,0.68,1,397,High Risk,41-50,2022-11
USR0479,2024-09-01,29,Male,Bachelor's,Freelancer,Tier 3,50598,14095,3748,2294,518,4724,5413,886,2895,997,7511,0,4367,39937,3150,6.23,78.93,14.84,0,511,High Risk,22-30,2024-09
USR0480,2023-07-01,50,Female,Master's,Business Owner,Tier 3,91644,29530,9670,1916,3858,5479,2347,2217,1202,2634,6493,9436,3366,71655,13496,14.73,78.19,7.09,1,518,Medium Risk,41-50,2023-07
USR0481,2022-03-01,47,Female,High School,Salaried,Tier 2,64673,15992,4204,1570,775,5863,4068,1668,1301,2949,10824,0,2835,41225,12624,19.52,63.74,16.74,0,632,Medium Risk,41-50,2022-03
USR0482,2023-10-01,31,Male,Bachelor's,Self-Employed,Tier 1,55805,9871,3892,3912,4578,925,1538,4123,1262,5912,1975,0,1229,37242,16588,29.72,66.74,3.54,0,592,Low Risk,31-40,2023-10
USR0483,2023-06-01,47,Female,Master's,Self-Employed,Tier 1,76111,15822,9018,2021,5254,2901,552,1196,584,7948,14000,0,1818,47114,14997,19.7,61.9,18.39,0,607,Medium Risk,41-50,2023-06
USR0484,2024-06-01,55,Male,High School,Self-Employed,Tier 1,55264,15611,5093,3153,3445,9441,5164,2734,338,4792,8920,0,4447,54218,0,0.0,98.11,16.14,0,503,High Risk,51-65,2024-06
USR0485,2022-01-01,62,Female,Bachelor's,Salaried,Tier 1,57340,15632,2973,2001,5147,7748,3388,3012,1095,11503,13922,16435,3828,72762,0,0.0,126.9,24.28,1,481,High Risk,51-65,2022-01
USR0486,2023-08-01,28,Female,Bachelor's,Freelancer,Tier 1,65678,16826,6024,2973,5274,543,1502,822,5763,526,14962,0,1435,41688,9028,13.75,63.47,22.78,0,577,Medium Risk,22-30,2023-08
USR0487,2022-05-01,25,Female,Bachelor's,Self-Employed,Tier 1,58615,16798,11634,2973,5198,6798,1046,4024,1226,12608,4151,2959,2830,68094,0,0.0,116.17,7.08,1,473,High Risk,22-30,2022-05
USR0488,2022-12-01,32,Male,Bachelor's,Freelancer,Tier 2,41319,11465,8615,1235,7739,5542,5398,2983,516,10409,282,2860,4183,60945,0,0.0,147.5,0.68,1,384,High Risk,31-40,2022-12
USR0489,2022-11-01,50,Male,Bachelor's,Self-Employed,Tier 3,69223,22585,6329,3338,864,2059,5743,4593,1874,14970,11341,11468,1605,75428,0,0.0,108.96,16.38,1,468,High Risk,41-50,2022-11
USR0490,2023-12-01,57,Male,High School,Salaried,Tier 1,71622,19137,8715,3062,2473,6535,725,1275,1261,13901,10795,16239,4437,77760,0,0.0,108.57,15.07,1,502,High Risk,51-65,2023-12
USR0491,2023-06-01,46,Male,Bachelor's,Self-Employed,Tier 2,55735,17039,3477,1652,1294,7571,5975,503,1489,2753,382,0,1747,43500,11853,21.27,78.05,0.69,0,593,Low Risk,41-50,2023-06
USR0492,2022-08-01,42,Male,Master's,Salaried,Tier 2,65970,13176,7689,1772,5954,4694,2724,863,120,4142,2023,0,2084,43218,20729,31.42,65.51,3.07,0,608,Low Risk,41-50,2022-08
USR0493,2024-05-01,57,Female,Master's,Business Owner,Tier 1,85621,24456,10962,1240,7295,4451,2078,3146,1436,4155,12515,11857,2384,73460,0,0.0,85.8,14.62,1,481,High Risk,51-65,2024-05
USR0494,2023-10-01,31,Male,High School,Self-Employed,Tier 3,53717,17750,9329,2362,6370,647,4305,4194,1746,14226,12245,0,418,61347,0,0.0,114.2,22.8,0,499,High Risk,31-40,2023-10
USR0495,2022-02-01,58,Male,High School,Salaried,Tier 2,65222,14814,8444,630,1089,2670,3830,2192,1797,11990,14780,0,4550,52006,0,0.0,79.74,22.66,0,467,High Risk,51-65,2022-02
USR0496,2023-11-01,30,Female,Bachelor's,Student,Tier 2,27563,8429,10497,2263,4794,8803,5579,3695,836,13390,1043,5592,1011,64889,0,0.0,235.42,3.78,1,356,High Risk,22-30,2023-11
USR0497,2023-04-01,45,Male,Bachelor's,Self-Employed,Tier 3,56813,16757,2001,2212,6660,5618,4009,2894,569,13879,5462,0,469,55068,0,0.0,96.93,9.61,0,543,High Risk,41-50,2023-04
USR0498,2022-08-01,56,Female,Bachelor's,Salaried,Tier 1,74984,12140,10462,822,4813,7655,3019,4504,42,13149,809,18209,4899,79714,0,0.0,106.31,1.08,1,520,High Risk,51-65,2022-08
USR0499,2022-04-01,56,Male,Master's,Self-Employed,Tier 2,60497,16110,8843,1322,1240,7797,5915,3398,1527,9975,7097,0,3405,59532,0,0.0,98.4,11.73,0,521,High Risk,51-65,2022-04
USR0500,2023-02-01,57,Female,High School,Salaried,Tier 1,63247,11133,11055,1042,5245,4663,3107,718,1220,1586,11907,7418,1386,48573,2767,4.37,76.8,18.83,1,514,High Risk,51-65,2023-02
USR0501,2022-09-01,39,Male,High School,Business Owner,Tier 3,69695,23937,7972,2613,2694,8526,3277,4633,71,8522,13764,12216,1933,76394,0,0.0,109.61,19.75,1,445,High Risk,31-40,2022-09
USR0502,2022-11-01,60,Male,Bachelor's,Business Owner,Tier 2,83448,26059,9903,3265,7877,9519,4030,2069,90,2515,10409,0,4996,70323,2716,3.25,84.27,12.47,0,536,High Risk,51-65,2022-11
USR0503,2023-04-01,53,Female,Master's,Student,Tier 2,29091,5002,7105,3672,1169,8567,1258,4010,1572,5567,697,1603,3167,42692,0,0.0,146.75,2.4,1,419,High Risk,51-65,2023-04
USR0504,2023-01-01,45,Male,High School,Self-Employed,Tier 1,47553,8290,9702,2355,1937,3439,2689,1112,490,10407,4533,4749,272,45442,0,0.0,95.56,9.53,1,455,High Risk,41-50,2023-01
USR0505,2024-12-01,44,Female,Bachelor's,Self-Employed,Tier 2,52980,14246,4914,2578,5260,6227,3848,4134,1849,7623,12345,8587,4838,64104,0,0.0,121.0,23.3,1,455,High Risk,41-50,2024-12
USR0506,2024-12-01,53,Male,Bachelor's,Freelancer,Tier 3,58758,12866,7156,1384,1355,8564,5466,3388,748,14434,3372,12316,4261,71938,0,0.0,122.43,5.74,1,493,High Risk,51-65,2024-12
USR0507,2023-05-01,58,Male,Master's,Salaried,Tier 2,64136,10068,10298,690,2877,4116,5888,1515,997,10418,5126,6609,830,54306,4704,7.33,84.67,7.99,1,502,High Risk,51-65,2023-05
USR0508,2023-02-01,33,Female,Master's,Self-Employed,Tier 2,57078,14744,5168,914,5490,5905,3464,3428,382,7584,10656,0,3042,50121,0,0.0,87.81,18.67,0,506,High Risk,31-40,2023-02
USR0509,2024-05-01,34,Male,Bachelor's,Self-Employed,Tier 2,72967,16605,4599,2338,4533,7785,3801,771,804,9599,13381,0,1077,51912,7674,10.52,71.14,18.34,0,583,Medium Risk,31-40,2024-05
USR0510,2023-05-01,44,Female,Bachelor's,Salaried,Tier 3,70822,12054,7716,3294,2393,8851,2493,3455,1489,3963,16150,19076,956,65740,0,0.0,92.82,22.8,1,466,High Risk,41-50,2023-05
USR0511,2022-01-01,46,Other,Bachelor's,Salaried,Tier 2,43919,13631,4235,2313,1686,6380,874,2671,1177,4841,4261,0,2865,40673,0,0.0,92.61,9.7,0,480,High Risk,41-50,2022-01
USR0512,2023-08-01,56,Female,Bachelor's,Business Owner,Tier 3,75477,25134,4799,2260,2342,1513,2078,297,169,6921,9710,0,4493,50006,15761,20.88,66.25,12.86,0,590,Low Risk,51-65,2023-08
USR0513,2024-09-01,62,Female,Master's,Business Owner,Tier 3,72504,21846,9013,1569,6744,9243,1211,4233,1295,13134,8471,0,1650,69938,0,0.0,96.46,11.68,0,525,High Risk,51-65,2024-09
USR0514,2022-02-01,51,Male,Master's,Salaried,Tier 2,62394,19621,11703,3660,826,7891,993,1839,917,14748,14471,7062,2740,72000,0,0.0,115.4,23.19,1,467,High Risk,51-65,2022-02
USR0515,2023-05-01,38,Male,Master's,Salaried,Tier 1,44891,8677,7473,2221,6970,1675,432,4227,1133,4967,8634,12475,281,50531,0,0.0,112.56,19.23,1,452,High Risk,31-40,2023-05
USR0516,2023-11-01,41,Male,Master's,Salaried,Tier 2,68904,13967,2018,874,3726,9855,5997,460,150,9500,14322,5033,1531,53111,1471,2.13,77.08,20.79,1,493,High Risk,41-50,2023-11
USR0517,2023-10-01,46,Female,Bachelor's,Business Owner,Tier 3,70864,13585,2858,3817,6653,5747,3227,1135,430,3396,2357,20247,1922,63017,5490,7.75,88.93,3.33,1,498,High Risk,41-50,2023-10
USR0518,2022-01-01,43,Other,High School,Salaried,Tier 1,55479,16810,11608,1057,2900,8018,5641,1997,450,10862,10982,9133,556,69032,0,0.0,124.43,19.79,1,475,High Risk,41-50,2022-01
USR0519,2022-12-01,34,Male,Master's,Freelancer,Tier 2,41999,14262,7380,1780,4778,6790,3809,531,642,3628,4546,12522,1519,57641,0,0.0,137.24,10.82,1,436,High Risk,31-40,2022-12
USR0520,2023-01-01,40,Female,Bachelor's,Salaried,Tier 3,63663,18676,5032,3923,5050,1808,2373,4410,779,4755,371,0,779,47585,15707,24.67,74.75,0.58,0,612,Low Risk,31-40,2023-01
USR0521,2023-02-01,57,Male,Master's,Self-Employed,Tier 2,59680,19473,6505,2444,6265,9933,3584,467,22,9842,896,0,4595,63130,0,0.0,105.78,1.5,0,484,High Risk,51-65,2023-02
USR0522,2022-10-01,33,Female,Bachelor's,Salaried,Tier 2,75015,20834,11618,2096,4601,5327,4806,2259,366,7380,12713,3883,845,64015,0,0.0,85.34,16.95,1,489,High Risk,31-40,2022-10
USR0523,2022-12-01,62,Male,High School,Freelancer,Tier 1,51290,11670,7789,1628,4515,5764,5803,272,650,12370,4770,0,2433,52894,0,0.0,103.13,9.3,0,495,High Risk,51-65,2022-12
USR0524,2023-10-01,40,Other,PhD,Salaried,Tier 1,83282,19583,4531,1860,5952,2277,2528,3121,819,1834,18074,19518,2831,64854,354,0.43,77.87,21.7,1,513,High Risk,31-40,2023-10
USR0525,2023-06-01,33,Female,High School,Self-Employed,Tier 3,45387,7491,9471,1824,7925,559,997,2653,238,9209,8331,11151,3499,55017,0,0.0,121.22,18.36,1,469,High Risk,31-40,2023-06
USR0526,2023-07-01,30,Male,PhD,Salaried,Tier 1,92883,14516,6719,1600,4806,7486,5602,4088,433,7578,503,8314,507,61649,30731,33.09,66.37,0.54,1,620,Low Risk,22-30,2023-07
USR0527,2024-06-01,28,Male,PhD,Freelancer,Tier 1,49575,14331,6863,2034,550,8360,3884,377,1100,1788,8513,0,433,39720,1342,2.71,80.12,17.17,0,532,High Risk,22-30,2024-06
USR0528,2023-03-01,49,Male,Master's,Business Owner,Tier 3,75771,18009,6038,1753,1968,9027,4687,2199,703,9437,3643,0,1234,55055,17073,22.53,72.66,4.81,0,614,Low Risk,41-50,2023-03
USR0529,2023-02-01,35,Male,Master's,Salaried,Tier 1,69329,18056,4452,2202,1509,9522,4677,971,1150,13207,7324,5262,2422,63430,0,0.0,91.49,10.56,1,491,High Risk,31-40,2023-02
USR0530,2022-09-01,52,Male,Bachelor's,Business Owner,Tier 3,98032,25638,4846,3125,4972,2092,2789,1145,941,12659,15311,0,3020,61227,21494,21.93,62.46,15.62,0,613,Low Risk,51-65,2022-09
USR0531,2022-05-01,40,Female,Master's,Self-Employed,Tier 3,61381,12612,10064,531,7283,4880,4901,4695,540,6147,13392,15454,4938,72045,0,0.0,117.37,21.82,1,487,High Risk,31-40,2022-05
USR0532,2024-09-01,37,Female,Bachelor's,Salaried,Tier 1,61534,15086,8622,2131,4057,6597,4411,469,632,12927,7016,7694,1935,64561,0,0.0,104.92,11.4,1,460,High Risk,31-40,2024-09
USR0533,2022-05-01,26,Female,Bachelor's,Salaried,Tier 1,51464,12565,11972,557,7413,6958,708,2055,5209,6428,10402,8138,4477,66480,0,0.0,129.18,20.21,1,456,High Risk,22-30,2022-05
USR0534,2023-12-01,56,Male,Bachelor's,Salaried,Tier 2,70567,16067,10896,1627,1574,9651,1663,1855,1709,5302,13812,20481,1141,71966,0,0.0,101.98,19.57,1,488,High Risk,51-65,2023-12
USR0535,2022-08-01,33,Female,Bachelor's,Freelancer,Tier 2,55625,17473,11533,811,653,6217,3562,3952,1679,1197,5764,3222,549,50848,0,0.0,91.41,10.36,1,475,High Risk,31-40,2022-08
USR0536,2023-07-01,46,Female,Bachelor's,Freelancer,Tier 1,54312,13047,5462,2252,1081,4666,3310,2733,481,11726,6802,10747,2886,58391,0,0.0,107.51,12.52,1,462,High Risk,41-50,2023-07
USR0537,2022-12-01,42,Male,Bachelor's,Salaried,Tier 2,57966,15693,3159,3638,1287,6988,1247,4354,1202,974,10151,0,1605,40147,7668,13.23,69.26,17.51,0,546,Medium Risk,41-50,2022-12
USR0538,2022-08-01,57,Female,Bachelor's,Self-Employed,Tier 1,50346,16569,6626,2501,5386,8657,5071,2889,868,12668,392,0,3827,65062,0,0.0,129.23,0.78,0,453,High Risk,51-65,2022-08
USR0539,2022-08-01,44,Female,Master's,Business Owner,Tier 3,76655,24778,9056,3237,3881,9813,5362,4561,522,14448,17071,17552,1745,94955,0,0.0,123.87,22.27,1,512,High Risk,41-50,2022-08
USR0540,2023-08-01,37,Male,Bachelor's,Student,Tier 1,23670,7765,5722,1897,6777,5919,5489,2322,650,8196,4555,5482,4520,54739,0,0.0,231.26,19.24,1,368,High Risk,31-40,2023-08
USR0541,2024-05-01,60,Male,PhD,Self-Employed,Tier 1,61356,12516,5560,2282,2767,9790,4635,3361,958,14689,3825,3972,1951,62481,0,0.0,101.83,6.23,1,477,High Risk,51-65,2024-05
USR0542,2024-10-01,63,Female,Master's,Student,Tier 1,20580,3230,8117,2782,4758,8834,368,704,436,7032,5048,0,1946,38207,0,0.0,185.65,24.53,0,425,High Risk,51-65,2024-10
USR0543,2023-06-01,60,Male,Master's,Self-Employed,Tier 3,59610,12053,8589,3190,1470,1546,1761,2604,1788,9202,2673,14648,4581,61432,0,0.0,103.06,4.48,1,499,High Risk,51-65,2023-06
USR0544,2022-01-01,35,Female,Bachelor's,Salaried,Tier 2,59086,12156,11907,3683,1147,9760,3372,2401,856,9229,13502,0,1554,56065,0,0.0,94.89,22.85,0,550,High Risk,31-40,2022-01
USR0545,2022-11-01,52,Female,Master's,Business Owner,Tier 3,82696,27444,8849,1912,7212,8136,774,3489,313,10952,6708,4383,3832,77296,0,0.0,93.47,8.11,1,509,High Risk,51-65,2022-11
USR0546,2024-11-01,26,Female,High School,Self-Employed,Tier 2,51731,14476,4243,1931,6121,4687,5924,4781,4603,3444,9869,13121,4488,67819,0,0.0,131.1,19.08,1,453,High Risk,22-30,2024-11
USR0547,2024-08-01,56,Male,Master's,Self-Employed,Tier 1,63632,10584,10177,3625,1445,3840,1942,1353,1183,6132,7260,0,1368,41649,14723,23.14,65.45,11.41,0,577,Low Risk,51-65,2024-08
USR0548,2023-04-01,44,Male,High School,Self-Employed,Tier 1,45694,8091,3760,1301,5284,6677,4770,4361,817,12566,8413,0,4966,52593,0,0.0,115.1,18.41,0,459,High Risk,41-50,2023-04
USR0549,2022-06-01,50,Female,Master's,Business Owner,Tier 2,88464,16023,7442,738,6758,5273,4216,2627,121,5884,3445,0,4244,53326,31693,35.83,60.28,3.89,0,630,Low Risk,41-50,2022-06
USR0550,2022-09-01,64,Female,PhD,Business Owner,Tier 2,86067,23761,11988,2275,6118,3935,2558,1536,71,1866,5798,20798,2785,77691,2578,3.0,90.27,6.74,1,504,High Risk,51-65,2022-09
USR0551,2023-10-01,32,Male,Bachelor's,Salaried,Tier 2,63842,18966,9679,1818,1995,7800,4224,606,1078,1561,1593,18639,4907,71273,0,0.0,111.64,2.5,1,436,High Risk,31-40,2023-10
USR0552,2022-08-01,39,Female,Bachelor's,Salaried,Tier 1,64204,20669,4675,611,2547,7402,730,3678,459,13020,13886,18126,1100,73017,0,0.0,113.73,21.63,1,498,High Risk,31-40,2022-08
USR0553,2024-08-01,33,Female,Master's,Self-Employed,Tier 3,50975,17236,9124,3659,1672,6299,1190,4244,168,2807,3775,8682,3541,58622,0,0.0,115.0,7.41,1,471,High Risk,31-40,2024-08
USR0554,2024-02-01,30,Male,Bachelor's,Self-Employed,Tier 1,63965,12175,7781,3023,7908,1465,2320,476,1634,807,11105,15266,4346,57201,0,0.0,89.43,17.36,1,484,High Risk,22-30,2024-02
USR0555,2023-06-01,31,Male,Master's,Salaried,Tier 3,62948,13342,5236,2851,4718,7944,5713,3680,581,13190,12907,13678,327,71260,0,0.0,113.2,20.5,1,498,High Risk,31-40,2023-06
USR0556,2022-12-01,38,Female,High School,Freelancer,Tier 1,40722,8065,7898,1828,5399,9871,5164,2561,1172,9688,9176,10297,1875,63818,0,0.0,156.72,22.53,1,410,High Risk,31-40,2022-12
USR0557,2024-10-01,59,Male,High School,Self-Employed,Tier 2,57315,12709,10235,789,3386,7178,2641,2796,628,9976,1523,0,1977,52315,3477,6.07,91.28,2.66,0,513,High Risk,51-65,2024-10
USR0558,2022-04-01,28,Male,PhD,Salaried,Tier 1,84405,28101,10680,2755,5688,1000,2728,2168,715,14287,18843,7453,433,76008,0,0.0,90.05,22.32,1,470,High Risk,22-30,2022-04
USR0559,2023-04-01,34,Male,Master's,Salaried,Tier 2,70274,18624,6276,3415,7469,5054,2720,660,1271,13537,3465,7620,2695,69341,0,0.0,98.67,4.93,1,506,High Risk,31-40,2023-04
USR0560,2023-12-01,61,Male,Master's,Salaried,Tier 2,67100,19971,6723,2309,4658,549,4608,2646,1920,9821,12361,0,783,53988,751,1.12,80.46,18.42,0,514,High Risk,51-65,2023-12
USR0561,2023-02-01,63,Female,Bachelor's,Student,Tier 2,30580,7584,11148,1081,1232,9661,1661,3939,720,803,5572,7786,1666,47281,0,0.0,154.61,18.22,1,423,High Risk,51-65,2023-02
USR0562,2023-05-01,30,Female,Master's,Salaried,Tier 2,75397,11744,7644,869,3587,1487,1151,1782,1250,6986,160,19051,702,56253,18984,25.18,74.61,0.21,1,603,Low Risk,22-30,2023-05
USR0563,2024-07-01,48,Male,Bachelor's,Salaried,Tier 2,58053,9453,3115,719,3961,7271,5308,3717,1946,6066,3201,0,4580,46136,8716,15.01,79.47,5.51,0,590,Medium Risk,41-50,2024-07
USR0564,2022-04-01,23,Female,Bachelor's,Self-Employed,Tier 2,49640,12786,3781,3802,7233,1615,1164,4398,3611,5657,6104,0,1355,45402,0,0.0,91.46,12.3,0,503,High Risk,22-30,2022-04
USR0565,2024-10-01,26,Female,Master's,Salaried,Tier 3,53421,15692,10842,3349,2157,4432,2334,2575,988,4391,5609,13714,1699,62173,0,0.0,116.38,10.5,1,472,High Risk,22-30,2024-10
USR0566,2022-03-01,50,Female,Bachelor's,Salaried,Tier 1,64232,12401,3876,3366,5543,4934,4654,2939,1729,9546,14750,8231,1135,58354,0,0.0,90.85,22.96,1,470,High Risk,41-50,2022-03
USR0567,2022-08-01,58,Male,Bachelor's,Salaried,Tier 2,62338,18351,7363,2396,7925,4067,894,1171,1507,13857,5606,3898,2791,64220,0,0.0,103.02,8.99,1,514,High Risk,51-65,2022-08
USR0568,2022-12-01,59,Male,Bachelor's,Self-Employed,Tier 2,65089,20316,10532,848,6860,2158,2444,1525,1856,10437,15246,11107,555,68638,0,0.0,105.45,23.42,1,479,High Risk,51-65,2022-12
USR0569,2024-11-01,40,Other,Master's,Self-Employed,Tier 2,65872,15307,5375,2802,978,8444,3003,352,1033,6224,7565,0,2194,45712,12595,19.12,69.4,11.48,0,590,Medium Risk,31-40,2024-11
USR0570,2022-02-01,29,Female,Bachelor's,Salaried,Tier 2,73673,22049,4750,951,1637,6300,4111,3808,753,6780,17761,0,1645,52784,3128,4.25,71.65,24.11,0,542,High Risk,22-30,2022-02
USR0571,2024-05-01,22,Male,Master's,Salaried,Tier 1,64421,14868,11546,2689,4453,4876,3224,4160,7281,5850,11875,0,2859,61806,0,0.0,95.94,18.43,0,540,High Risk,22-30,2024-05
USR0572,2023-11-01,43,Male,Bachelor's,Student,Tier 1,32105,9171,5276,3640,6592,8517,1608,3306,125,9509,6656,2125,3480,53349,0,0.0,166.17,20.73,1,423,High Risk,41-50,2023-11
USR0573,2024-09-01,38,Male,Bachelor's,Salaried,Tier 1,58768,17794,2448,588,5999,3315,5437,3286,548,14525,1540,12296,4174,70410,0,0.0,119.81,2.62,1,484,High Risk,31-40,2024-09
USR0574,2023-06-01,28,Female,Master's,Salaried,Tier 1,76220,26553,7537,1370,1476,1470,4793,929,3222,12341,11168,0,2704,62395,2657,3.49,81.86,14.65,0,552,High Risk,22-30,2023-06
USR0575,2023-10-01,46,Female,Bachelor's,Salaried,Tier 2,51329,11245,6172,1659,736,8320,5203,4167,296,9664,1831,11099,2346,60907,0,0.0,118.66,3.57,1,457,High Risk,41-50,2023-10
USR0576,2023-02-01,25,Female,High School,Self-Employed,Tier 2,49881,11582,10989,2542,3023,6012,3178,4369,1901,4633,3711,7794,1410,57433,0,0.0,115.14,7.44,1,480,High Risk,22-30,2023-02
USR0577,2024-05-01,57,Male,High School,Freelancer,Tier 3,24122,4417,5496,2374,4543,707,661,4202,1524,9870,3760,0,829,34623,0,0.0,143.53,15.59,0,459,High Risk,51-65,2024-05
USR0578,2023-03-01,27,Female,Bachelor's,Salaried,Tier 2,60862,11613,4182,1022,6550,759,1817,2532,1235,604,11049,16900,2917,50131,0,0.0,82.37,18.15,1,470,High Risk,22-30,2023-03
USR0579,2023-03-01,52,Female,Master's,Freelancer,Tier 1,58522,16894,5326,3207,1097,5525,616,1773,1068,8946,573,6963,1694,53109,4840,8.27,90.75,0.98,1,488,High Risk,51-65,2023-03
USR0580,2022-04-01,40,Male,High School,Salaried,Tier 3,50832,16947,10837,3498,2202,4858,5786,3468,634,8071,6747,0,1307,57608,0,0.0,113.33,13.27,0,497,High Risk,31-40,2022-04
USR0581,2024-12-01,60,Female,Master's,Salaried,Tier 3,61596,14100,2719,1409,2676,9474,5801,4575,381,11227,8705,15645,3277,71284,0,0.0,115.73,14.13,1,491,High Risk,51-65,2024-12
USR0582,2022-05-01,48,Other,Bachelor's,Freelancer,Tier 2,54768,10185,3522,941,3057,1004,1588,885,1050,14769,1079,0,3634,40635,13054,23.84,74.19,1.97,0,621,Low Risk,41-50,2022-05
USR0583,2022-03-01,31,Male,Bachelor's,Salaried,Tier 2,62172,12870,8756,537,664,2259,4567,4088,704,7101,7782,0,3254,44800,9590,15.42,72.06,12.52,0,536,Medium Risk,31-40,2022-03
USR0584,2022-12-01,47,Female,PhD,Self-Employed,Tier 3,66083,15926,8627,2380,2824,8014,4687,1779,496,7171,11793,0,3015,54919,0,0.0,83.11,17.85,0,525,High Risk,41-50,2022-12
USR0585,2023-08-01,40,Male,Bachelor's,Salaried,Tier 2,63335,13181,3069,3779,6900,8260,2794,1168,851,9282,842,8224,3981,61489,1004,1.59,97.09,1.33,1,499,High Risk,31-40,2023-08
USR0586,2023-08-01,60,Female,Bachelor's,Freelancer,Tier 3,69093,13591,7562,709,7799,4294,5020,3937,1159,9216,13132,3807,2235,59329,0,0.0,85.87,19.01,1,502,High Risk,51-65,2023-08
USR0587,2022-01-01,24,Female,High School,Salaried,Tier 1,64228,19088,9749,3060,3539,4090,1946,2233,5813,9061,9255,6291,369,65239,0,0.0,101.57,14.41,1,503,High Risk,22-30,2022-01
USR0588,2022-03-01,34,Female,High School,Business Owner,Tier 1,81300,12322,6887,3931,1069,7470,3701,967,1072,12889,16935,15943,4031,70282,0,0.0,86.45,20.83,1,521,High Risk,31-40,2022-03
USR0589,2022-09-01,49,Female,Bachelor's,Salaried,Tier 2,66484,17142,6674,2100,3828,9480,5970,845,1631,3463,3624,5839,2496,59468,3392,5.1,89.45,5.45,1,487,High Risk,41-50,2022-09
USR0590,2023-08-01,41,Male,High School,Business Owner,Tier 2,73331,22641,4156,3572,640,6785,3059,4321,1530,9355,15276,19869,4957,80885,0,0.0,110.3,20.83,1,467,High Risk,41-50,2023-08
USR0591,2022-09-01,49,Female,Bachelor's,Salaried,Tier 3,43831,8908,9944,1480,1185,3829,4178,1279,120,1189,1036,4253,2987,39352,3443,7.86,89.78,2.36,1,498,High Risk,41-50,2022-09
USR0592,2024-07-01,29,Female,Bachelor's,Freelancer,Tier 3,42568,11521,6139,880,1186,4512,4690,836,1979,14714,4297,7684,3515,57656,0,0.0,135.44,10.09,1,464,High Risk,22-30,2024-07
USR0593,2024-04-01,62,Male,Bachelor's,Salaried,Tier 2,59155,16787,7629,3375,3780,2592,4957,4525,1240,11338,2950,0,831,57054,0,0.0,96.45,4.99,0,513,High Risk,51-65,2024-04
USR0594,2024-11-01,60,Female,High School,Business Owner,Tier 1,57000,16017,9087,2060,3263,3467,1052,2300,625,7243,12483,11456,1004,57574,0,0.0,101.01,21.9,1,444,High Risk,51-65,2024-11
USR0595,2022-02-01,22,Female,Bachelor's,Salaried,Tier 3,53740,12852,7078,3406,7666,9761,3490,300,245,3088,9470,7086,3234,58206,0,0.0,108.31,17.62,1,448,High Risk,22-30,2022-02
USR0596,2022-03-01,24,Male,Master's,Salaried,Tier 2,54153,11876,8405,893,4090,2175,1911,4117,5948,2035,343,14533,3287,59270,0,0.0,109.45,0.63,1,483,High Risk,22-30,2022-03
USR0597,2023-02-01,34,Female,PhD,Self-Employed,Tier 1,69693,22105,8871,1573,2538,4896,2725,1068,1066,2528,165,0,4680,52050,17478,25.08,74.68,0.24,0,600,Low Risk,31-40,2023-02
USR0598,2023-05-01,49,Female,High School,Salaried,Tier 2,61550,18568,2632,895,1574,787,3846,4297,1946,13718,4481,13851,3612,65726,0,0.0,106.78,7.28,1,480,High Risk,41-50,2023-05
USR0599,2024-11-01,46,Male,Master's,Salaried,Tier 2,78854,16894,4199,2276,6122,1285,2230,221,751,2356,2824,16478,4069,56881,19149,24.28,72.13,3.58,1,606,Low Risk,41-50,2024-11
USR0600,2022-04-01,54,Other,Bachelor's,Student,Tier 3,26318,4489,7353,2579,5878,2816,436,2825,95,3686,4147,0,991,31148,0,0.0,118.35,15.76,0,443,High Risk,51-65,2022-04
USR0601,2024-06-01,59,Male,Bachelor's,Student,Tier 2,15292,2513,4910,1044,2725,3338,1256,2103,26,3269,2537,0,4341,25525,0,0.0,166.92,16.59,0,423,High Risk,51-65,2024-06
USR0602,2023-02-01,27,Male,Bachelor's,Salaried,Tier 1,47543,8027,2622,3259,5517,7729,2460,2776,7123,6585,11195,0,2751,48849,0,0.0,102.75,23.55,0,485,High Risk,22-30,2023-02
USR0603,2024-03-01,53,Male,High School,Student,Tier 3,10000,2665,8073,3805,7186,8637,5891,4309,1918,6986,2380,2746,4041,56257,0,0.0,562.57,23.8,1,300,High Risk,51-65,2024-03
USR0604,2023-01-01,42,Female,High School,Self-Employed,Tier 2,37848,6068,2360,3597,1841,8618,2626,4814,1265,7741,6234,10227,3414,52571,0,0.0,138.9,16.47,1,453,High Risk,41-50,2023-01
USR0605,2023-08-01,37,Female,Bachelor's,Salaried,Tier 2,55889,12149,8365,1584,2189,1765,1225,3493,486,14970,79,0,3556,49782,6028,10.79,89.07,0.14,0,514,Medium Risk,31-40,2023-08
USR0606,2023-12-01,42,Male,Bachelor's,Freelancer,Tier 1,46722,14046,10401,1052,3510,3483,1108,2135,1994,3487,4193,3290,2772,47278,0,0.0,101.19,8.97,1,466,High Risk,41-50,2023-12
USR0607,2022-10-01,32,Male,PhD,Freelancer,Tier 2,53886,11255,11122,1964,863,6401,649,815,239,8635,6912,0,4104,46047,927,1.72,85.45,12.83,0,533,High Risk,31-40,2022-10
USR0608,2022-07-01,58,Female,Bachelor's,Student,Tier 1,25711,7781,5943,1653,5674,8431,768,2650,1327,14673,3208,7627,2294,58821,0,0.0,228.78,12.48,1,344,High Risk,51-65,2022-07
USR0609,2023-05-01,57,Male,High School,Salaried,Tier 1,53141,15894,6869,1877,7823,8643,3698,3784,66,13765,8015,2943,4823,70185,0,0.0,132.07,15.08,1,455,High Risk,51-65,2023-05
USR0610,2023-10-01,56,Female,Master's,Freelancer,Tier 2,55084,10970,10128,2745,1567,8530,3060,486,1304,6590,13227,12020,815,58215,0,0.0,105.68,24.01,1,447,High Risk,51-65,2023-10
USR0611,2022-11-01,40,Female,Bachelor's,Salaried,Tier 1,72122,21331,2877,3346,3140,8762,5969,3518,1215,13167,15960,0,4193,67518,0,0.0,93.62,22.13,0,512,High Risk,31-40,2022-11
USR0612,2023-11-01,41,Female,Bachelor's,Salaried,Tier 2,53558,16043,6795,2186,4249,1111,2526,2123,1142,14301,1458,11335,4496,66307,0,0.0,123.8,2.72,1,411,High Risk,41-50,2023-11
USR0613,2023-10-01,39,Other,Master's,Salaried,Tier 1,73349,16832,9791,2239,2530,7728,4509,2973,1175,9840,4877,7670,2501,67788,684,0.93,92.42,6.65,1,527,High Risk,31-40,2023-10
USR0614,2023-06-01,62,Male,PhD,Student,Tier 2,36888,7085,4523,1193,7185,4023,1508,2290,1800,14873,7682,3935,2430,50845,0,0.0,137.84,20.83,1,430,High Risk,51-65,2023-06
USR0615,2024-02-01,35,Other,Master's,Business Owner,Tier 1,84332,21441,8270,3942,6965,6012,917,3001,1415,1280,17378,13295,1772,68310,0,0.0,81.0,20.61,1,497,High Risk,31-40,2024-02
USR0616,2024-06-01,36,Female,Master's,Freelancer,Tier 1,62082,20752,10583,2694,7291,4202,1169,1192,230,4905,4273,4591,3228,60837,0,0.0,97.99,6.88,1,489,High Risk,31-40,2024-06
USR0617,2023-01-01,52,Female,Master's,Self-Employed,Tier 1,70032,19463,8623,2239,6657,5924,3545,1784,350,2653,12791,0,2737,53975,3266,4.66,77.07,18.26,0,524,High Risk,51-65,2023-01
USR0618,2022-04-01,22,Male,PhD,Salaried,Tier 3,69428,12815,7088,997,5976,8882,5961,2103,4789,9247,11664,5005,704,63567,0,0.0,91.56,16.8,1,470,High Risk,22-30,2022-04
USR0619,2024-03-01,24,Female,Bachelor's,Salaried,Tier 3,61542,17634,9564,2595,6102,2128,2685,1075,2387,3796,7285,11892,2145,62003,0,0.0,100.75,11.84,1,511,High Risk,22-30,2024-03
USR0620,2022-10-01,37,Male,High School,Salaried,Tier 1,57249,13478,9066,3317,1117,8407,3855,2085,1552,3813,2883,8555,2061,57306,0,0.0,100.1,5.04,1,513,High Risk,31-40,2022-10
USR0621,2024-04-01,44,Male,Bachelor's,Salaried,Tier 3,60815,16317,8545,3198,4954,3872,2918,343,1194,4992,13510,7504,3922,57759,0,0.0,94.97,22.21,1,471,High Risk,41-50,2024-04
USR0622,2023-09-01,32,Male,Bachelor's,Freelancer,Tier 2,52680,15636,4321,1695,5937,8708,1103,2456,862,6796,8927,6793,3883,58190,0,0.0,110.46,16.95,1,488,High Risk,31-40,2023-09
USR0623,2022-11-01,33,Female,Master's,Self-Employed,Tier 3,65249,16507,10149,1112,3646,9758,1650,1322,1987,3083,2756,6643,603,56460,6033,9.25,86.53,4.22,1,526,High Risk,31-40,2022-11
USR0624,2023-08-01,31,Female,Bachelor's,Salaried,Tier 2,77660,24291,10125,3246,2482,3639,1655,899,1155,12399,13683,0,4531,64422,0,0.0,82.95,17.62,0,507,High Risk,31-40,2023-08
USR0625,2024-12-01,53,Female,Bachelor's,Salaried,Tier 2,50757,14944,10330,1838,6210,2759,4430,4409,356,12560,9408,5114,1819,64769,0,0.0,127.61,18.54,1,438,High Risk,51-65,2024-12
USR0626,2023-07-01,37,Female,High School,Salaried,Tier 1,54020,14748,10294,875,693,2750,731,470,1671,3543,11977,0,3106,38881,3162,5.85,71.98,22.17,0,566,High Risk,31-40,2023-07
USR0627,2022-10-01,29,Male,Master's,Salaried,Tier 2,62731,11301,7333,1305,4958,6621,2467,262,7259,11705,3494,5080,3213,61504,0,0.0,98.04,5.57,1,455,High Risk,22-30,2022-10
USR0628,2023-03-01,59,Female,Bachelor's,Student,Tier 3,27832,8828,10675,1420,1619,8681,532,1207,1328,8069,6879,7989,3816,54164,0,0.0,194.61,24.72,1,446,High Risk,51-65,2023-03
USR0629,2023-06-01,33,Male,Master's,Self-Employed,Tier 2,50062,16879,9858,1374,5659,783,5449,3043,1029,6479,1919,0,4928,55481,0,0.0,110.82,3.83,0,483,High Risk,31-40,2023-06
USR0630,2022-07-01,45,Female,Bachelor's,Business Owner,Tier 1,82770,14682,6319,3357,7411,6225,5921,2472,328,12536,12429,23661,1769,84681,0,0.0,102.31,15.02,1,533,High Risk,41-50,2022-07
USR0631,2024-06-01,49,Female,Bachelor's,Self-Employed,Tier 1,50959,12619,7389,1943,7040,8418,5744,2182,1193,1669,8372,13163,3916,65276,0,0.0,128.1,16.43,1,450,High Risk,41-50,2024-06
USR0632,2023-02-01,29,Female,High School,Salaried,Tier 2,49126,9912,3848,3452,4702,5737,1521,2628,1351,3762,5145,10816,339,48068,0,0.0,97.85,10.47,1,486,High Risk,22-30,2023-02
USR0633,2024-06-01,49,Female,High School,Salaried,Tier 2,43428,13067,5205,1919,7684,9294,5823,3924,1823,7536,5157,0,4883,61158,0,0.0,140.83,11.87,0,500,High Risk,41-50,2024-06
USR0634,2024-03-01,57,Male,Master's,Business Owner,Tier 2,83279,24511,4161,2045,1026,4575,4252,4613,910,7226,18548,7062,2043,62424,2307,2.77,74.96,22.27,1,551,High Risk,51-65,2024-03
USR0635,2023-05-01,47,Male,PhD,Freelancer,Tier 3,70676,12592,3464,1710,2452,6662,1908,2955,337,4522,11401,6649,3578,46829,12446,17.61,66.26,16.13,1,548,Medium Risk,41-50,2023-05
USR0636,2024-06-01,29,Female,Bachelor's,Salaried,Tier 1,62798,20434,2643,1505,7654,8136,3726,3934,4346,8892,7802,0,3164,64434,0,0.0,102.61,12.42,0,494,High Risk,22-30,2024-06
USR0637,2023-06-01,49,Male,High School,Self-Employed,Tier 1,53021,9872,7351,2580,5379,6237,600,1492,1092,2390,1701,5896,4865,47754,3566,6.73,90.07,3.21,1,496,High Risk,41-50,2023-06
USR0638,2022-03-01,49,Male,Bachelor's,Self-Employed,Tier 3,69317,21450,6553,2616,7168,9492,3830,4709,881,8703,127,0,3369,68771,419,0.6,99.21,0.18,0,495,High Risk,41-50,2022-03
USR0639,2024-04-01,58,Female,Master's,Self-Employed,Tier 1,65110,15717,8518,1091,2282,9451,3237,4520,538,5671,2034,0,2372,53397,9679,14.87,82.01,3.12,0,573,Medium Risk,51-65,2024-04
USR0640,2024-06-01,62,Female,Master's,Student,Tier 1,25529,5505,7723,1714,6345,8502,4191,1377,736,10668,6102,1456,3620,51837,0,0.0,203.05,23.9,1,377,High Risk,51-65,2024-06
USR0641,2023-09-01,57,Male,High School,Self-Employed,Tier 2,51738,9398,9946,2648,5662,7572,1678,4916,1857,10017,9883,0,3243,56937,0,0.0,110.05,19.1,0,518,High Risk,51-65,2023-09
USR0642,2023-08-01,48,Male,High School,Self-Employed,Tier 3,43645,8009,2610,2008,3173,1993,2114,2820,1530,14683,10552,4870,1449,45259,0,0.0,103.7,24.18,1,450,High Risk,41-50,2023-08
USR0643,2023-10-01,38,Female,Master's,Salaried,Tier 1,65964,18626,6302,1808,6461,9506,1257,2736,1769,12063,588,13302,2897,76727,0,0.0,116.32,0.89,1,442,High Risk,31-40,2023-10
USR0644,2024-12-01,30,Female,Bachelor's,Salaried,Tier 3,50840,13222,3543,1413,2897,872,3193,2168,1509,12762,8645,15063,2953,59595,0,0.0,117.22,17.0,1,490,High Risk,22-30,2024-12
USR0645,2024-12-01,54,Male,Bachelor's,Salaried,Tier 3,70410,12280,3466,3280,4224,6087,241,1395,442,13707,779,0,4634,49756,19875,28.23,70.67,1.11,0,623,Low Risk,51-65,2024-12
USR0646,2023-09-01,41,Male,High School,Salaried,Tier 1,51911,8956,11108,889,7697,7571,5096,3031,923,7164,10149,8119,4084,64638,0,0.0,124.52,19.55,1,460,High Risk,41-50,2023-09
USR0647,2023-12-01,34,Male,Bachelor's,Freelancer,Tier 2,49456,8133,8236,659,6060,3391,2370,707,919,7807,4710,0,294,38576,6170,12.48,78.0,9.52,0,569,Medium Risk,31-40,2023-12
USR0648,2023-09-01,49,Male,Master's,Freelancer,Tier 2,46712,13955,3181,1391,5601,7086,226,604,50,6743,1118,11502,4491,54830,0,0.0,117.38,2.39,1,475,High Risk,41-50,2023-09
USR0649,2022-07-01,50,Male,PhD,Salaried,Tier 2,80487,23532,4146,1570,3089,8123,3733,1494,148,4056,11430,0,4487,54378,14679,18.24,67.56,14.2,0,586,Medium Risk,41-50,2022-07
USR0650,2022-08-01,34,Female,Bachelor's,Business Owner,Tier 3,73904,11949,4272,3730,4026,3819,2818,3825,1950,7804,5175,21427,4817,70437,0,0.0,95.31,7.0,1,487,High Risk,31-40,2022-08
USR0651,2023-10-01,56,Female,Bachelor's,Salaried,Tier 3,61866,16212,11043,1969,4349,4467,1370,3019,1610,5466,10201,9557,1875,60937,0,0.0,98.5,16.49,1,460,High Risk,51-65,2023-10
USR0652,2023-10-01,27,Female,High School,Salaried,Tier 1,62022,10353,6536,1195,2134,1322,3898,4959,2076,865,10205,7965,212,41515,10302,16.61,66.94,16.45,1,519,Medium Risk,22-30,2023-10
USR0653,2024-06-01,39,Male,Bachelor's,Salaried,Tier 2,69326,22929,2719,1257,3509,721,910,3837,1115,8551,12218,0,2501,48049,9059,13.07,69.31,17.62,0,585,Medium Risk,31-40,2024-06
USR0654,2024-10-01,26,Female,Bachelor's,Salaried,Tier 2,62823,20821,6680,3070,593,7380,3399,2073,436,1156,15587,17839,4283,67730,0,0.0,107.81,24.81,1,486,High Risk,22-30,2024-10
USR0655,2024-05-01,46,Male,Bachelor's,Salaried,Tier 2,48854,14150,5472,3279,4294,4388,2623,1606,1959,8852,4722,10282,572,57477,0,0.0,117.65,9.67,1,475,High Risk,41-50,2024-05
USR0656,2022-10-01,23,Other,Bachelor's,Self-Employed,Tier 2,79942,26799,5642,2702,3866,5800,2218,3783,5716,8866,9299,4366,4689,74447,0,0.0,93.13,11.63,1,529,High Risk,22-30,2022-10
USR0657,2022-05-01,31,Female,Bachelor's,Salaried,Tier 1,76966,24035,2063,838,6639,3770,4960,1777,1770,3970,15481,0,617,50439,11046,14.35,65.53,20.11,0,602,Medium Risk,31-40,2022-05
USR0658,2024-10-01,51,Male,High School,Student,Tier 2,20781,6560,2559,2476,3446,5193,5078,4576,1897,4560,3004,0,1016,37361,0,0.0,179.78,14.46,0,448,High Risk,51-65,2024-10
USR0659,2022-10-01,26,Female,Bachelor's,Salaried,Tier 2,56974,15037,9446,3936,588,8066,3098,3627,735,6099,530,0,2003,52635,3809,6.69,92.38,0.93,0,489,High Risk,22-30,2022-10
USR0660,2022-09-01,54,Male,High School,Salaried,Tier 1,54091,11424,3733,1294,6549,4493,2247,836,75,1044,11400,0,3812,35507,7184,13.28,65.64,21.08,0,554,Medium Risk,51-65,2022-09
USR0661,2024-08-01,22,Female,High School,Salaried,Tier 3,50652,9804,10861,2222,3050,3098,5402,1007,7584,12546,652,0,3604,59178,0,0.0,116.83,1.29,0,511,High Risk,22-30,2024-08
USR0662,2022-05-01,39,Male,PhD,Self-Employed,Tier 3,80110,17258,5894,2097,3314,2166,1758,2595,226,6926,3421,18917,3139,64290,12399,15.48,80.25,4.27,1,533,Medium Risk,31-40,2022-05
USR0663,2024-11-01,53,Male,Bachelor's,Salaried,Tier 2,65100,17948,3542,3719,6637,5257,3794,4724,1386,2261,1661,0,1532,50800,12639,19.41,78.03,2.55,0,586,Medium Risk,51-65,2024-11
USR0664,2022-11-01,32,Female,Bachelor's,Business Owner,Tier 1,73726,13604,11463,1398,6857,2054,1922,1615,958,1456,1436,20988,3446,65761,6529,8.86,89.2,1.95,1,536,High Risk,31-40,2022-11
USR0665,2023-04-01,42,Male,Master's,Self-Employed,Tier 2,59233,11948,4415,1667,1945,6615,4252,2649,1591,9143,380,5845,955,51025,7828,13.22,86.14,0.64,1,534,Medium Risk,41-50,2023-04
USR0666,2024-03-01,47,Female,PhD,Self-Employed,Tier 1,78969,19237,8090,602,5121,5937,1851,4960,591,8676,1086,5256,3725,64046,13837,17.52,81.1,1.38,1,568,Medium Risk,41-50,2024-03
USR0667,2023-08-01,46,Male,Bachelor's,Self-Employed,Tier 1,68800,13526,7217,3359,6835,6741,5422,3696,23,8291,7609,14523,1996,71629,0,0.0,104.11,11.06,1,498,High Risk,41-50,2023-08
USR0668,2022-01-01,43,Female,Master's,Salaried,Tier 2,82226,22014,7387,592,2330,9772,1978,3788,1762,8773,5197,0,4169,62565,14464,17.59,76.09,6.32,0,600,Medium Risk,41-50,2022-01
USR0669,2024-02-01,48,Female,Bachelor's,Salaried,Tier 1,69056,23108,7179,1474,3241,587,883,4229,27,1736,2184,0,3259,45723,21149,30.63,66.21,3.16,0,598,Low Risk,41-50,2024-02
USR0670,2022-11-01,34,Female,Bachelor's,Salaried,Tier 1,60979,18270,10187,3857,7285,7615,1479,4932,120,5411,10041,14744,2377,76277,0,0.0,125.09,16.47,1,478,High Risk,31-40,2022-11
USR0671,2023-03-01,54,Male,Bachelor's,Self-Employed,Tier 1,30067,8517,8643,1947,7891,3203,2494,714,1513,6777,1699,0,3756,45455,0,0.0,151.18,5.65,0,460,High Risk,51-65,2023-03
USR0672,2023-06-01,55,Male,Master's,Salaried,Tier 1,72377,19291,9660,618,1054,2918,2210,3494,1628,946,342,0,2250,44069,27966,38.64,60.89,0.47,0,628,Low Risk,51-65,2023-06
USR0673,2023-12-01,62,Male,Master's,Salaried,Tier 1,69985,17327,4458,2532,4264,4647,1415,3108,852,2665,7320,19585,2189,63042,0,0.0,90.08,10.46,1,522,High Risk,51-65,2023-12
USR0674,2024-04-01,56,Male,Bachelor's,Student,Tier 3,24119,4517,11355,2576,2934,2247,5945,2698,623,2119,1871,0,754,35768,0,0.0,148.3,7.76,0,460,High Risk,51-65,2024-04
USR0675,2024-01-01,22,Female,High School,Salaried,Tier 1,55431,18233,8028,3560,1180,8732,2782,1566,548,2293,4415,10515,465,57902,0,0.0,104.46,7.96,1,445,High Risk,22-30,2024-01
USR0676,2023-11-01,42,Female,Bachelor's,Business Owner,Tier 1,69389,13857,7447,2034,7419,538,2093,540,1368,12006,7724,13106,1122,61530,135,0.19,88.67,11.13,1,479,High Risk,41-50,2023-11
USR0677,2022-11-01,27,Female,High School,Freelancer,Tier 1,44459,7480,6559,3601,6093,7543,513,4172,6240,13536,7434,7141,2271,65149,0,0.0,146.54,16.72,1,429,High Risk,22-30,2022-11
USR0678,2024-09-01,49,Female,Bachelor's,Salaried,Tier 3,68057,20417,4749,3419,2131,2651,4194,1760,1678,9865,10488,20149,733,71746,0,0.0,105.42,15.41,1,474,High Risk,41-50,2024-09
USR0679,2023-04-01,38,Female,Master's,Salaried,Tier 2,75458,13969,3948,1889,702,4437,5692,2668,1902,6505,17680,0,4183,45895,11883,15.75,60.82,23.43,0,598,Medium Risk,31-40,2023-04
USR0680,2024-12-01,26,Female,Master's,Salaried,Tier 2,77572,17405,8306,3347,7653,7386,643,2628,2569,14344,10040,16042,1893,82216,0,0.0,105.99,12.94,1,475,High Risk,22-30,2024-12
USR0681,2023-11-01,52,Male,Master's,Freelancer,Tier 3,59832,9313,10251,3709,5042,708,1871,3888,1250,1145,7068,0,2251,39428,13336,22.29,65.9,11.81,0,616,Low Risk,51-65,2023-11
USR0682,2022-06-01,26,Female,Master's,Self-Employed,Tier 2,59719,10594,10092,974,4418,1099,3116,2895,913,878,3186,10858,3890,49727,6806,11.4,83.27,5.33,1,543,Medium Risk,22-30,2022-06
USR0683,2023-12-01,59,Female,Bachelor's,Freelancer,Tier 1,47433,8758,10524,3110,7543,9296,3466,2227,1273,3155,8957,0,3031,52383,0,0.0,110.44,18.88,0,504,High Risk,51-65,2023-12
USR0684,2022-06-01,24,Female,Master's,Student,Tier 1,30728,4943,2189,3963,3639,4209,4877,3952,7273,7609,1081,3431,4527,50612,0,0.0,164.71,3.52,1,419,High Risk,22-30,2022-06
USR0685,2022-10-01,44,Male,Bachelor's,Freelancer,Tier 2,48861,13746,8008,934,5711,8226,5679,515,725,4084,5999,7248,3120,57996,0,0.0,118.7,12.28,1,478,High Risk,41-50,2022-10
USR0686,2023-10-01,58,Male,High School,Salaried,Tier 1,62985,19991,9482,3351,5373,713,4843,4189,1915,12425,6634,0,4367,66649,0,0.0,105.82,10.53,0,504,High Risk,51-65,2023-10
USR0687,2023-11-01,58,Male,High School,Salaried,Tier 2,60149,13513,2295,1757,2725,6223,5427,1301,388,1640,9899,0,4823,40092,10158,16.89,66.65,16.46,0,563,Medium Risk,51-65,2023-11
USR0688,2022-05-01,31,Female,Bachelor's,Business Owner,Tier 1,96618,31392,10368,554,2186,7052,3295,730,943,4235,22164,0,1085,61840,12614,13.06,64.0,22.94,0,627,Medium Risk,31-40,2022-05
USR0689,2024-04-01,31,Female,Bachelor's,Salaried,Tier 2,80651,15538,10168,1430,1328,6738,4760,2602,1804,13724,19085,8508,1658,68258,0,0.0,84.63,23.66,1,514,High Risk,31-40,2024-04
USR0690,2022-09-01,40,Male,Bachelor's,Salaried,Tier 1,63637,13686,2799,1815,5154,8960,5341,2059,1311,10705,2669,0,3995,55825,5143,8.08,87.72,4.19,0,530,High Risk,31-40,2022-09
USR0691,2024-04-01,38,Other,Master's,Freelancer,Tier 1,24306,4378,10997,3299,7670,2908,2064,4957,1730,1161,1590,5918,3355,48437,0,0.0,199.28,6.54,1,386,High Risk,31-40,2024-04
USR0692,2024-01-01,42,Male,High School,Salaried,Tier 2,64894,17788,9003,811,2522,8472,915,1419,1789,5936,13167,16556,3610,68821,0,0.0,106.05,20.29,1,467,High Risk,41-50,2024-01
USR0693,2024-03-01,35,Male,High School,Student,Tier 3,10676,2497,11934,2071,602,5278,1091,4422,1614,13663,1383,1186,4224,48582,0,0.0,455.06,12.95,1,300,High Risk,31-40,2024-03
USR0694,2023-12-01,30,Male,PhD,Freelancer,Tier 2,55588,15156,10406,3660,5892,1322,4007,4644,1014,8703,6295,11980,762,67546,0,0.0,121.51,11.32,1,464,High Risk,22-30,2023-12
USR0695,2023-04-01,22,Female,High School,Salaried,Tier 2,51812,15664,4700,3783,2057,6600,700,1966,6425,5709,9204,0,4226,51830,0,0.0,100.03,17.76,0,504,High Risk,22-30,2023-04
USR0696,2022-02-01,34,Female,Bachelor's,Student,Tier 1,19426,5034,10788,1456,4711,3095,2982,1267,755,887,2923,0,3171,34146,0,0.0,175.77,15.05,0,445,High Risk,31-40,2022-02
USR0697,2022-02-01,25,Male,Bachelor's,Salaried,Tier 1,67898,18707,11909,2865,5454,8617,2840,927,2802,14918,16477,12708,544,82291,0,0.0,121.2,24.27,1,452,High Risk,22-30,2022-02
USR0698,2022-05-01,22,Female,Bachelor's,Salaried,Tier 1,50524,17029,11547,2400,4587,4453,4702,443,3122,3523,7376,5360,2916,60082,0,0.0,118.92,14.6,1,482,High Risk,22-30,2022-05
USR0699,2023-09-01,61,Male,High School,Salaried,Tier 1,46378,9730,11484,1256,3011,4331,1553,1985,1029,12525,5402,0,2878,49782,0,0.0,107.34,11.65,0,480,High Risk,51-65,2023-09
USR0700,2022-10-01,53,Female,High School,Salaried,Tier 1,57745,12809,7873,3012,603,5083,902,911,792,10611,7836,0,1872,44468,5441,9.42,77.01,13.57,0,584,High Risk,51-65,2022-10
USR0701,2023-06-01,55,Female,High School,Self-Employed,Tier 1,52983,15552,6714,3658,6902,6735,2533,3093,411,13183,10709,0,3327,62108,0,0.0,117.22,20.21,0,488,High Risk,51-65,2023-06
USR0702,2024-02-01,49,Female,Bachelor's,Salaried,Tier 3,68132,18549,8491,1932,5927,9342,2394,3350,1981,11284,10435,0,4153,67403,0,0.0,98.93,15.32,0,539,High Risk,41-50,2024-02
USR0703,2023-08-01,52,Male,Bachelor's,Salaried,Tier 1,56703,10530,10333,1763,3938,8483,2209,4381,661,11400,9172,0,1319,55017,0,0.0,97.03,16.18,0,458,High Risk,51-65,2023-08
USR0704,2024-12-01,29,Other,Bachelor's,Salaried,Tier 2,55173,12426,4839,2355,5524,7000,583,1708,1143,5235,13399,12825,2112,55750,0,0.0,101.05,24.29,1,451,High Risk,22-30,2024-12
USR0705,2023-09-01,60,Female,Bachelor's,Freelancer,Tier 2,43946,10703,5513,3247,3357,6351,2258,470,1422,8791,6794,5574,3202,50888,0,0.0,115.8,15.46,1,450,High Risk,51-65,2023-09
USR0706,2022-02-01,47,Male,Master's,Business Owner,Tier 2,88918,20795,11906,3628,7285,2134,2523,1997,1305,13244,8453,0,2462,67279,13186,14.83,75.66,9.51,0,554,Medium Risk,41-50,2022-02
USR0707,2024-09-01,55,Female,High School,Salaried,Tier 2,66883,12417,3135,3684,1306,5314,1085,2760,190,14810,11559,13391,942,59034,0,0.0,88.26,17.28,1,504,High Risk,51-65,2024-09
USR0708,2023-11-01,24,Male,Bachelor's,Salaried,Tier 1,46620,15612,8357,3282,7666,1667,1791,3760,4406,12768,7685,0,4353,63662,0,0.0,136.56,16.48,0,484,High Risk,22-30,2023-11
USR0709,2024-07-01,33,Female,Master's,Salaried,Tier 1,68234,20638,4247,1593,7969,4576,5259,4203,584,6971,236,17321,2652,76013,0,0.0,111.4,0.35,1,462,High Risk,31-40,2024-07
USR0710,2022-04-01,22,Male,Bachelor's,Salaried,Tier 2,52338,12889,8548,3286,5155,8890,4598,2377,4426,3271,6114,9459,2968,65867,0,0.0,125.85,11.68,1,459,High Risk,22-30,2022-04
USR0711,2022-03-01,26,Female,Bachelor's,Freelancer,Tier 3,34782,9948,6516,3315,2574,7458,2451,1037,4106,4669,6459,3712,982,46768,0,0.0,134.46,18.57,1,453,High Risk,22-30,2022-03
USR0712,2022-10-01,51,Female,Bachelor's,Freelancer,Tier 1,55735,18362,6102,3755,7151,5942,4640,3017,499,7763,6953,0,296,57527,0,0.0,103.22,12.48,0,462,High Risk,51-65,2022-10
USR0713,2024-08-01,51,Male,Master's,Salaried,Tier 1,74356,13178,3548,1243,1026,6860,1983,3914,579,6735,14492,0,786,39852,20012,26.91,53.6,19.49,0,602,Low Risk,51-65,2024-08
USR0714,2024-12-01,38,Male,Master's,Salaried,Tier 3,73595,14724,8532,2823,7418,7199,5121,3278,815,11069,8295,5190,4836,71005,0,0.0,96.48,11.27,1,488,High Risk,31-40,2024-12
USR0715,2024-03-01,44,Male,Bachelor's,Salaried,Tier 1,70368,18192,6511,732,3936,4005,5585,3099,1457,10555,17298,0,2438,56510,0,0.0,80.31,24.58,0,530,High Risk,41-50,2024-03
USR0716,2023-07-01,36,Male,Master's,Self-Employed,Tier 2,59162,18328,4831,2601,5548,1302,4317,1976,1086,4519,4332,0,1116,45624,9206,15.56,77.12,7.32,0,566,Medium Risk,31-40,2023-07
USR0717,2022-01-01,58,Male,Bachelor's,Salaried,Tier 2,59538,9362,11198,756,797,8127,2783,1850,1476,4770,1371,0,3549,44668,13499,22.67,75.02,2.3,0,607,Low Risk,51-65,2022-01
USR0718,2024-02-01,42,Female,Bachelor's,Student,Tier 1,40485,14040,5062,2528,5372,9392,1929,3148,1516,6356,4352,2422,2786,54551,0,0.0,134.74,10.75,1,452,High Risk,41-50,2024-02
USR0719,2023-01-01,35,Male,Bachelor's,Freelancer,Tier 2,46027,11091,9975,2637,860,1002,5415,2720,1669,12450,6233,0,4380,52199,0,0.0,113.41,13.54,0,503,High Risk,31-40,2023-01
USR0720,2024-11-01,23,Male,High School,Salaried,Tier 2,60881,13506,5052,2261,4217,6325,5764,2585,1750,13284,5313,10147,2688,67579,0,0.0,111.0,8.73,1,447,High Risk,22-30,2024-11
USR0721,2022-02-01,32,Female,Master's,Self-Employed,Tier 1,63051,13148,9210,2429,5099,8439,462,4614,1330,14080,3819,12128,3993,74932,0,0.0,118.84,6.06,1,476,High Risk,31-40,2022-02
USR0722,2023-10-01,60,Male,Bachelor's,Business Owner,Tier 2,65213,12056,5539,1958,2476,6532,2831,2968,779,13215,10956,0,3037,51391,2866,4.39,78.8,16.8,0,532,High Risk,51-65,2023-10
USR0723,2024-04-01,59,Female,Bachelor's,Self-Employed,Tier 3,39642,12222,2526,2148,7231,7906,4026,4438,1758,534,3737,11032,2586,56407,0,0.0,142.29,9.43,1,467,High Risk,51-65,2024-04
USR0724,2022-02-01,55,Female,PhD,Salaried,Tier 2,72368,24683,4807,907,2577,5219,2630,2904,942,10858,11422,0,2041,57568,3378,4.67,79.55,15.78,0,550,High Risk,51-65,2022-02
USR0725,2022-11-01,59,Female,High School,Salaried,Tier 1,63448,14766,11387,3840,6058,8248,5869,1372,1149,14182,12357,18777,1402,87050,0,0.0,137.2,19.48,1,451,High Risk,51-65,2022-11
USR0726,2024-02-01,55,Female,Bachelor's,Business Owner,Tier 2,86306,29385,3753,2192,3911,3370,591,2718,264,12331,16419,14595,4969,78079,0,0.0,90.47,19.02,1,528,High Risk,51-65,2024-02
USR0727,2024-04-01,39,Female,High School,Self-Employed,Tier 2,55312,17409,11864,2477,2673,5258,3136,562,6,12664,5189,3931,929,60909,0,0.0,110.12,9.38,1,481,High Risk,31-40,2024-04
USR0728,2024-02-01,51,Male,Master's,Freelancer,Tier 3,47103,11597,8882,2913,5191,6468,3872,849,1436,8118,6687,13607,516,63449,0,0.0,134.7,14.2,1,433,High Risk,51-65,2024-02
USR0729,2023-05-01,36,Male,Master's,Business Owner,Tier 2,99926,28459,3654,2898,2089,1598,739,2456,1229,3880,11233,0,275,47277,41416,41.45,47.31,11.24,0,693,Low Risk,31-40,2023-05
USR0730,2022-03-01,48,Male,Bachelor's,Business Owner,Tier 1,72280,17130,6841,1822,1889,3669,1315,3336,1202,5976,15735,17638,3246,64064,0,0.0,88.63,21.77,1,491,High Risk,41-50,2022-03
USR0731,2023-02-01,55,Female,Master's,Business Owner,Tier 2,88702,23217,6041,2429,6471,882,5478,4844,1491,8043,19486,5128,403,64427,4789,5.4,72.63,21.97,1,563,High Risk,51-65,2023-02
USR0732,2023-04-01,59,Male,Bachelor's,Salaried,Tier 2,62917,10167,7024,1682,4014,8290,1083,1335,1519,3676,5406,0,4488,43278,14233,22.62,68.79,8.59,0,600,Low Risk,51-65,2023-04
USR0733,2024-12-01,54,Female,Master's,Self-Employed,Tier 1,61609,17820,11039,3034,762,4440,4523,4558,694,8867,1412,0,3975,59712,485,0.79,96.92,2.29,0,530,High Risk,51-65,2024-12
USR0734,2024-04-01,45,Other,Bachelor's,Freelancer,Tier 2,58708,9426,11059,1341,3483,7952,2619,3347,991,2653,2459,0,3144,46015,10234,17.43,78.38,4.19,0,561,Medium Risk,41-50,2024-04
USR0735,2024-04-01,36,Female,Bachelor's,Freelancer,Tier 1,42359,13276,10965,1483,3419,6952,1599,1075,1466,5187,3886,0,4555,49977,0,0.0,117.98,9.17,0,490,High Risk,31-40,2024-04
USR0736,2024-01-01,51,Female,PhD,Self-Employed,Tier 2,59203,18648,10734,2260,7889,4771,1776,3942,1975,13974,8351,6309,3251,75529,0,0.0,127.58,14.11,1,491,High Risk,51-65,2024-01
USR0737,2022-09-01,63,Male,Bachelor's,Salaried,Tier 1,63159,12468,6417,1878,2363,4823,2284,4051,917,13701,10370,0,2863,51765,1024,1.62,81.96,16.42,0,519,High Risk,51-65,2022-09
USR0738,2022-11-01,38,Female,High School,Freelancer,Tier 2,36801,7902,10977,1120,501,2538,4986,1352,1251,14078,3048,3412,631,48748,0,0.0,132.46,8.28,1,442,High Risk,31-40,2022-11
USR0739,2023-09-01,26,Female,Bachelor's,Freelancer,Tier 3,75019,18474,6635,1429,2433,5961,5356,2122,32,2086,12518,0,2963,47491,15010,20.01,63.31,16.69,0,576,Low Risk,22-30,2023-09
USR0740,2022-02-01,50,Male,PhD,Salaried,Tier 3,82412,22196,4883,2948,893,8563,5509,828,145,8556,19320,0,4991,59512,3580,4.34,72.21,23.44,0,544,High Risk,41-50,2022-02
USR0741,2024-10-01,25,Male,Bachelor's,Self-Employed,Tier 3,52725,10938,7884,3976,805,2485,1735,3219,2967,14090,8594,0,3362,51461,0,0.0,97.6,16.3,0,497,High Risk,22-30,2024-10
USR0742,2023-01-01,31,Female,High School,Salaried,Tier 3,46551,12498,2448,3667,5765,1762,4953,1924,1319,5922,1845,0,397,40655,4051,8.7,87.33,3.96,0,507,High Risk,31-40,2023-01
USR0743,2022-05-01,38,Female,Bachelor's,Salaried,Tier 1,47957,10049,5310,2230,1029,6231,289,4948,240,4158,6949,8903,238,43625,0,0.0,90.97,14.49,1,498,High Risk,31-40,2022-05
USR0744,2022-11-01,31,Female,Bachelor's,Salaried,Tier 2,54798,8827,6585,3117,5123,5616,5458,1328,856,11694,7423,4684,2718,56006,0,0.0,102.2,13.55,1,456,High Risk,31-40,2022-11
USR0745,2024-05-01,38,Female,High School,Salaried,Tier 2,55919,8416,10108,1474,3879,849,4390,4761,286,1452,12172,0,2326,37941,5806,10.38,67.85,21.77,0,568,Medium Risk,31-40,2024-05
USR0746,2024-04-01,41,Female,Master's,Self-Employed,Tier 3,74418,12668,6409,891,1464,940,1854,963,951,13648,6517,20147,928,60863,7038,9.46,81.79,8.76,1,535,High Risk,41-50,2024-04
USR0747,2024-04-01,45,Female,PhD,Self-Employed,Tier 1,78973,24359,9873,851,4519,3308,2101,1219,1698,6770,8350,9437,4099,68234,2389,3.03,86.4,10.57,1,515,High Risk,41-50,2024-04
USR0748,2022-05-01,26,Male,Bachelor's,Freelancer,Tier 3,49832,17056,8051,3353,1170,3062,2879,4173,4640,5865,7458,4738,3365,58352,0,0.0,117.1,14.97,1,491,High Risk,22-30,2022-05
USR0749,2023-08-01,55,Male,Bachelor's,Business Owner,Tier 2,77414,18222,10576,2189,4568,3652,2370,4127,451,3371,10149,18589,4979,73094,0,0.0,94.42,13.11,1,454,High Risk,51-65,2023-08
USR0750,2022-10-01,27,Male,Bachelor's,Salaried,Tier 3,65150,16452,2294,1075,6995,8979,565,3041,2065,13021,11710,6246,4427,65160,0,0.0,100.02,17.97,1,481,High Risk,22-30,2022-10
USR0751,2024-08-01,23,Female,High School,Salaried,Tier 1,50850,9120,3238,2193,7453,9689,4160,3147,3345,11406,513,3066,2324,59141,0,0.0,116.3,1.01,1,441,High Risk,22-30,2024-08
USR0752,2024-05-01,34,Female,Master's,Business Owner,Tier 1,100746,26214,10041,3324,6852,2833,5809,874,1875,12348,14192,0,4334,74504,12050,11.96,73.95,14.09,0,560,Medium Risk,31-40,2024-05
USR0753,2022-02-01,64,Female,Bachelor's,Salaried,Tier 3,61486,11001,4816,3180,5553,573,2572,1208,1441,3478,1870,0,3971,37793,21823,35.49,61.47,3.04,0,613,Low Risk,51-65,2022-02
USR0754,2022-01-01,64,Male,Bachelor's,Student,Tier 1,22309,6073,3098,1811,2752,8044,5291,1426,331,14250,1757,2073,3457,48606,0,0.0,217.88,7.88,1,383,High Risk,51-65,2022-01
USR0755,2023-08-01,32,Female,Master's,Business Owner,Tier 3,69273,23320,3737,1022,3172,7449,718,1835,911,14972,11458,20463,3406,81005,0,0.0,116.94,16.54,1,466,High Risk,31-40,2023-08
USR0756,2022-01-01,44,Female,Bachelor's,Self-Employed,Tier 1,54436,10296,4189,1225,2213,2705,5191,4576,1914,10501,2142,6693,2798,52301,0,0.0,96.08,3.93,1,494,High Risk,41-50,2022-01
USR0757,2022-04-01,37,Female,Bachelor's,Student,Tier 2,29691,8993,4765,661,4544,9121,3910,523,1065,11498,2292,8190,4635,57905,0,0.0,195.03,7.72,1,397,High Risk,31-40,2022-04
USR0758,2023-03-01,52,Female,High School,Salaried,Tier 2,46458,7187,3222,2437,5316,1971,1029,3038,644,13960,8165,0,3513,42317,0,0.0,91.09,17.58,0,494,High Risk,51-65,2023-03
USR0759,2024-06-01,32,Male,Master's,Salaried,Tier 2,63994,14405,8549,1158,1135,3981,2833,4010,1852,12843,10411,16302,1444,68512,0,0.0,107.06,16.27,1,474,High Risk,31-40,2024-06
USR0760,2022-06-01,37,Female,PhD,Self-Employed,Tier 2,76341,13142,2410,3753,5634,8038,470,1885,1579,12451,1737,13398,4287,67047,7557,9.9,87.83,2.28,1,530,High Risk,31-40,2022-06
USR0761,2022-01-01,29,Male,Bachelor's,Salaried,Tier 1,51186,11286,4945,3397,7501,3680,3186,3912,737,12020,7387,3565,857,55086,0,0.0,107.62,14.43,1,459,High Risk,22-30,2022-01
USR0762,2022-07-01,25,Male,PhD,Student,Tier 1,45462,8397,10102,2072,3999,2230,3738,741,6467,3470,1673,10610,3165,54991,0,0.0,120.96,3.68,1,437,High Risk,22-30,2022-07
USR0763,2022-05-01,61,Female,High School,Salaried,Tier 1,50742,11399,6786,2629,7119,535,4764,3144,1370,5408,3200,0,1899,45053,2489,4.91,88.79,6.31,0,540,High Risk,51-65,2022-05
USR0764,2022-07-01,25,Female,Bachelor's,Self-Employed,Tier 2,52891,12350,11069,1023,6941,1520,5014,1527,3602,11826,6072,0,4656,59528,0,0.0,112.55,11.48,0,484,High Risk,22-30,2022-07
USR0765,2024-12-01,46,Female,Bachelor's,Self-Employed,Tier 2,47008,9877,2786,503,5152,6034,1207,838,1536,14637,1285,10877,3243,56690,0,0.0,120.6,2.73,1,449,High Risk,41-50,2024-12
USR0766,2022-03-01,24,Female,Bachelor's,Freelancer,Tier 2,51024,14354,4109,3042,1617,7661,2517,4731,792,2459,12674,0,4624,45906,0,0.0,89.97,24.84,0,514,High Risk,22-30,2022-03
USR0767,2022-12-01,53,Female,Bachelor's,Salaried,Tier 2,82678,27595,7446,2078,2654,8509,804,2460,810,5682,3418,19716,1999,79753,0,0.0,96.46,4.13,1,510,High Risk,51-65,2022-12
USR0768,2023-03-01,24,Female,Bachelor's,Salaried,Tier 2,69251,15935,7835,1574,7945,3617,4673,1629,5963,1305,13526,15822,4735,71033,0,0.0,102.57,19.53,1,470,High Risk,22-30,2023-03
USR0769,2023-08-01,48,Female,High School,Business Owner,Tier 2,65085,12266,3986,1784,4723,3035,376,3065,747,3600,13502,0,3826,37408,14175,21.78,57.48,20.75,0,616,Low Risk,41-50,2023-08
USR0770,2023-09-01,50,Male,Bachelor's,Salaried,Tier 1,72084,14715,10126,3705,6589,5214,2521,1161,1894,2075,17921,6824,4177,59001,0,0.0,81.85,24.86,1,511,High Risk,41-50,2023-09
USR0771,2024-08-01,53,Male,High School,Business Owner,Tier 1,69466,22284,11070,2122,7102,8837,1914,3162,958,12422,7444,11653,2176,83700,0,0.0,120.49,10.72,1,482,High Risk,51-65,2024-08
USR0772,2022-12-01,40,Male,Master's,Self-Employed,Tier 3,73995,19558,9300,3933,537,5463,836,2668,1056,9291,16169,20970,3869,77481,0,0.0,104.71,21.85,1,483,High Risk,31-40,2022-12
USR0773,2022-07-01,42,Male,Bachelor's,Freelancer,Tier 3,54453,13123,11799,3115,2132,6591,2823,3428,94,3115,13035,0,4392,50612,0,0.0,92.95,23.94,0,499,High Risk,41-50,2022-07
USR0774,2024-07-01,26,Male,High School,Freelancer,Tier 1,16454,2960,7709,3788,4793,1526,4355,328,1060,12063,711,3409,1137,43128,0,0.0,262.11,4.32,1,351,High Risk,22-30,2024-07
USR0775,2022-01-01,39,Male,Bachelor's,Salaried,Tier 2,54967,13189,4403,1377,4275,4165,2978,4599,204,9303,6588,2914,1489,48896,0,0.0,88.96,11.99,1,455,High Risk,31-40,2022-01
USR0776,2022-11-01,49,Male,Bachelor's,Self-Employed,Tier 3,63555,13073,10262,1591,7000,1786,3952,4166,1644,14026,953,14476,4870,76846,0,0.0,120.91,1.5,1,472,High Risk,41-50,2022-11
USR0777,2024-10-01,63,Other,Master's,Business Owner,Tier 2,88213,29871,6401,3559,2554,3346,860,1116,833,14976,13688,17710,2350,83576,0,0.0,94.74,15.52,1,528,High Risk,51-65,2024-10
USR0778,2023-07-01,43,Male,Bachelor's,Salaried,Tier 1,54809,17912,8701,3562,4585,9012,4565,1450,29,10641,7966,12542,712,73711,0,0.0,134.49,14.53,1,475,High Risk,41-50,2023-07
USR0779,2022-11-01,42,Female,Bachelor's,Student,Tier 1,17931,2990,5295,3411,3903,8274,3387,2398,265,6126,915,0,4961,41010,0,0.0,228.71,5.1,0,395,High Risk,41-50,2022-11
USR0780,2024-09-01,27,Male,Master's,Self-Employed,Tier 2,47750,12096,10953,1666,1018,2793,4540,4888,6152,9252,9524,0,1716,55074,0,0.0,115.34,19.95,0,511,High Risk,22-30,2024-09
USR0781,2024-09-01,22,Female,Bachelor's,Salaried,Tier 3,62293,12147,4121,3917,2741,2112,4955,4273,7693,11238,580,7188,2282,62667,0,0.0,100.6,0.93,1,520,High Risk,22-30,2024-09
USR0782,2022-08-01,26,Male,High School,Salaried,Tier 2,72685,16874,5582,2077,2863,976,284,3987,3202,1126,14650,21728,1604,60303,0,0.0,82.96,20.16,1,494,High Risk,22-30,2022-08
USR0783,2022-08-01,62,Male,Bachelor's,Student,Tier 1,29439,9578,6197,2174,5620,7926,3870,1139,172,7384,196,2622,4692,51374,0,0.0,174.51,0.67,1,426,High Risk,51-65,2022-08
USR0784,2024-10-01,33,Female,PhD,Salaried,Tier 1,94523,24150,11821,2108,5681,9474,1106,2478,759,3311,15521,0,2131,63019,15983,16.91,66.67,16.42,0,566,Medium Risk,31-40,2024-10
USR0785,2024-03-01,47,Male,Bachelor's,Business Owner,Tier 3,87059,18878,7700,3326,6986,2447,3721,1201,1914,2110,1714,20134,2085,70502,14843,17.05,80.98,1.97,1,542,Medium Risk,41-50,2024-03
USR0786,2024-05-01,55,Male,Bachelor's,Business Owner,Tier 3,88219,16900,9232,1717,7244,3831,2075,3972,1436,11954,5540,0,2553,60914,21765,24.67,69.05,6.28,0,629,Low Risk,51-65,2024-05
USR0787,2023-02-01,35,Male,High School,Salaried,Tier 2,70792,21950,6288,3552,1541,5760,4158,2412,413,12474,12776,7564,4007,70119,0,0.0,99.05,18.05,1,471,High Risk,31-40,2023-02
USR0788,2024-10-01,47,Male,High School,Salaried,Tier 2,58018,15949,3085,2190,5215,6566,2336,1810,1697,9366,4067,0,2946,51160,2791,4.81,88.18,7.01,0,569,High Risk,41-50,2024-10
USR0789,2022-01-01,48,Male,Bachelor's,Freelancer,Tier 1,46502,11328,10645,3817,1894,8147,2796,1827,691,12414,5942,10071,780,64410,0,0.0,138.51,12.78,1,459,High Risk,41-50,2022-01
USR0790,2022-09-01,30,Male,Bachelor's,Salaried,Tier 3,71261,13788,4621,813,3369,5969,1053,3337,614,548,16305,0,2412,36524,18432,25.87,51.25,22.88,0,642,Low Risk,22-30,2022-09
USR0791,2022-10-01,47,Female,High School,Freelancer,Tier 3,51630,11195,10810,1229,4176,2093,706,4191,208,1886,640,11120,3529,51143,0,0.0,99.06,1.24,1,471,High Risk,41-50,2022-10
USR0792,2024-06-01,43,Female,PhD,Salaried,Tier 1,73160,25018,10828,883,4221,8204,607,1303,21,2402,14834,0,301,53788,4538,6.2,73.52,20.28,0,534,High Risk,41-50,2024-06
USR0793,2023-06-01,51,Female,Master's,Self-Employed,Tier 2,57227,14536,4348,2288,4272,6654,5590,2387,4,5222,933,8392,4750,58443,0,0.0,102.12,1.63,1,465,High Risk,51-65,2023-06
USR0794,2023-05-01,64,Male,Bachelor's,Freelancer,Tier 1,49110,11302,6874,2312,6190,756,723,4425,650,12259,1556,6141,4488,56120,0,0.0,114.27,3.17,1,467,High Risk,51-65,2023-05
USR0795,2022-06-01,38,Female,Master's,Salaried,Tier 1,76651,19491,5036,2824,6318,7012,5813,3232,213,4872,2286,21990,4042,80843,0,0.0,105.47,2.98,1,481,High Risk,31-40,2022-06
USR0796,2022-11-01,47,Male,High School,Salaried,Tier 1,61384,18771,4349,1595,734,3491,3250,3013,1695,10786,15255,0,3163,50847,0,0.0,82.83,24.85,0,533,High Risk,41-50,2022-11
USR0797,2023-12-01,57,Male,Bachelor's,Salaried,Tier 1,51606,11251,7743,1652,3640,1917,2597,2693,919,4342,2324,0,498,37252,12030,23.31,72.19,4.5,0,599,Low Risk,51-65,2023-12
USR0798,2024-12-01,22,Female,Bachelor's,Salaried,Tier 1,78292,14542,6432,3929,946,8260,3099,4103,6089,7569,17552,22494,4316,81779,0,0.0,104.45,22.42,1,496,High Risk,22-30,2024-12
USR0799,2024-09-01,29,Male,Master's,Self-Employed,Tier 2,57870,15450,8175,3245,5205,8465,527,228,5049,4811,14336,0,244,51399,0,0.0,88.82,24.77,0,476,High Risk,22-30,2024-09
USR0800,2024-09-01,56,Male,Master's,Business Owner,Tier 2,84879,24024,9265,2048,507,4614,2035,4259,1680,8921,8143,0,2743,60096,16640,19.6,70.8,9.59,0,642,Medium Risk,51-65,2024-09
USR0801,2023-06-01,36,Female,Bachelor's,Salaried,Tier 2,55778,16317,8103,2364,5057,8801,1509,1460,671,8306,8799,4272,4059,60919,0,0.0,109.22,15.78,1,466,High Risk,31-40,2023-06
USR0802,2022-05-01,43,Female,PhD,Self-Employed,Tier 1,91586,29893,9358,3791,1499,3052,4918,3870,1618,6966,17838,23964,4978,93907,0,0.0,102.53,19.48,1,564,High Risk,41-50,2022-05
USR0803,2024-07-01,35,Female,High School,Freelancer,Tier 1,41936,9403,11263,3577,1834,9749,2735,3710,666,8497,4116,0,4594,56028,0,0.0,133.6,9.81,0,488,High Risk,31-40,2024-07
USR0804,2023-04-01,47,Female,Master's,Salaried,Tier 2,63192,10431,4031,1250,633,5907,2241,2536,799,12184,2556,0,3752,43764,16872,26.7,69.26,4.04,0,604,Low Risk,41-50,2023-04
USR0805,2022-02-01,49,Other,PhD,Salaried,Tier 2,83911,28669,3249,1482,2932,5233,2734,3523,316,6868,9099,22144,3355,80505,0,0.0,95.94,10.84,1,514,High Risk,41-50,2022-02
USR0806,2022-09-01,44,Male,High School,Student,Tier 1,21153,5013,11487,3171,555,2542,2392,299,792,2185,4081,2493,3331,34260,0,0.0,161.96,19.29,1,369,High Risk,41-50,2022-09
USR0807,2022-02-01,35,Male,Master's,Freelancer,Tier 3,53498,14693,8808,727,5588,2681,955,3856,575,10002,10442,0,487,48372,0,0.0,90.42,19.52,0,528,High Risk,31-40,2022-02
USR0808,2023-08-01,45,Male,High School,Self-Employed,Tier 2,54724,15501,5556,2543,5979,4992,345,4717,1727,12833,3154,0,3905,58098,0,0.0,106.17,5.76,0,552,High Risk,41-50,2023-08
USR0809,2023-05-01,23,Male,Bachelor's,Self-Employed,Tier 3,49397,12808,10519,2477,6590,4058,5316,893,6797,8639,2160,3693,716,62506,0,0.0,126.54,4.37,1,414,High Risk,22-30,2023-05
USR0810,2024-01-01,47,Male,Bachelor's,Salaried,Tier 2,59056,11282,10988,2564,3685,4158,4022,217,1447,14624,13591,0,2401,55388,0,0.0,93.79,23.01,0,506,High Risk,41-50,2024-01
USR0811,2023-07-01,35,Female,Bachelor's,Self-Employed,Tier 1,39918,12016,7299,2108,1611,3194,3774,3909,1523,5633,439,3098,4637,48802,0,0.0,122.26,1.1,1,446,High Risk,31-40,2023-07
USR0812,2022-08-01,28,Female,PhD,Self-Employed,Tier 2,59408,18461,5094,511,6781,4384,1827,2970,4681,9324,10912,16551,4381,74965,0,0.0,126.19,18.37,1,483,High Risk,22-30,2022-08
USR0813,2022-11-01,24,Female,Master's,Self-Employed,Tier 1,77461,20185,4977,2022,3679,5280,5123,1230,6715,2922,898,9224,3858,65215,11348,14.65,84.19,1.16,1,591,Medium Risk,22-30,2022-11
USR0814,2023-01-01,44,Male,Bachelor's,Salaried,Tier 2,76131,18858,2962,1191,2023,3784,2058,4675,1065,3250,15947,14761,4486,59113,1071,1.41,77.65,20.95,1,519,High Risk,41-50,2023-01
USR0815,2023-01-01,64,Female,Master's,Salaried,Tier 1,70526,12186,7725,2239,7178,6452,4922,4409,760,13774,15963,0,3523,63168,0,0.0,89.57,22.63,0,568,High Risk,51-65,2023-01
USR0816,2022-09-01,39,Female,PhD,Salaried,Tier 3,90303,15061,7489,2025,643,8017,3798,1819,1318,9024,6714,0,4276,53470,30119,33.35,59.21,7.43,0,664,Low Risk,31-40,2022-09
USR0817,2022-05-01,59,Female,High School,Student,Tier 1,13719,2989,3268,569,3416,6662,5591,1050,769,10571,253,2071,4136,41092,0,0.0,299.53,1.84,1,342,High Risk,51-65,2022-05
USR0818,2023-06-01,56,Male,PhD,Salaried,Tier 3,75052,15923,7279,2655,7299,5606,829,2096,1360,6809,9019,12891,1369,64116,1917,2.55,85.43,12.02,1,516,High Risk,51-65,2023-06
USR0819,2023-02-01,36,Female,High School,Self-Employed,Tier 3,48452,16509,2372,2748,2603,2666,3366,1175,0,9198,3615,0,1190,41827,3010,6.21,86.33,7.46,0,548,High Risk,31-40,2023-02
USR0820,2024-10-01,46,Male,Master's,Salaried,Tier 2,69000,21163,6380,3623,1119,4897,3718,2716,108,4712,7195,0,3905,52341,9464,13.72,75.86,10.43,0,563,Medium Risk,41-50,2024-10
USR0821,2023-10-01,58,Male,Bachelor's,Salaried,Tier 2,61278,17279,9617,2072,2386,8168,4552,4388,927,1442,10187,0,2051,52882,0,0.0,86.3,16.62,0,534,High Risk,51-65,2023-10
USR0822,2024-09-01,49,Male,High School,Freelancer,Tier 2,49147,12460,11796,1128,5625,3892,4114,1715,1148,9327,2578,0,2909,54114,0,0.0,110.11,5.25,0,469,High Risk,41-50,2024-09
USR0823,2023-12-01,31,Female,Bachelor's,Self-Employed,Tier 3,57201,10494,8279,3830,7185,4211,1104,1325,1087,10281,5104,9589,4207,61592,0,0.0,107.68,8.92,1,467,High Risk,31-40,2023-12
USR0824,2024-05-01,60,Female,Bachelor's,Self-Employed,Tier 2,61699,21328,2095,1787,7090,6379,5755,692,205,1962,12070,11165,2821,61279,0,0.0,99.32,19.56,1,469,High Risk,51-65,2024-05
USR0825,2023-01-01,38,Male,Bachelor's,Salaried,Tier 3,71251,16032,6369,1405,2520,2086,2817,3236,1438,7971,11467,7272,2378,53524,6260,8.79,75.12,16.09,1,531,High Risk,31-40,2023-01
USR0826,2024-03-01,60,Male,High School,Freelancer,Tier 2,43105,7387,5941,2850,1908,9906,2989,2726,1977,2491,3516,0,1038,39213,376,0.87,90.97,8.16,0,493,High Risk,51-65,2024-03
USR0827,2022-01-01,43,Male,Bachelor's,Salaried,Tier 3,55237,13740,9021,3484,7974,7638,307,366,849,13656,9173,0,1755,58790,0,0.0,106.43,16.61,0,524,High Risk,41-50,2022-01
USR0828,2022-07-01,47,Male,PhD,Salaried,Tier 2,66177,21494,11392,1075,3421,8162,1242,4435,1267,5890,12661,0,1422,59800,0,0.0,90.36,19.13,0,503,High Risk,41-50,2022-07
USR0829,2022-04-01,46,Male,Bachelor's,Self-Employed,Tier 2,57190,18727,5944,3102,5234,7904,1588,4389,589,10426,8471,0,2243,60146,0,0.0,105.17,14.81,0,469,High Risk,41-50,2022-04
USR0830,2022-10-01,38,Male,Bachelor's,Salaried,Tier 3,61629,9379,7868,2672,3873,9056,1876,775,622,10955,3689,0,1633,48709,9231,14.98,79.04,5.99,0,539,Medium Risk,31-40,2022-10
USR0831,2024-11-01,34,Female,Bachelor's,Salaried,Tier 3,63699,20846,7396,3841,6252,4439,5698,805,1677,612,3,0,1368,52934,10762,16.9,83.1,0.0,0,592,Medium Risk,31-40,2024-11
USR0832,2023-04-01,41,Male,High School,Self-Employed,Tier 2,47871,9779,10041,2520,3976,3699,4455,3543,1239,7683,9608,2558,1147,50640,0,0.0,105.78,20.07,1,445,High Risk,41-50,2023-04
USR0833,2024-03-01,46,Male,Master's,Freelancer,Tier 1,75668,11939,2131,1358,7254,7441,4395,2018,964,2763,15561,7954,360,48577,11530,15.24,64.2,20.56,1,567,Medium Risk,41-50,2024-03
USR0834,2023-08-01,25,Male,Master's,Business Owner,Tier 2,76358,24400,9290,1244,1336,1481,464,1355,997,9118,13316,0,4759,54444,8598,11.26,71.3,17.44,0,568,Medium Risk,22-30,2023-08
USR0835,2022-10-01,31,Female,Bachelor's,Salaried,Tier 3,47080,15196,11582,3027,4402,4052,4021,4879,964,5754,901,6075,3331,63283,0,0.0,134.42,1.91,1,466,High Risk,31-40,2022-10
USR0836,2024-09-01,24,Female,Bachelor's,Salaried,Tier 3,65659,17678,8516,2679,2085,1421,2997,1015,7803,9758,9606,8908,2827,65687,0,0.0,100.04,14.63,1,481,High Risk,22-30,2024-09
USR0837,2022-07-01,62,Female,Master's,Salaried,Tier 3,66988,17744,11341,3573,5375,4158,3320,2840,652,3311,13749,5558,2735,60607,0,0.0,90.47,20.52,1,547,High Risk,51-65,2022-07
USR0838,2023-10-01,39,Male,Bachelor's,Student,Tier 1,25528,7980,7906,614,1336,4495,876,1735,1403,13071,2486,4949,2472,46837,0,0.0,183.47,9.74,1,441,High Risk,31-40,2023-10
USR0839,2023-05-01,57,Female,Master's,Self-Employed,Tier 2,67671,20792,2807,980,3057,7564,5094,2933,1871,1333,3349,9171,3663,59265,5057,7.47,87.58,4.95,1,509,High Risk,51-65,2023-05
USR0840,2022-09-01,43,Male,Bachelor's,Freelancer,Tier 2,58272,19114,2050,1480,7740,5552,3686,1162,78,7727,8560,12766,360,61715,0,0.0,105.91,14.69,1,466,High Risk,41-50,2022-09
USR0841,2022-10-01,55,Female,Master's,Salaried,Tier 3,57942,15096,7277,1524,3359,5906,5378,3234,414,8921,11969,0,1984,53093,0,0.0,91.63,20.66,0,574,High Risk,51-65,2022-10
USR0842,2024-12-01,29,Female,Bachelor's,Self-Employed,Tier 1,51546,17707,2055,2878,7207,4777,2906,2247,1678,14707,629,10111,2144,68417,0,0.0,132.73,1.22,1,433,High Risk,22-30,2024-12
USR0843,2024-07-01,61,Female,Bachelor's,Salaried,Tier 3,66430,23199,5664,2100,4860,1974,5766,4741,1172,14454,9913,7906,3382,75218,0,0.0,113.23,14.92,1,478,High Risk,51-65,2024-07
USR0844,2024-07-01,40,Female,PhD,Self-Employed,Tier 2,76163,13199,2743,1441,7894,7598,4169,4060,638,13172,12246,13492,4174,72580,0,0.0,95.3,16.08,1,498,High Risk,31-40,2024-07
USR0845,2022-05-01,63,Female,Bachelor's,Student,Tier 1,40547,12971,8030,1454,5812,4267,5620,1714,1693,4754,6106,4581,3824,54720,0,0.0,134.95,15.06,1,443,High Risk,51-65,2022-05
USR0846,2023-06-01,62,Male,Bachelor's,Student,Tier 1,30645,7660,10131,2160,1897,7219,807,3551,790,9515,4980,8449,3944,56123,0,0.0,183.14,16.25,1,374,High Risk,51-65,2023-06
USR0847,2022-06-01,58,Female,Bachelor's,Self-Employed,Tier 1,55545,12637,2079,1267,4322,9094,5874,1267,1061,3018,8767,13419,966,55004,0,0.0,99.03,15.78,1,485,High Risk,51-65,2022-06
USR0848,2024-04-01,27,Male,Bachelor's,Self-Employed,Tier 2,48876,13324,4966,2938,6653,9839,3625,1081,864,4167,1593,0,2227,49684,0,0.0,101.65,3.26,0,478,High Risk,22-30,2024-04
USR0849,2023-12-01,47,Female,Bachelor's,Student,Tier 1,18485,2979,5728,1333,4897,1112,5532,3839,332,12995,1085,5385,4206,48338,0,0.0,261.5,5.87,1,386,High Risk,41-50,2023-12
USR0850,2022-05-01,55,Male,High School,Freelancer,Tier 1,35258,8860,6536,2690,3930,7786,2594,1749,287,12961,5456,6582,384,54359,0,0.0,154.17,15.47,1,399,High Risk,51-65,2022-05
USR0851,2024-04-01,27,Male,High School,Salaried,Tier 3,60241,19528,2125,2875,6573,3517,3059,2937,5392,10515,266,7959,2096,66576,0,0.0,110.52,0.44,1,476,High Risk,22-30,2024-04
USR0852,2022-03-01,58,Male,Bachelor's,Self-Employed,Tier 1,58055,11186,7813,2281,1304,5288,5096,4757,1725,9796,9212,4288,3495,57029,0,0.0,98.23,15.87,1,434,High Risk,51-65,2022-03
USR0853,2023-06-01,54,Male,Master's,Salaried,Tier 1,59410,13977,10410,1127,1575,7602,1360,300,1641,1541,9882,0,2604,42137,7391,12.44,70.93,16.63,0,518,Medium Risk,51-65,2023-06
USR0854,2022-04-01,43,Female,Bachelor's,Self-Employed,Tier 2,52512,17743,2947,876,6371,3701,5349,3732,1114,5612,3139,13921,2739,64105,0,0.0,122.08,5.98,1,444,High Risk,41-50,2022-04
USR0855,2024-08-01,42,Female,Bachelor's,Self-Employed,Tier 2,63020,14854,2594,589,4694,1252,2047,3016,1889,1207,9423,0,932,33074,20523,32.57,52.48,14.95,0,620,Low Risk,41-50,2024-08
USR0856,2024-08-01,27,Male,Master's,Self-Employed,Tier 3,65813,14588,7030,3355,3140,8056,4257,607,4429,7958,8787,13237,1821,68478,0,0.0,104.05,13.35,1,513,High Risk,22-30,2024-08
USR0857,2023-07-01,27,Male,High School,Salaried,Tier 2,59549,14179,2140,1520,3584,1841,1691,2715,7170,1883,3880,0,777,37500,18169,30.51,62.97,6.52,0,618,Low Risk,22-30,2023-07
USR0858,2024-05-01,25,Female,Bachelor's,Salaried,Tier 3,66063,16772,5055,1565,1913,9196,2221,1939,7410,10583,7646,14043,2361,73058,0,0.0,110.59,11.57,1,506,High Risk,22-30,2024-05
USR0859,2024-09-01,51,Male,High School,Self-Employed,Tier 2,61011,16863,11822,2470,6573,7514,4798,4252,1539,1802,13874,14675,577,72885,0,0.0,119.46,22.74,1,463,High Risk,51-65,2024-09
USR0860,2022-02-01,32,Female,High School,Business Owner,Tier 1,73888,22915,11068,1558,4952,7255,3215,458,1425,7618,7880,11297,4048,75809,0,0.0,102.6,10.66,1,504,High Risk,31-40,2022-02
USR0861,2022-11-01,51,Female,Bachelor's,Freelancer,Tier 1,44911,10797,6205,3559,2163,3982,5510,708,1733,11713,7071,7592,1508,55470,0,0.0,123.51,15.74,1,438,High Risk,51-65,2022-11
USR0862,2024-09-01,52,Female,Bachelor's,Salaried,Tier 2,55673,17453,7171,2017,3475,8228,4766,4021,319,9368,492,12256,4392,73466,0,0.0,131.96,0.88,1,443,High Risk,51-65,2024-09
USR0863,2022-01-01,45,Female,High School,Student,Tier 2,16996,4363,9782,3100,4606,6065,2937,4604,923,3064,330,4574,1041,45059,0,0.0,265.12,1.94,1,318,High Risk,41-50,2022-01
USR0864,2023-05-01,30,Male,Bachelor's,Business Owner,Tier 2,60474,13164,4660,623,4676,8111,5664,3883,363,12014,1229,0,2371,55529,3716,6.14,91.82,2.03,0,539,High Risk,22-30,2023-05
USR0865,2023-04-01,24,Female,Bachelor's,Salaried,Tier 2,61525,17324,8856,2604,7928,8430,2248,4920,5814,13449,11970,3420,355,75348,0,0.0,122.47,19.46,1,475,High Risk,22-30,2023-04
USR0866,2022-02-01,52,Male,Bachelor's,Salaried,Tier 2,61353,18009,8089,3353,2553,7017,4405,3926,1465,10255,5372,0,4348,63420,0,0.0,103.37,8.76,0,525,High Risk,51-65,2022-02
USR0867,2022-04-01,61,Male,Bachelor's,Freelancer,Tier 1,37084,9701,7318,1979,2920,2922,4154,878,474,1760,2110,9760,1902,43768,0,0.0,118.02,5.69,1,452,High Risk,51-65,2022-04
USR0868,2024-08-01,58,Female,Master's,Business Owner,Tier 1,79573,12836,4552,2782,3028,9365,1093,1483,1022,3703,14866,0,2835,42699,22008,27.66,53.66,18.68,0,676,Low Risk,51-65,2024-08
USR0869,2022-07-01,57,Male,High School,Student,Tier 2,21477,3951,5611,3155,4817,6485,1287,1106,765,11045,912,3161,3585,44968,0,0.0,209.38,4.25,1,390,High Risk,51-65,2022-07
USR0870,2024-05-01,45,Female,Bachelor's,Business Owner,Tier 2,81845,16946,10062,2939,2440,7447,5051,467,601,857,5043,16047,1613,64470,12332,15.07,78.77,6.16,1,577,Medium Risk,41-50,2024-05
USR0871,2022-09-01,52,Female,High School,Self-Employed,Tier 2,48814,10081,3040,2015,3652,9284,4348,3303,311,5904,5258,0,244,42182,1374,2.81,86.41,10.77,0,507,High Risk,51-65,2022-09
USR0872,2024-11-01,27,Female,High School,Self-Employed,Tier 1,50450,14362,10506,3517,2446,8135,2509,1400,2803,5912,4180,14019,1886,67495,0,0.0,133.79,8.29,1,435,High Risk,22-30,2024-11
USR0873,2022-05-01,23,Female,Bachelor's,Salaried,Tier 2,63741,9795,9603,2354,1014,4168,3800,1316,5200,3734,9328,15665,2369,59018,0,0.0,92.59,14.63,1,501,High Risk,22-30,2022-05
USR0874,2023-09-01,41,Male,Bachelor's,Salaried,Tier 3,72942,21965,6172,1866,7727,6962,5621,1098,1243,8583,6160,7469,3441,72147,0,0.0,98.91,8.45,1,491,High Risk,41-50,2023-09
USR0875,2023-05-01,49,Male,Master's,Self-Employed,Tier 1,63987,12993,4946,3747,720,3638,3133,2990,1697,918,6285,14881,2925,52588,5114,7.99,82.19,9.82,1,533,High Risk,41-50,2023-05
USR0876,2023-02-01,32,Female,Bachelor's,Self-Employed,Tier 2,44334,9399,5236,551,6992,5009,2481,2844,1520,8406,9563,3337,1623,47398,0,0.0,106.91,21.57,1,467,High Risk,31-40,2023-02
USR0877,2024-08-01,25,Male,PhD,Self-Employed,Tier 3,83041,21223,5680,2073,727,3000,272,1258,7385,6087,18363,22710,4214,74629,0,0.0,89.87,22.11,1,492,High Risk,22-30,2024-08
USR0878,2023-03-01,36,Female,High School,Freelancer,Tier 1,42962,8299,6807,2001,2837,3293,1580,887,905,13429,8890,0,4795,44833,0,0.0,104.36,20.69,0,512,High Risk,31-40,2023-03
USR0879,2023-09-01,27,Female,High School,Salaried,Tier 2,50285,16437,3537,3036,4888,4793,5246,987,2958,4455,10872,0,273,46610,0,0.0,92.69,21.62,0,486,High Risk,22-30,2023-09
USR0880,2023-02-01,51,Female,High School,Self-Employed,Tier 1,37972,6344,5872,2552,7453,5899,5922,4694,1117,2093,5408,0,3218,45164,0,0.0,118.94,14.24,0,491,High Risk,51-65,2023-02
USR0881,2023-04-01,59,Male,High School,Salaried,Tier 2,58167,13894,3867,1131,3764,799,683,2844,1941,5102,9397,14205,1760,49990,0,0.0,85.94,16.16,1,510,High Risk,51-65,2023-04
USR0882,2022-01-01,23,Male,Bachelor's,Salaried,Tier 1,62062,19852,3161,2361,1455,2406,1229,2364,825,14469,8644,0,1091,49213,4205,6.78,79.3,13.93,0,535,High Risk,22-30,2022-01
USR0883,2023-06-01,36,Male,Bachelor's,Freelancer,Tier 3,60593,16552,5920,1732,1997,2985,3981,4657,1524,14289,11900,3931,3332,60900,0,0.0,100.51,19.64,1,503,High Risk,31-40,2023-06
USR0884,2024-10-01,32,Male,High School,Freelancer,Tier 2,37232,7761,7693,2764,1780,7959,5172,403,171,10077,5128,0,2089,45869,0,0.0,123.2,13.77,0,483,High Risk,31-40,2024-10
USR0885,2024-02-01,29,Female,PhD,Student,Tier 3,30300,7094,5882,2547,2478,8898,3979,3417,7727,13099,841,0,1446,56567,0,0.0,186.69,2.78,0,453,High Risk,22-30,2024-02
USR0886,2024-12-01,47,Male,Master's,Salaried,Tier 2,77166,22481,9738,1035,2029,6620,2031,2691,1032,14445,15618,0,4002,66104,0,0.0,85.66,20.24,0,517,High Risk,41-50,2024-12
USR0887,2023-09-01,26,Male,Bachelor's,Self-Employed,Tier 2,63402,21851,10456,3913,4983,8985,5154,2238,3369,11443,12055,18888,672,91952,0,0.0,145.03,19.01,1,465,High Risk,22-30,2023-09
USR0888,2022-01-01,27,Male,High School,Salaried,Tier 2,56349,18517,8331,3972,3162,2373,2220,3568,3095,744,11555,11134,2417,59533,0,0.0,105.65,20.51,1,445,High Risk,22-30,2022-01
USR0889,2024-03-01,47,Female,High School,Salaried,Tier 3,60410,13198,7182,3285,2913,6602,978,3758,681,5072,2875,13754,900,58323,0,0.0,96.55,4.76,1,516,High Risk,41-50,2024-03
USR0890,2022-11-01,25,Female,High School,Business Owner,Tier 3,71698,25068,11494,1229,3205,6672,3675,4257,51,1114,4868,13019,2279,72063,0,0.0,100.51,6.79,1,451,High Risk,22-30,2022-11
USR0891,2023-02-01,40,Male,High School,Freelancer,Tier 2,41870,6309,11386,3782,6933,6822,4923,1426,1121,749,3095,10153,252,53856,0,0.0,128.63,7.39,1,440,High Risk,31-40,2023-02
USR0892,2024-04-01,41,Male,Bachelor's,Business Owner,Tier 3,89319,13891,3526,3597,7976,2588,3477,4690,1192,11785,11345,21259,3187,77168,806,0.9,86.4,12.7,1,500,High Risk,41-50,2024-04
USR0893,2024-03-01,54,Male,Bachelor's,Salaried,Tier 2,68002,21404,10131,1775,7945,8137,609,4543,1983,7120,2275,14571,338,78556,0,0.0,115.52,3.35,1,493,High Risk,51-65,2024-03
USR0894,2023-10-01,41,Male,Bachelor's,Business Owner,Tier 2,78645,14934,6394,2550,4035,5811,1259,3711,310,10287,7577,23549,1597,74437,0,0.0,94.65,9.63,1,539,High Risk,41-50,2023-10
USR0895,2023-09-01,33,Female,PhD,Salaried,Tier 2,87818,14240,3158,3573,4784,6987,2509,1113,1753,6369,3999,0,2337,46823,36996,42.13,53.32,4.55,0,700,Low Risk,31-40,2023-09
USR0896,2023-12-01,22,Female,Master's,Business Owner,Tier 1,68081,13441,6367,1525,1417,7380,5450,1619,7491,10621,4506,15423,1027,71761,0,0.0,105.41,6.62,1,544,High Risk,22-30,2023-12
USR0897,2023-07-01,47,Male,PhD,Salaried,Tier 1,93416,21973,6630,2697,1701,5221,1800,2903,1935,6471,16496,0,2283,53614,23306,24.95,57.39,17.66,0,612,Low Risk,41-50,2023-07
USR0898,2023-12-01,35,Male,High School,Salaried,Tier 1,41352,12244,5513,2551,5519,3926,5187,555,1366,1010,8837,0,3176,41047,0,0.0,99.26,21.37,0,465,High Risk,31-40,2023-12
USR0899,2024-02-01,59,Other,Bachelor's,Self-Employed,Tier 2,50983,14013,3144,2020,7631,1028,4743,3672,429,12659,291,8376,1448,59163,0,0.0,116.04,0.57,1,445,High Risk,51-65,2024-02
USR0900,2024-01-01,58,Male,Bachelor's,Student,Tier 2,22672,4478,2068,2394,2922,2424,2433,440,1955,14457,3207,6626,4849,45046,0,0.0,198.69,14.15,1,395,High Risk,51-65,2024-01
USR0901,2024-05-01,32,Female,High School,Salaried,Tier 2,53828,13492,5717,967,2121,6960,1852,2110,857,6468,485,0,4564,45108,8235,15.3,83.8,0.9,0,537,Medium Risk,31-40,2024-05
USR0902,2022-10-01,57,Male,High School,Salaried,Tier 3,63051,21137,11018,2617,1259,6476,1497,2476,1985,5369,1343,8437,385,62656,0,0.0,99.37,2.13,1,468,High Risk,51-65,2022-10
USR0903,2022-11-01,34,Female,Master's,Business Owner,Tier 2,78537,24582,11361,700,6073,6521,5982,820,1579,10057,13843,13473,3642,84790,0,0.0,107.96,17.63,1,506,High Risk,31-40,2022-11
USR0904,2023-12-01,64,Male,Bachelor's,Salaried,Tier 2,65086,13969,11175,807,6860,1362,551,1054,1523,8005,11969,3278,3393,51977,1140,1.75,79.86,18.39,1,475,High Risk,51-65,2023-12
USR0905,2023-12-01,24,Female,Bachelor's,Salaried,Tier 1,58374,20223,11644,3823,5661,4820,5732,3943,7589,8147,11878,16040,1612,89234,0,0.0,152.87,20.35,1,429,High Risk,22-30,2023-12
USR0906,2022-12-01,54,Other,Bachelor's,Salaried,Tier 1,65361,19067,11231,3858,4789,3994,3422,2514,284,9615,7749,7945,3388,70107,0,0.0,107.26,11.86,1,473,High Risk,51-65,2022-12
USR0907,2022-07-01,27,Male,Bachelor's,Salaried,Tier 3,62481,10152,6723,2545,5946,6552,2631,3400,7792,573,13430,0,3116,49430,0,0.0,79.11,21.49,0,516,High Risk,22-30,2022-07
USR0908,2023-05-01,31,Male,High School,Business Owner,Tier 2,72743,11422,6213,1421,5992,8759,664,3824,1283,9500,3034,0,1215,50293,19416,26.69,69.14,4.17,0,638,Low Risk,31-40,2023-05
USR0909,2024-11-01,26,Male,Bachelor's,Freelancer,Tier 3,43600,8008,8413,2839,1988,2142,2713,1260,2112,3378,2721,0,4737,37590,3289,7.54,86.22,6.24,0,505,High Risk,22-30,2024-11
USR0910,2022-06-01,44,Male,High School,Self-Employed,Tier 1,43919,12981,5466,3725,4758,9712,3366,581,354,5641,1476,9416,4334,60334,0,0.0,137.38,3.36,1,430,High Risk,41-50,2022-06
USR0911,2022-12-01,31,Male,High School,Student,Tier 2,17298,3230,5026,3471,4871,5696,5453,1332,213,10959,3448,4417,4461,49129,0,0.0,284.02,19.93,1,356,High Risk,31-40,2022-12
USR0912,2023-03-01,23,Male,PhD,Self-Employed,Tier 1,77549,19565,8998,3704,4959,7499,2409,2676,1701,2626,4433,19241,2135,75513,0,0.0,97.37,5.72,1,514,High Risk,22-30,2023-03
USR0913,2024-08-01,34,Female,Bachelor's,Salaried,Tier 1,58213,9817,4747,1382,2165,7822,755,3335,199,13022,2263,14290,1668,59202,0,0.0,101.7,3.89,1,505,High Risk,31-40,2024-08
USR0914,2023-11-01,61,Male,Master's,Salaried,Tier 1,63049,21069,9271,1085,7418,3643,499,3038,1259,2704,9821,4549,4738,59273,0,0.0,94.01,15.58,1,495,High Risk,51-65,2023-11
USR0915,2022-07-01,23,Male,Bachelor's,Salaried,Tier 1,67907,14857,8171,3845,7123,1970,4066,2279,6463,6970,1308,0,4626,60370,6229,9.17,88.9,1.93,0,553,High Risk,22-30,2022-07
USR0916,2024-07-01,41,Female,Bachelor's,Salaried,Tier 1,62739,20805,5855,2220,7332,6178,555,1144,135,4179,704,0,1558,49961,12074,19.24,79.63,1.12,0,592,Medium Risk,41-50,2024-07
USR0917,2024-05-01,22,Male,Bachelor's,Student,Tier 1,29643,10048,10753,1008,2502,1882,5559,4162,2316,13429,790,1748,1969,55376,0,0.0,186.81,2.67,1,400,High Risk,22-30,2024-05
USR0918,2024-04-01,58,Female,High School,Freelancer,Tier 3,32753,4953,4203,3924,959,5896,763,4401,947,8589,1,5735,2961,43331,0,0.0,132.3,0.0,1,431,High Risk,51-65,2024-04
USR0919,2022-12-01,30,Male,High School,Salaried,Tier 1,40764,9898,5419,504,7932,7614,4209,2729,627,13408,7103,6061,3082,61483,0,0.0,150.83,17.42,1,399,High Risk,22-30,2022-12
USR0920,2024-03-01,38,Female,Master's,Self-Employed,Tier 1,58735,9099,3144,2840,7182,9934,5088,4501,1988,12350,8255,11115,1389,68630,0,0.0,116.85,14.05,1,488,High Risk,31-40,2024-03
USR0921,2022-04-01,30,Female,Master's,Freelancer,Tier 1,48869,16211,4699,859,3521,2205,1222,3518,916,1484,2564,6093,1392,42120,4185,8.56,86.19,5.25,1,505,High Risk,22-30,2022-04
USR0922,2023-09-01,32,Female,Bachelor's,Student,Tier 2,22369,5674,11743,713,6728,6497,1390,1034,1690,1798,1303,3834,3016,44117,0,0.0,197.22,5.83,1,409,High Risk,31-40,2023-09
USR0923,2022-09-01,36,Other,Bachelor's,Business Owner,Tier 1,74905,12358,2560,3977,6327,6563,3410,3950,1445,8048,15186,0,3821,52459,7260,9.69,70.03,20.27,0,512,High Risk,31-40,2022-09
USR0924,2024-10-01,45,Male,PhD,Self-Employed,Tier 3,75928,13063,3187,1959,5935,8462,2104,4384,1924,7687,9525,7501,1242,57448,8955,11.79,75.66,12.54,1,542,Medium Risk,41-50,2024-10
USR0925,2023-09-01,59,Other,High School,Freelancer,Tier 3,37694,8545,5133,3586,2790,8596,2236,3587,1364,12436,6582,0,425,48698,0,0.0,129.19,17.46,0,455,High Risk,51-65,2023-09
USR0926,2023-11-01,56,Male,Bachelor's,Self-Employed,Tier 1,57203,19337,5411,3844,7523,3094,1226,4438,1852,11972,6474,0,2178,60875,0,0.0,106.42,11.32,0,534,High Risk,51-65,2023-11
USR0927,2023-12-01,51,Male,Bachelor's,Self-Employed,Tier 2,57261,16524,3689,1062,1865,1815,455,406,1927,4455,3402,0,4177,36375,17484,30.53,63.52,5.94,0,629,Low Risk,51-65,2023-12
USR0928,2022-10-01,52,Male,Master's,Salaried,Tier 1,71559,23151,6407,3312,7844,8639,2618,3734,341,11345,17360,19227,4031,90649,0,0.0,126.68,24.26,1,482,High Risk,51-65,2022-10
USR0929,2022-06-01,26,Female,PhD,Salaried,Tier 2,76806,17150,4423,544,3701,9259,2763,2252,1136,6213,10861,17367,2844,67652,0,0.0,88.08,14.14,1,494,High Risk,22-30,2022-06
USR0930,2023-09-01,35,Male,Bachelor's,Self-Employed,Tier 2,60084,9531,3369,3250,5252,3204,3151,4506,387,4187,1967,13331,2083,52251,5866,9.76,86.96,3.27,1,523,High Risk,31-40,2023-09
USR0931,2024-05-01,32,Female,Master's,Salaried,Tier 1,63634,21945,8007,1133,5702,6225,5531,228,3,14583,6460,4083,740,68180,0,0.0,107.14,10.15,1,461,High Risk,31-40,2024-05
USR0932,2023-09-01,30,Female,Master's,Salaried,Tier 1,81195,12458,8728,1935,1883,5191,469,1413,676,11654,6685,0,845,45252,29258,36.03,55.73,8.23,0,659,Low Risk,22-30,2023-09
USR0933,2023-10-01,55,Female,Bachelor's,Freelancer,Tier 2,46107,15654,10772,1710,2635,9339,5847,387,1662,11638,2467,11671,4926,76241,0,0.0,165.36,5.35,1,421,High Risk,51-65,2023-10
USR0934,2024-11-01,33,Female,Bachelor's,Salaried,Tier 2,52507,11747,2976,2249,5337,624,1127,2060,398,3545,12253,5683,4486,40232,22,0.04,76.62,23.34,1,529,High Risk,31-40,2024-11
USR0935,2022-05-01,56,Male,Bachelor's,Self-Employed,Tier 1,57504,8741,6272,3208,6591,5597,263,2772,1445,9551,12664,7986,1888,54314,0,0.0,94.45,22.02,1,509,High Risk,51-65,2022-05
USR0936,2023-03-01,56,Male,PhD,Self-Employed,Tier 2,63190,18188,8497,3741,3532,5307,4755,4214,410,7216,3146,0,1054,56914,3130,4.95,90.07,4.98,0,554,High Risk,51-65,2023-03
USR0937,2023-07-01,22,Male,High School,Student,Tier 2,20322,7033,2118,3268,4209,2470,5335,4452,6803,2585,1789,2007,604,40884,0,0.0,201.18,8.8,1,359,High Risk,22-30,2023-07
USR0938,2023-04-01,61,Male,Master's,Self-Employed,Tier 3,80676,27681,3542,1093,7114,3262,1242,2327,559,14953,15375,0,3543,65316,0,0.0,80.96,19.06,0,557,High Risk,51-65,2023-04
USR0939,2023-11-01,43,Male,Bachelor's,Salaried,Tier 1,56707,10331,6862,1924,2021,6017,5644,2091,557,7033,2955,6547,2677,51704,2048,3.61,91.18,5.21,1,495,High Risk,41-50,2023-11
USR0940,2022-04-01,50,Male,Master's,Self-Employed,Tier 3,65658,12228,5043,2793,7059,1314,5203,2907,557,3227,9710,10653,719,51703,4245,6.47,78.75,14.79,1,540,High Risk,41-50,2022-04
USR0941,2023-09-01,29,Male,Bachelor's,Business Owner,Tier 2,65955,17353,2972,2426,7718,3601,4388,1941,698,876,11538,5798,3140,50911,3506,5.32,77.19,17.49,1,519,High Risk,22-30,2023-09
USR0942,2023-12-01,32,Other,Bachelor's,Student,Tier 1,26631,7389,2915,1356,2123,2154,5068,2873,1210,7492,4353,0,1607,34187,0,0.0,128.37,16.35,0,462,High Risk,31-40,2023-12
USR0943,2024-02-01,62,Female,Master's,Salaried,Tier 2,62914,18741,8621,2392,1181,631,1009,2013,501,14685,11110,0,1020,50794,1010,1.61,80.74,17.66,0,532,High Risk,51-65,2024-02
USR0944,2022-02-01,58,Male,Master's,Salaried,Tier 2,65001,12103,11629,1051,3634,8922,2241,4527,1655,13163,11484,0,3874,62799,0,0.0,96.61,17.67,0,480,High Risk,51-65,2022-02
USR0945,2022-08-01,35,Female,Master's,Business Owner,Tier 3,78189,26725,2586,542,5708,894,3288,359,643,6200,18859,19249,4730,70924,0,0.0,90.71,24.12,1,487,High Risk,31-40,2022-08
USR0946,2022-09-01,51,Male,High School,Salaried,Tier 1,60857,16902,10542,3388,6320,7819,1846,543,1994,5190,5271,6692,4035,65271,0,0.0,107.25,8.66,1,484,High Risk,51-65,2022-09
USR0947,2022-02-01,56,Male,Master's,Self-Employed,Tier 2,71058,22696,7625,678,3761,4073,5135,404,530,3294,15607,15844,4267,68307,0,0.0,96.13,21.96,1,515,High Risk,51-65,2022-02
USR0948,2023-02-01,42,Female,High School,Salaried,Tier 2,55187,14238,9354,1980,5494,9673,687,3242,952,1565,300,12830,3487,63502,0,0.0,115.07,0.54,1,456,High Risk,41-50,2023-02
USR0949,2023-08-01,58,Female,Bachelor's,Salaried,Tier 3,56084,13059,6591,3082,5196,7606,3281,3085,786,4182,4040,0,2381,49249,2795,4.98,87.81,7.2,0,526,High Risk,51-65,2023-08
USR0950,2022-02-01,26,Male,Bachelor's,Salaried,Tier 1,75716,26155,4562,1106,3919,9624,1947,504,3297,8137,921,0,4914,64165,10630,14.04,84.74,1.22,0,543,Medium Risk,22-30,2022-02
USR0951,2022-04-01,40,Other,Bachelor's,Salaried,Tier 3,56996,15185,8839,1171,2367,6125,948,2917,1767,10699,9279,0,3432,53450,0,0.0,93.78,16.28,0,539,High Risk,31-40,2022-04
USR0952,2024-11-01,35,Female,Bachelor's,Freelancer,Tier 3,30703,9928,10464,3815,4109,5128,4037,4141,41,11893,773,3554,624,57734,0,0.0,188.04,2.52,1,428,High Risk,31-40,2024-11
USR0953,2023-02-01,47,Female,PhD,Student,Tier 1,40667,13853,4927,1426,1699,5560,727,599,603,1551,8598,3282,1751,35978,0,0.0,88.47,21.14,1,479,High Risk,41-50,2023-02
USR0954,2023-09-01,25,Female,High School,Salaried,Tier 3,46161,13159,8195,516,3323,8247,1367,3720,5407,9320,7461,4266,557,58077,0,0.0,125.81,16.16,1,461,High Risk,22-30,2023-09
USR0955,2023-03-01,46,Female,Master's,Business Owner,Tier 3,94908,24655,8276,1635,3448,6769,4849,1185,47,8580,683,12672,3646,75762,18463,19.45,79.83,0.72,1,614,Medium Risk,41-50,2023-03
USR0956,2023-08-01,63,Male,Bachelor's,Salaried,Tier 1,59950,9034,11956,2138,4478,7132,4810,2005,1944,2873,10712,0,1794,48164,1074,1.79,80.34,17.87,0,509,High Risk,51-65,2023-08
USR0957,2022-06-01,46,Male,High School,Self-Employed,Tier 2,52829,8347,6290,3373,4125,7255,3741,2296,1986,14320,11385,0,1210,52943,0,0.0,100.22,21.55,0,484,High Risk,41-50,2022-06
USR0958,2024-04-01,39,Male,High School,Salaried,Tier 2,66212,12591,7882,3094,5078,7089,4672,4501,1817,7262,10943,6548,396,60930,0,0.0,92.02,16.53,1,511,High Risk,31-40,2024-04
USR0959,2022-02-01,61,Male,PhD,Student,Tier 1,27329,5116,8446,1553,6606,6089,3939,1659,1609,8558,208,8005,1233,52813,0,0.0,193.25,0.76,1,420,High Risk,51-65,2022-02
USR0960,2024-04-01,29,Female,Master's,Freelancer,Tier 1,50472,10142,7167,1715,5738,3004,683,1545,6846,6968,10825,0,1061,44869,0,0.0,88.9,21.45,0,482,High Risk,22-30,2024-04
USR0961,2024-10-01,60,Male,PhD,Freelancer,Tier 1,61394,12953,11962,2984,668,3533,651,430,1469,14618,11242,0,548,49816,336,0.55,81.14,18.31,0,511,High Risk,51-65,2024-10
USR0962,2023-02-01,61,Other,PhD,Business Owner,Tier 1,106300,23599,3522,2726,2521,9403,4269,3982,220,4474,10057,30014,3977,88707,7536,7.09,83.45,9.46,1,589,High Risk,51-65,2023-02
USR0963,2022-09-01,35,Female,Bachelor's,Self-Employed,Tier 2,50732,11876,11023,1115,2694,3476,5855,3700,1644,9875,4168,12089,1858,65205,0,0.0,128.53,8.22,1,464,High Risk,31-40,2022-09
USR0964,2023-11-01,53,Female,Bachelor's,Student,Tier 1,18243,3097,2561,3224,938,1971,5394,1082,1670,7159,2188,0,774,27870,0,0.0,152.77,11.99,0,457,High Risk,51-65,2023-11
USR0965,2024-11-01,59,Female,Master's,Freelancer,Tier 3,58825,9322,5540,3181,7531,7095,4597,2973,939,8328,12751,9379,2019,60904,0,0.0,103.53,21.68,1,453,High Risk,51-65,2024-11
USR0966,2023-10-01,54,Female,Bachelor's,Student,Tier 2,18382,5234,3479,3705,3760,1642,5871,2531,342,5341,1158,0,1130,33035,0,0.0,179.71,6.3,0,441,High Risk,51-65,2023-10
USR0967,2022-05-01,44,Male,Bachelor's,Self-Employed,Tier 1,57220,14732,8677,3349,4755,3068,3333,632,1261,9969,1444,16200,4208,70184,0,0.0,122.66,2.52,1,437,High Risk,41-50,2022-05
USR0968,2024-05-01,36,Female,Bachelor's,Salaried,Tier 2,50587,12081,3205,811,5409,2108,1973,1408,154,2451,10934,0,4882,34482,5171,10.22,68.16,21.61,0,507,Medium Risk,31-40,2024-05
USR0969,2024-11-01,54,Male,Bachelor's,Self-Employed,Tier 2,73714,20410,8660,2572,2949,6052,5822,2880,937,4421,484,0,683,55386,17844,24.21,75.14,0.66,0,623,Low Risk,51-65,2024-11
USR0970,2024-10-01,46,Female,Bachelor's,Salaried,Tier 3,52218,16476,10848,2918,5181,2397,1198,2463,840,3924,11892,0,4112,50357,0,0.0,96.44,22.77,0,532,High Risk,41-50,2024-10
USR0971,2022-04-01,38,Male,High School,Self-Employed,Tier 1,45425,10699,2589,1024,1363,2692,2265,3202,1079,7225,3472,0,557,32695,9258,20.38,71.98,7.64,0,565,Low Risk,31-40,2022-04
USR0972,2022-09-01,54,Female,Bachelor's,Self-Employed,Tier 1,55740,15508,6326,3890,5637,1591,597,2612,386,10017,7082,14142,4680,65386,0,0.0,117.31,12.71,1,456,High Risk,51-65,2022-09
USR0973,2023-02-01,23,Female,Bachelor's,Self-Employed,Tier 3,71301,24293,6904,2777,639,1199,5302,2017,6667,1671,2358,4911,453,56833,12110,16.98,79.71,3.31,1,586,Medium Risk,22-30,2023-02
USR0974,2022-05-01,35,Male,Bachelor's,Salaried,Tier 3,52401,16659,11563,3673,5734,4592,2003,817,1932,13008,11819,10758,4194,74933,0,0.0,143.0,22.55,1,447,High Risk,31-40,2022-05
USR0975,2024-03-01,61,Male,Bachelor's,Salaried,Tier 2,78869,18550,8421,1973,4923,2678,2351,4692,1733,4269,14784,8827,1034,59451,4634,5.88,75.38,18.75,1,527,High Risk,51-65,2024-03
USR0976,2022-11-01,61,Other,Master's,Self-Employed,Tier 3,69057,19262,5759,2925,724,1232,2146,2705,1338,10563,15954,0,1390,48044,5059,7.33,69.57,23.1,0,590,High Risk,51-65,2022-11
USR0977,2024-06-01,60,Female,High School,Student,Tier 1,18336,3399,10939,1387,1057,9204,3917,517,37,4131,3131,0,1903,36491,0,0.0,199.01,17.08,0,411,High Risk,51-65,2024-06
USR0978,2024-10-01,27,Female,Bachelor's,Salaried,Tier 2,55122,14447,10655,2424,7082,3187,3615,656,1440,2810,2545,14374,4764,65454,0,0.0,118.74,4.62,1,452,High Risk,22-30,2024-10
USR0979,2023-12-01,27,Female,Master's,Salaried,Tier 1,74569,25820,10945,3774,2073,4256,1594,700,6095,2843,5746,5379,692,64171,4652,6.24,86.06,7.71,1,536,High Risk,22-30,2023-12
USR0980,2023-04-01,24,Male,Bachelor's,Freelancer,Tier 1,42212,10707,7936,3838,6337,6561,4328,4618,6875,3886,5137,0,3609,58695,0,0.0,139.05,12.17,0,458,High Risk,22-30,2023-04
USR0981,2024-06-01,28,Male,Bachelor's,Self-Employed,Tier 3,66133,22189,10774,2507,885,9123,2621,2515,4443,3567,10039,7192,4346,70162,0,0.0,106.09,15.18,1,480,High Risk,22-30,2024-06
USR0982,2023-12-01,29,Male,Master's,Salaried,Tier 1,62231,14404,4205,961,1020,7034,4119,4074,7404,2839,14413,8292,3327,57679,0,0.0,92.69,23.16,1,459,High Risk,22-30,2023-12
USR0983,2022-03-01,63,Female,Bachelor's,Salaried,Tier 2,62094,21718,6114,2912,5872,5885,3283,4974,1365,1183,5960,0,2320,55626,508,0.82,89.58,9.6,0,523,High Risk,51-65,2022-03
USR0984,2024-05-01,36,Male,Master's,Salaried,Tier 3,65557,17427,6027,2651,7263,4994,2988,1203,1476,9567,11522,5436,4065,63097,0,0.0,96.25,17.58,1,488,High Risk,31-40,2024-05
USR0985,2022-12-01,50,Female,Master's,Student,Tier 1,22099,3501,6816,3682,4472,9499,2044,4450,256,1554,5309,3521,251,40046,0,0.0,181.21,24.02,1,420,High Risk,41-50,2022-12
USR0986,2024-03-01,54,Female,Bachelor's,Salaried,Tier 3,68930,18428,9188,927,5717,1779,2004,4396,433,12445,2625,0,461,55778,10527,15.27,80.92,3.81,0,591,Medium Risk,51-65,2024-03
USR0987,2024-05-01,51,Female,Bachelor's,Salaried,Tier 3,67283,13787,4808,968,3334,7038,1089,1266,208,7711,14511,0,3202,43411,9361,13.91,64.52,21.57,0,587,Medium Risk,51-65,2024-05
USR0988,2022-02-01,60,Female,High School,Salaried,Tier 2,64672,10120,5603,1514,3642,2721,2703,4916,1224,14750,6801,3960,2108,53261,4610,7.13,82.36,10.52,1,522,High Risk,51-65,2022-02
USR0989,2024-05-01,48,Other,Bachelor's,Salaried,Tier 1,48760,15318,5913,2104,7194,5664,2093,1828,136,3102,8928,0,3846,47198,0,0.0,96.8,18.31,0,498,High Risk,41-50,2024-05
USR0990,2022-09-01,57,Male,Bachelor's,Freelancer,Tier 1,56513,11593,3419,1369,2333,1354,1866,3434,1663,4514,4147,0,2577,34122,18244,32.28,60.38,7.34,0,635,Low Risk,51-65,2022-09
USR0991,2024-04-01,50,Female,Bachelor's,Salaried,Tier 2,83043,25686,4167,3317,5042,3712,4544,2481,564,7801,6933,23108,3594,84016,0,0.0,101.17,8.35,1,480,High Risk,41-50,2024-04
USR0992,2023-11-01,59,Female,Bachelor's,Salaried,Tier 1,59386,12331,4144,3227,3661,3086,3265,4698,855,848,402,15855,4536,56506,2478,4.17,95.15,0.68,1,447,High Risk,51-65,2023-11
USR0993,2023-01-01,54,Female,Bachelor's,Self-Employed,Tier 1,71161,13439,4167,3352,4001,5340,5275,2598,1417,13006,17281,0,1825,54420,0,0.0,76.47,24.28,0,556,High Risk,51-65,2023-01
USR0994,2022-05-01,58,Female,High School,Salaried,Tier 3,52894,18237,11752,1385,5838,3268,3841,3438,1619,1522,10756,3475,1428,55803,0,0.0,105.5,20.34,1,483,High Risk,51-65,2022-05
USR0995,2024-08-01,48,Male,Bachelor's,Salaried,Tier 1,52020,11565,11368,3108,4702,7728,3275,4554,720,9141,1221,13537,4586,74284,0,0.0,142.8,2.35,1,448,High Risk,41-50,2024-08
USR0996,2024-04-01,54,Male,Bachelor's,Business Owner,Tier 2,77554,20960,11460,1773,1999,3840,1459,3869,844,1003,19378,0,1589,48796,9380,12.09,62.92,24.99,0,603,Medium Risk,51-65,2024-04
USR0997,2023-03-01,25,Female,Master's,Freelancer,Tier 1,63385,17240,7891,830,3463,5759,2420,4915,1637,8777,9587,17469,1687,72088,0,0.0,113.73,15.13,1,461,High Risk,22-30,2023-03
USR0998,2023-12-01,43,Male,High School,Business Owner,Tier 2,65294,17113,8536,2455,1977,7240,5641,1665,35,12014,13935,8350,1116,66142,0,0.0,101.3,21.34,1,470,High Risk,41-50,2023-12
USR0999,2024-08-01,23,Female,Bachelor's,Business Owner,Tier 3,75197,25036,3166,1086,1403,775,2618,2161,7543,14076,1253,0,2341,60205,13739,18.27,80.06,1.67,0,573,Medium Risk,22-30,2024-08
USR1000,2023-09-01,31,Female,PhD,Freelancer,Tier 1,66748,19015,5575,700,2131,7698,5867,1075,26,1022,6498,10056,910,54075,6175,9.25,81.01,9.74,1,535,High Risk,31-40,2023-09
USR1001,2022-05-01,26,Male,High School,Salaried,Tier 1,55024,12696,4841,953,4486,4363,3038,4269,3107,11843,9211,11473,2086,63155,0,0.0,114.78,16.74,1,435,High Risk,22-30,2022-05
USR1002,2024-12-01,31,Female,Bachelor's,Freelancer,Tier 2,52676,16986,3870,1325,7187,1214,2996,4101,17,12384,1401,8219,2416,60715,0,0.0,115.26,2.66,1,449,High Risk,31-40,2024-12
USR1003,2024-04-01,54,Male,High School,Business Owner,Tier 2,73902,13761,4886,610,5745,6554,986,742,629,3008,9032,11596,1520,50037,14833,20.07,67.71,12.22,1,576,Low Risk,51-65,2024-04
USR1004,2024-08-01,59,Female,Bachelor's,Freelancer,Tier 2,51837,13417,2159,3411,1670,1309,3567,3716,1160,9321,5736,9675,2763,52168,0,0.0,100.64,11.07,1,447,High Risk,51-65,2024-08
USR1005,2023-11-01,34,Female,Bachelor's,Self-Employed,Tier 1,52541,17869,9243,1407,2827,4226,5135,4065,578,517,2837,0,4645,50512,0,0.0,96.14,5.4,0,491,High Risk,31-40,2023-11
USR1006,2023-04-01,52,Female,Bachelor's,Salaried,Tier 1,64853,17839,5763,2272,4619,4478,2647,4748,902,7923,4868,16095,2826,70112,0,0.0,108.11,7.51,1,436,High Risk,51-65,2023-04
USR1007,2022-10-01,57,Male,Bachelor's,Business Owner,Tier 3,72581,22746,3055,2067,5547,9553,3329,4699,1849,1768,17548,15126,600,70339,0,0.0,96.91,24.18,1,506,High Risk,51-65,2022-10
USR1008,2024-05-01,45,Male,Master's,Freelancer,Tier 3,65307,18332,2333,1732,2244,536,2098,1218,974,1676,4712,14526,950,46619,13976,21.4,71.38,7.22,1,550,Low Risk,41-50,2024-05
USR1009,2024-03-01,36,Female,High School,Student,Tier 2,10000,3178,5596,2580,2539,8614,4703,1628,1053,2132,533,1077,2087,35187,0,0.0,351.87,5.33,1,300,High Risk,31-40,2024-03
USR1010,2024-11-01,50,Female,High School,Salaried,Tier 3,64030,21699,9607,1054,619,9146,3784,774,1096,13287,8583,18721,3885,83672,0,0.0,130.68,13.4,1,442,High Risk,41-50,2024-11
USR1011,2023-12-01,29,Female,Master's,Salaried,Tier 2,68131,13938,11083,2403,4357,3808,4359,1658,2354,13245,11428,14651,1618,73474,0,0.0,107.84,16.77,1,475,High Risk,22-30,2023-12
USR1012,2023-11-01,26,Male,Bachelor's,Salaried,Tier 2,64615,11884,3362,606,2175,3155,4149,1699,4916,12461,11712,0,2803,47210,5693,8.81,73.06,18.13,0,522,High Risk,22-30,2023-11
USR1013,2022-03-01,50,Male,Master's,Freelancer,Tier 1,51040,12596,2925,3836,1820,1481,2667,1691,1000,4113,9624,0,3971,36100,5316,10.42,70.73,18.86,0,585,Medium Risk,41-50,2022-03
USR1014,2024-12-01,25,Male,Bachelor's,Salaried,Tier 2,54872,15933,7519,2773,5450,6947,2393,3372,7300,614,505,0,2218,54519,0,0.0,99.36,0.92,0,457,High Risk,22-30,2024-12
USR1015,2023-02-01,33,Female,Master's,Salaried,Tier 2,56041,10952,4443,3034,1515,651,216,2670,1251,9444,5516,0,2236,36412,14113,25.18,64.97,9.84,0,590,Low Risk,31-40,2023-02
USR1016,2022-04-01,23,Male,Bachelor's,Student,Tier 1,14557,2195,5980,2726,7587,9291,3222,3627,5144,13556,2816,2647,1845,57820,0,0.0,397.2,19.34,1,300,High Risk,22-30,2022-04
USR1017,2024-08-01,48,Male,Master's,Salaried,Tier 2,67408,14734,9260,3793,7749,6148,5193,2715,990,7090,15248,0,3687,61359,0,0.0,91.03,22.62,0,506,High Risk,41-50,2024-08
USR1018,2023-08-01,52,Female,PhD,Business Owner,Tier 3,95695,32897,3419,1893,5043,2011,5311,3751,272,2900,14406,0,1013,58510,22779,23.8,61.14,15.05,0,640,Low Risk,51-65,2023-08
USR1019,2023-05-01,57,Male,Bachelor's,Salaried,Tier 2,71083,20542,2059,3184,6531,2758,1466,4406,1781,7268,929,0,4933,54928,15226,21.42,77.27,1.31,0,580,Low Risk,51-65,2023-05
USR1020,2024-05-01,57,Other,High School,Business Owner,Tier 2,68433,15757,4524,3335,2243,731,678,2400,1460,10562,6785,19602,3369,64661,0,0.0,94.49,9.91,1,521,High Risk,51-65,2024-05
USR1021,2024-08-01,47,Female,Bachelor's,Self-Employed,Tier 3,48944,9226,5797,666,5591,3242,4496,3164,901,3088,908,5934,1223,43328,4708,9.62,88.53,1.86,1,481,High Risk,41-50,2024-08
USR1022,2022-04-01,64,Female,High School,Business Owner,Tier 1,60458,13374,3578,3210,2442,8341,4177,3513,38,821,11313,5374,1709,46577,2568,4.25,77.04,18.71,1,457,High Risk,51-65,2022-04
USR1023,2023-12-01,48,Male,Bachelor's,Student,Tier 2,26840,4937,9201,2847,4041,4962,3744,3127,1944,8126,426,0,2238,45167,0,0.0,168.28,1.59,0,416,High Risk,41-50,2023-12
USR1024,2022-02-01,26,Male,Bachelor's,Salaried,Tier 3,74065,12684,2707,1904,1946,8249,4474,881,3501,14760,3439,9300,1593,61999,8627,11.65,83.71,4.64,1,544,Medium Risk,22-30,2022-02
USR1025,2023-02-01,41,Female,Bachelor's,Salaried,Tier 2,73130,24231,10165,2582,4116,1071,4748,478,425,13013,7623,0,2546,63375,2132,2.92,86.66,10.42,0,536,High Risk,41-50,2023-02
USR1026,2024-10-01,32,Female,Bachelor's,Salaried,Tier 1,68679,24005,7277,2954,7691,1702,685,4658,314,12519,7943,0,1055,62860,0,0.0,91.53,11.57,0,537,High Risk,31-40,2024-10
USR1027,2022-02-01,31,Female,Bachelor's,Freelancer,Tier 1,53108,9709,3780,2025,5680,9731,4288,1848,613,13148,5396,9959,1366,62147,0,0.0,117.02,10.16,1,474,High Risk,31-40,2022-02
USR1028,2024-12-01,61,Male,Bachelor's,Business Owner,Tier 3,93580,15057,4413,813,4394,7109,4873,4896,1829,14342,10841,13716,2954,74396,8343,8.92,79.5,11.58,1,537,High Risk,51-65,2024-12
USR1029,2022-06-01,59,Female,High School,Self-Employed,Tier 2,50656,10938,9750,1315,2224,670,537,1358,1532,1333,9032,0,1865,31522,10102,19.94,62.23,17.83,0,569,Medium Risk,51-65,2022-06
USR1030,2024-12-01,27,Female,High School,Self-Employed,Tier 3,53169,12884,4161,1242,6727,5651,1060,2541,1591,12899,4908,8411,4238,61405,0,0.0,115.49,9.23,1,457,High Risk,22-30,2024-12
USR1031,2023-10-01,29,Female,High School,Salaried,Tier 2,52433,10012,10800,3274,2772,6906,2203,1718,2815,8903,7180,0,2172,51575,0,0.0,98.36,13.69,0,540,High Risk,22-30,2023-10
USR1032,2022-05-01,44,Female,Bachelor's,Business Owner,Tier 2,69103,14531,2308,1325,4562,688,1671,2038,156,9948,5240,0,3887,41114,22749,32.92,59.5,7.58,0,651,Low Risk,41-50,2022-05
USR1033,2023-10-01,47,Female,Bachelor's,Student,Tier 3,17529,3333,7439,1624,4781,5178,2242,1070,871,13735,1549,5211,1316,46800,0,0.0,266.99,8.84,1,391,High Risk,41-50,2023-10
USR1034,2022-11-01,64,Female,Bachelor's,Salaried,Tier 2,62926,19183,6307,1068,7018,7645,3628,3477,776,658,9655,0,3568,53328,0,0.0,84.75,15.34,0,537,High Risk,51-65,2022-11
USR1035,2024-07-01,33,Male,Bachelor's,Self-Employed,Tier 2,56486,16523,4364,1738,571,6427,3320,1541,256,3119,6926,14606,4742,57207,0,0.0,101.28,12.26,1,474,High Risk,31-40,2024-07
USR1036,2024-05-01,47,Female,Master's,Salaried,Tier 2,85410,23657,2184,2458,4669,1099,1719,2506,1999,14696,15438,12429,933,68349,1623,1.9,80.02,18.08,1,500,High Risk,41-50,2024-05
USR1037,2024-09-01,34,Male,High School,Self-Employed,Tier 3,48650,11065,7324,3123,6516,5801,901,1371,1893,1847,6817,9667,3983,53491,0,0.0,109.95,14.01,1,467,High Risk,31-40,2024-09
USR1038,2023-10-01,61,Male,Bachelor's,Self-Employed,Tier 2,65430,21710,7483,2609,5960,4076,4588,4272,854,3664,13144,9406,3121,67743,0,0.0,103.54,20.09,1,482,High Risk,51-65,2023-10
USR1039,2024-03-01,39,Male,Master's,Salaried,Tier 2,66519,22876,2245,868,2700,9645,4235,1328,634,14059,7373,9996,3529,72115,0,0.0,108.41,11.08,1,480,High Risk,31-40,2024-03
USR1040,2022-08-01,46,Male,Master's,Salaried,Tier 1,67506,12470,10430,1891,2643,5693,3944,3827,455,7313,8286,6056,4817,59539,0,0.0,88.2,12.27,1,489,High Risk,41-50,2022-08
USR1041,2022-06-01,54,Male,PhD,Salaried,Tier 3,66367,12915,10183,593,7088,2370,1373,4199,46,11904,11115,0,1906,52577,2675,4.03,79.22,16.75,0,497,High Risk,51-65,2022-06
USR1042,2024-01-01,61,Male,High School,Self-Employed,Tier 1,42061,10730,7924,3531,4257,4761,1805,4087,1355,1410,2326,7851,3698,51409,0,0.0,122.22,5.53,1,476,High Risk,51-65,2024-01
USR1043,2024-10-01,64,Female,High School,Self-Employed,Tier 2,52215,8785,2519,3597,3681,2524,5864,1484,9,7666,5037,0,1324,37453,9725,18.62,71.73,9.65,0,571,Medium Risk,51-65,2024-10
USR1044,2022-09-01,33,Female,Master's,Salaried,Tier 2,70060,16624,5907,1958,1981,5994,2079,770,143,2951,10944,0,4917,43324,15792,22.54,61.84,15.62,0,578,Low Risk,31-40,2022-09
USR1045,2024-12-01,57,Male,Bachelor's,Freelancer,Tier 2,55543,14794,2276,3692,3375,9332,5317,3064,1454,12495,400,16289,2058,74146,0,0.0,133.49,0.72,1,468,High Risk,51-65,2024-12
USR1046,2024-07-01,25,Female,Bachelor's,Freelancer,Tier 2,49450,12580,7101,2597,7718,5953,5579,4184,7959,903,5402,11304,2491,68369,0,0.0,138.26,10.92,1,433,High Risk,22-30,2024-07
USR1047,2023-07-01,26,Female,Master's,Salaried,Tier 1,67180,14523,10797,3430,7020,2327,3593,3341,2414,10533,10057,11437,2713,72128,0,0.0,107.37,14.97,1,494,High Risk,22-30,2023-07
USR1048,2022-01-01,58,Male,Master's,Salaried,Tier 2,87186,22536,6573,1263,5360,5202,2324,2177,486,11340,21085,0,3715,60976,5125,5.88,69.94,24.18,0,587,High Risk,51-65,2022-01
USR1049,2023-12-01,29,Male,PhD,Freelancer,Tier 3,61248,20932,6603,2583,4579,1039,5429,646,6459,2190,13428,11871,2200,64531,0,0.0,105.36,21.92,1,498,High Risk,22-30,2023-12
USR1050,2024-10-01,63,Female,PhD,Student,Tier 3,46304,8853,6053,1933,1596,7702,5191,1480,1610,3985,3249,3878,1997,44278,0,0.0,95.62,7.02,1,465,High Risk,51-65,2024-10
USR1051,2023-05-01,49,Female,Master's,Salaried,Tier 1,66790,18765,8812,3860,4807,4938,4842,836,1896,14251,8469,0,2516,65523,0,0.0,98.1,12.68,0,509,High Risk,41-50,2023-05
USR1052,2024-10-01,52,Female,Bachelor's,Salaried,Tier 3,68676,10897,8073,3950,1223,4001,1646,3173,1049,9948,968,0,2780,46740,20968,30.53,68.06,1.41,0,613,Low Risk,51-65,2024-10
USR1053,2024-11-01,30,Male,Master's,Salaried,Tier 2,77424,12642,2141,2647,3739,4037,3506,4826,1030,4788,4660,0,2214,41570,31194,40.29,53.69,6.02,0,656,Low Risk,22-30,2024-11
USR1054,2024-12-01,50,Male,High School,Self-Employed,Tier 3,49667,12931,3717,3895,7418,7216,3601,318,590,13910,9621,14492,2367,70455,0,0.0,141.85,19.37,1,448,High Risk,41-50,2024-12
USR1055,2023-01-01,35,Male,Bachelor's,Salaried,Tier 2,44164,7551,9313,828,2878,7318,3983,4361,1038,14762,1361,0,3228,55260,0,0.0,125.12,3.08,0,477,High Risk,31-40,2023-01
USR1056,2024-01-01,61,Male,Master's,Salaried,Tier 2,70146,10835,7714,1205,6361,6700,2572,2492,1455,11876,4518,0,2147,53357,12271,17.49,76.07,6.44,0,568,Medium Risk,51-65,2024-01
USR1057,2022-12-01,62,Male,Bachelor's,Freelancer,Tier 3,57843,10660,2399,720,5346,4786,350,2304,898,10334,13651,8987,1343,48127,0,0.0,83.2,23.6,1,463,High Risk,51-65,2022-12
USR1058,2023-09-01,43,Male,Bachelor's,Self-Employed,Tier 3,60219,15835,6763,2314,6113,5239,1859,1267,1423,12044,12402,7306,4431,64594,0,0.0,107.27,20.59,1,474,High Risk,41-50,2023-09
USR1059,2022-01-01,32,Female,High School,Salaried,Tier 2,58566,17023,11714,2361,3714,2589,1078,623,206,13787,11447,14556,3348,70999,0,0.0,121.23,19.55,1,459,High Risk,31-40,2022-01
USR1060,2022-06-01,44,Female,Master's,Salaried,Tier 1,56221,10709,11526,3114,6064,6105,2519,4019,1624,8616,12151,11493,1135,66924,0,0.0,119.04,21.61,1,443,High Risk,41-50,2022-06
USR1061,2022-11-01,22,Male,Bachelor's,Self-Employed,Tier 2,50236,14249,8255,1495,3371,7840,3083,4690,2127,14527,9414,3316,3357,66310,0,0.0,132.0,18.74,1,470,High Risk,22-30,2022-11
USR1062,2023-04-01,58,Female,Master's,Salaried,Tier 2,73290,13668,2238,1521,4989,7322,4195,1480,909,1022,2209,0,200,37544,33537,45.76,51.23,3.01,0,720,Low Risk,51-65,2023-04
USR1063,2023-10-01,42,Male,Bachelor's,Salaried,Tier 1,66283,18074,5215,609,5107,3821,2615,2019,1239,4945,8559,0,276,43920,13804,20.83,66.26,12.91,0,614,Low Risk,41-50,2023-10
USR1064,2022-11-01,47,Male,Master's,Business Owner,Tier 1,96717,22476,9541,648,5281,3049,1715,3632,1525,6959,10741,28510,2828,86164,0,0.0,89.09,11.11,1,507,High Risk,41-50,2022-11
USR1065,2024-02-01,57,Male,Master's,Salaried,Tier 3,68841,19327,5647,2953,4419,1716,3587,962,1482,14528,5354,9924,2395,66940,0,0.0,97.24,7.78,1,489,High Risk,51-65,2024-02
USR1066,2024-02-01,44,Female,Bachelor's,Freelancer,Tier 1,51246,17885,7408,1198,7264,5385,789,1829,258,7586,10685,0,773,50375,0,0.0,98.3,20.85,0,532,High Risk,41-50,2024-02
USR1067,2023-09-01,22,Other,Bachelor's,Student,Tier 2,23130,7807,11808,3564,6334,7393,787,642,4647,2444,2683,1606,1748,48780,0,0.0,210.89,11.6,1,364,High Risk,22-30,2023-09
USR1068,2024-02-01,61,Female,Bachelor's,Salaried,Tier 1,55104,8312,8340,1933,2220,9433,2819,3214,453,4071,830,7503,385,48683,5591,10.15,88.35,1.51,1,527,Medium Risk,51-65,2024-02
USR1069,2023-03-01,36,Male,PhD,Salaried,Tier 1,58953,19282,4429,3700,6422,6808,5687,2781,798,2060,4052,14772,4817,71556,0,0.0,121.38,6.87,1,439,High Risk,31-40,2023-03
USR1070,2024-11-01,42,Female,Bachelor's,Self-Employed,Tier 1,59448,9707,5652,607,3899,5582,1395,1697,374,5247,3397,10064,4042,48266,7785,13.1,81.19,5.71,1,561,Medium Risk,41-50,2024-11
USR1071,2022-11-01,30,Male,PhD,Business Owner,Tier 1,95391,32491,11913,888,7247,7725,4553,4452,463,13422,21164,26342,3692,113188,0,0.0,118.66,22.19,1,497,High Risk,22-30,2022-11
USR1072,2022-09-01,30,Female,Bachelor's,Student,Tier 3,18054,3725,8307,924,5878,7930,2526,288,74,7654,2922,3498,2443,43247,0,0.0,239.54,16.18,1,412,High Risk,22-30,2022-09
USR1073,2023-11-01,31,Female,Master's,Freelancer,Tier 3,42046,9519,11464,2994,2357,9339,2805,2449,241,12286,5890,11862,233,65549,0,0.0,155.9,14.01,1,468,High Risk,31-40,2023-11
USR1074,2022-04-01,47,Male,Master's,Salaried,Tier 1,75037,12630,7140,3465,3265,3297,2738,1179,1040,14589,9504,22184,1820,73347,0,0.0,97.75,12.67,1,494,High Risk,41-50,2022-04
USR1075,2024-06-01,62,Female,Master's,Freelancer,Tier 2,52872,9118,4878,1591,2896,1318,5904,661,1712,1092,8593,8643,2096,39909,4370,8.27,75.48,16.25,1,495,High Risk,51-65,2024-06
USR1076,2024-04-01,56,Female,PhD,Salaried,Tier 2,81454,24057,3535,3637,4264,8934,765,3752,1282,12585,15371,15581,2655,81047,0,0.0,99.5,18.87,1,505,High Risk,51-65,2024-04
USR1077,2024-01-01,46,Male,Bachelor's,Self-Employed,Tier 3,70912,24029,10727,3203,4521,7306,1956,2956,122,11360,9828,0,2000,68180,0,0.0,96.15,13.86,0,519,High Risk,41-50,2024-01
USR1078,2023-10-01,47,Female,High School,Salaried,Tier 3,37868,10305,8254,2499,4386,7501,4275,3828,1334,5827,8882,0,4832,53041,0,0.0,140.07,23.46,0,459,High Risk,41-50,2023-10
USR1079,2024-01-01,32,Male,Master's,Salaried,Tier 2,64403,18881,2948,2163,3062,8426,1560,2701,110,12594,15727,17093,2283,71821,0,0.0,111.52,24.42,1,445,High Risk,31-40,2024-01
USR1080,2024-02-01,59,Female,Master's,Freelancer,Tier 2,53324,16124,5941,2027,2946,4604,2768,579,1279,1255,13268,0,1605,39128,928,1.74,73.38,24.88,0,511,High Risk,51-65,2024-02
USR1081,2024-05-01,23,Female,Bachelor's,Self-Employed,Tier 3,67638,13700,11213,2526,4167,8546,2573,4696,473,9991,11319,0,3888,61773,0,0.0,91.33,16.73,0,499,High Risk,22-30,2024-05
USR1082,2024-08-01,28,Female,Bachelor's,Salaried,Tier 1,49908,7937,8603,2868,2761,512,1395,4846,4711,996,11636,0,2852,37481,791,1.58,75.1,23.31,0,528,High Risk,22-30,2024-08
USR1083,2024-02-01,39,Female,Bachelor's,Salaried,Tier 2,78486,11802,10625,3266,4117,6394,2331,3183,496,13560,7936,0,4738,60512,10038,12.79,77.1,10.11,0,598,Medium Risk,31-40,2024-02
USR1084,2024-04-01,48,Female,Bachelor's,Business Owner,Tier 3,81086,17849,3403,2355,7205,7550,3088,3260,1891,2921,17425,10354,1386,61262,2399,2.96,75.55,21.49,1,537,High Risk,41-50,2024-04
USR1085,2023-08-01,55,Male,Bachelor's,Freelancer,Tier 2,47231,9365,9819,3275,1812,3517,5843,3150,1063,2098,10735,0,4333,44275,0,0.0,93.74,22.73,0,507,High Risk,51-65,2023-08
USR1086,2022-02-01,48,Female,Bachelor's,Salaried,Tier 2,61415,9977,5511,3127,2364,7892,5800,4740,1145,12971,13881,0,2339,55866,0,0.0,90.96,22.6,0,498,High Risk,41-50,2022-02
USR1087,2023-11-01,38,Male,Master's,Salaried,Tier 2,66509,12364,4935,946,7926,1189,1767,3930,1473,4627,13814,7891,2878,49926,2769,4.16,75.07,20.77,1,515,High Risk,31-40,2023-11
USR1088,2022-05-01,64,Female,Bachelor's,Salaried,Tier 1,71384,12485,6878,2097,2805,6378,3610,4624,726,13070,7256,20572,3994,77239,0,0.0,108.2,10.16,1,503,High Risk,51-65,2022-05
USR1089,2023-09-01,45,Male,Bachelor's,Student,Tier 2,14451,4811,9506,709,6007,3638,2567,2131,1831,13623,574,0,2919,47742,0,0.0,330.37,3.97,0,337,High Risk,41-50,2023-09
USR1090,2023-10-01,46,Male,Bachelor's,Self-Employed,Tier 2,58763,10462,9591,1348,2307,8476,3543,3621,1821,7516,4906,0,4802,53487,370,0.63,91.02,8.35,0,517,High Risk,41-50,2023-10
USR1091,2022-11-01,28,Female,High School,Self-Employed,Tier 2,44926,11569,7060,2362,3241,9368,3297,2190,448,6051,8617,6339,2426,54351,0,0.0,120.98,19.18,1,451,High Risk,22-30,2022-11
USR1092,2024-06-01,27,Male,Master's,Self-Employed,Tier 2,56902,15285,5333,2917,6164,6827,1460,4056,2221,4090,3312,0,2531,50884,2706,4.76,89.42,5.82,0,559,High Risk,22-30,2024-06
USR1093,2024-04-01,45,Female,PhD,Salaried,Tier 3,97687,25271,3602,2464,3836,4803,1533,1682,91,13473,11680,19820,4223,80798,5209,5.33,82.71,11.96,1,559,High Risk,41-50,2024-04
USR1094,2024-12-01,54,Male,Bachelor's,Business Owner,Tier 1,83352,14154,10420,2087,7980,1502,4528,2745,1384,961,11781,0,4650,50411,21160,25.39,60.48,14.13,0,641,Low Risk,51-65,2024-12
USR1095,2023-05-01,50,Male,Master's,Self-Employed,Tier 2,67906,14515,4196,2151,5659,7908,4844,4420,1969,5466,10251,0,3568,54696,2959,4.36,80.55,15.1,0,506,High Risk,41-50,2023-05
USR1096,2023-09-01,64,Female,Master's,Salaried,Tier 2,79102,12676,2110,2416,1497,8642,3536,4499,1146,9059,18504,0,4157,49738,10860,13.73,62.88,23.39,0,592,Medium Risk,51-65,2023-09
USR1097,2024-12-01,43,Male,Master's,Salaried,Tier 2,58629,13433,11436,2418,7463,2265,3284,3015,336,11397,9695,0,687,55734,0,0.0,95.06,16.54,0,507,High Risk,41-50,2024-12
USR1098,2024-01-01,47,Male,High School,Self-Employed,Tier 1,62018,11642,8023,1076,6853,6278,3587,842,1631,12015,12191,9672,478,62097,0,0.0,100.13,19.66,1,478,High Risk,41-50,2024-01
USR1099,2023-12-01,49,Female,PhD,Student,Tier 2,16928,4440,6159,2165,2819,2791,4913,4885,512,665,2462,4911,2791,37051,0,0.0,218.87,14.54,1,346,High Risk,41-50,2023-12
USR1100,2024-06-01,42,Male,Bachelor's,Salaried,Tier 3,56849,16404,5867,1188,3707,8230,5301,4118,602,12378,11847,5876,849,64520,0,0.0,113.49,20.84,1,448,High Risk,41-50,2024-06
USR1101,2024-11-01,28,Female,Bachelor's,Business Owner,Tier 2,76327,19572,11569,1289,1098,5366,2631,1786,2316,12774,5031,22848,3178,84427,0,0.0,110.61,6.59,1,489,High Risk,22-30,2024-11
USR1102,2023-09-01,38,Male,High School,Freelancer,Tier 3,44653,10575,9641,1491,1583,8929,1216,2609,1456,11739,2342,10019,554,59812,0,0.0,133.95,5.24,1,469,High Risk,31-40,2023-09
USR1103,2022-06-01,41,Male,Bachelor's,Salaried,Tier 3,64749,14728,7004,2710,4081,6953,841,4049,6,2228,14994,15805,2442,60847,0,0.0,93.97,23.16,1,475,High Risk,41-50,2022-06
USR1104,2023-09-01,62,Female,High School,Salaried,Tier 1,53665,17083,11963,1476,3586,2084,4262,254,119,8196,9303,8007,2680,59710,0,0.0,111.26,17.34,1,460,High Risk,51-65,2023-09
USR1105,2022-08-01,41,Male,Bachelor's,Salaried,Tier 1,62904,12195,10204,1855,7666,1807,515,1041,386,5197,10560,0,757,41623,10721,17.04,66.17,16.79,0,616,Medium Risk,41-50,2022-08
USR1106,2022-05-01,43,Male,Bachelor's,Freelancer,Tier 3,40175,11925,9077,2187,2802,2585,2503,4787,1373,12361,4693,0,3686,53286,0,0.0,132.63,11.68,0,467,High Risk,41-50,2022-05
USR1107,2022-10-01,49,Male,Master's,Salaried,Tier 3,58022,17493,5261,849,3284,531,640,1184,640,11866,5464,12778,361,54887,0,0.0,94.6,9.42,1,478,High Risk,41-50,2022-10
USR1108,2024-07-01,61,Male,Master's,Salaried,Tier 1,75812,17727,2662,2271,1221,8220,1338,2820,1714,2673,10532,5587,898,47131,18149,23.94,62.17,13.89,1,584,Low Risk,51-65,2024-07
USR1109,2024-06-01,28,Female,Bachelor's,Self-Employed,Tier 1,61549,12892,10885,3217,7178,791,1114,3106,4983,537,1855,12797,2173,59673,21,0.03,96.95,3.01,1,456,High Risk,22-30,2024-06
USR1110,2023-09-01,22,Male,Master's,Freelancer,Tier 1,67675,16520,5390,925,7902,4186,5443,2194,7673,4943,7693,18256,3744,77176,0,0.0,114.04,11.37,1,492,High Risk,22-30,2023-09
USR1111,2024-12-01,53,Female,Master's,Salaried,Tier 3,63679,10739,11373,826,1654,2142,2503,2132,1066,14024,7249,6022,3977,56458,0,0.0,88.66,11.38,1,476,High Risk,51-65,2024-12
USR1112,2024-03-01,34,Female,Master's,Salaried,Tier 1,75542,12025,5018,1629,6304,8266,4342,2472,182,7986,10166,17709,2405,68338,0,0.0,90.46,13.46,1,499,High Risk,31-40,2024-03
USR1113,2024-11-01,51,Male,High School,Self-Employed,Tier 2,45730,7880,11696,754,7667,9269,3621,302,696,2521,7256,2576,691,47673,0,0.0,104.25,15.87,1,472,High Risk,51-65,2024-11
USR1114,2024-08-01,44,Female,Master's,Self-Employed,Tier 3,72523,13592,3902,2537,516,4409,5442,1169,564,7380,17356,0,2192,41703,13464,18.57,57.5,23.93,0,638,Medium Risk,41-50,2024-08
USR1115,2024-02-01,40,Male,PhD,Business Owner,Tier 1,102175,25629,6171,2905,7525,1723,2278,1271,1763,9425,16658,30216,1232,90138,0,0.0,88.22,16.3,1,501,High Risk,31-40,2024-02
USR1116,2022-04-01,53,Other,Master's,Salaried,Tier 2,71689,22928,2328,2490,7597,9138,4350,936,1696,5021,15838,9932,3483,69899,0,0.0,97.5,22.09,1,510,High Risk,51-65,2022-04
USR1117,2024-03-01,51,Male,Bachelor's,Business Owner,Tier 1,77283,15234,11631,943,7469,4873,2400,1565,1258,14058,10748,5932,3710,69073,0,0.0,89.38,13.91,1,519,High Risk,51-65,2024-03
USR1118,2024-12-01,50,Female,Bachelor's,Freelancer,Tier 3,55687,18768,8295,612,1491,3079,4751,3830,1999,9339,8727,11952,4974,69090,0,0.0,124.07,15.67,1,450,High Risk,41-50,2024-12
USR1119,2024-03-01,50,Female,Bachelor's,Self-Employed,Tier 1,61175,20859,5846,1553,5473,1922,235,427,445,3802,1068,3515,985,45062,15045,24.59,73.66,1.75,1,580,Low Risk,41-50,2024-03
USR1120,2022-06-01,51,Male,Bachelor's,Freelancer,Tier 2,42524,14533,2224,3071,2732,8058,1017,3770,1893,9011,1416,7255,2033,55597,0,0.0,130.74,3.33,1,480,High Risk,51-65,2022-06
USR1121,2023-06-01,37,Female,High School,Salaried,Tier 2,44377,14090,4520,1188,3962,7245,2146,644,1930,5107,6431,5234,1191,47257,0,0.0,106.49,14.49,1,445,High Risk,31-40,2023-06
USR1122,2024-02-01,61,Female,Bachelor's,Salaried,Tier 1,60691,13519,10064,1490,1946,3109,4156,1819,199,6868,6004,0,4406,47576,7111,11.72,78.39,9.89,0,561,Medium Risk,51-65,2024-02
USR1123,2023-12-01,40,Male,Master's,Freelancer,Tier 1,67123,11044,5714,2373,1965,3581,4551,4893,947,11245,13404,3662,1983,51958,1761,2.62,77.41,19.97,1,514,High Risk,31-40,2023-12
USR1124,2022-07-01,39,Male,Master's,Self-Employed,Tier 2,72171,19036,4407,545,4267,7234,2425,2404,512,11870,9800,0,1384,54084,8287,11.48,74.94,13.58,0,579,Medium Risk,31-40,2022-07
USR1125,2023-02-01,22,Female,High School,Self-Employed,Tier 1,39101,10234,8683,1694,6274,8750,3525,2903,5358,10414,8624,2111,2661,62607,0,0.0,160.12,22.06,1,444,High Risk,22-30,2023-02
USR1126,2023-01-01,35,Female,PhD,Salaried,Tier 3,67657,21649,2810,3701,4127,9150,707,3250,989,10448,16446,0,1868,58699,0,0.0,86.76,24.31,0,527,High Risk,31-40,2023-01
USR1127,2024-02-01,23,Other,Bachelor's,Business Owner,Tier 3,90197,31496,8752,1256,3583,603,3945,3702,4507,12370,3329,17139,2513,89866,0,0.0,99.63,3.69,1,520,High Risk,22-30,2024-02
USR1128,2022-02-01,49,Female,Master's,Self-Employed,Tier 2,53914,13566,5117,1876,2043,5426,4316,3826,1401,12470,5321,5838,771,56650,0,0.0,105.07,9.87,1,453,High Risk,41-50,2022-02
USR1129,2023-11-01,51,Female,Master's,Salaried,Tier 2,74074,16225,6773,1726,579,9480,4077,1381,1812,6373,12314,15678,4500,68604,0,0.0,92.62,16.62,1,501,High Risk,51-65,2023-11
USR1130,2024-04-01,59,Female,Master's,Salaried,Tier 2,65071,12180,5290,1749,7452,1241,5014,3456,545,7998,4969,17637,3938,66500,0,0.0,102.2,7.64,1,474,High Risk,51-65,2024-04
USR1131,2022-01-01,25,Male,PhD,Freelancer,Tier 3,74936,11312,4251,3651,6945,6944,659,997,7305,7672,5002,8942,783,59461,10473,13.98,79.35,6.68,1,522,Medium Risk,22-30,2022-01
USR1132,2024-08-01,22,Male,Bachelor's,Freelancer,Tier 2,41836,10535,6661,3881,3787,5223,5497,1034,6598,11207,8510,0,2420,56843,0,0.0,135.87,20.34,0,463,High Risk,22-30,2024-08
USR1133,2022-12-01,29,Female,Master's,Self-Employed,Tier 1,72146,18837,6606,3606,1771,8159,1605,3199,4710,6135,17682,0,507,55135,0,0.0,76.42,24.51,0,539,High Risk,22-30,2022-12
USR1134,2024-11-01,50,Female,High School,Business Owner,Tier 1,73478,23144,11115,1063,2064,5703,4295,2232,167,4347,14214,0,4745,58875,389,0.53,80.13,19.34,0,543,High Risk,41-50,2024-11
USR1135,2024-02-01,60,Male,Master's,Salaried,Tier 2,72017,18070,8421,2708,5891,3476,5356,4652,889,9629,9428,10355,261,69708,0,0.0,96.79,13.09,1,468,High Risk,51-65,2024-02
USR1136,2024-07-01,24,Male,Master's,Salaried,Tier 2,54237,18076,5052,3387,6776,7926,2236,2964,3080,1264,6000,0,4770,55531,0,0.0,102.39,11.06,0,484,High Risk,22-30,2024-07
USR1137,2022-12-01,53,Female,Master's,Business Owner,Tier 2,69376,19121,10207,3085,5624,7003,2877,2609,1705,6806,9359,16159,3988,79184,0,0.0,114.14,13.49,1,496,High Risk,51-65,2022-12
USR1138,2024-05-01,31,Female,Bachelor's,Business Owner,Tier 1,78235,24883,6451,2772,7399,9119,1944,3884,1617,1152,9052,0,2333,61554,7629,9.75,78.68,11.57,0,578,High Risk,31-40,2024-05
USR1139,2022-05-01,31,Male,Master's,Freelancer,Tier 2,56975,10236,6925,1840,6161,6986,3183,3475,1427,12772,7163,16846,2159,72010,0,0.0,126.39,12.57,1,481,High Risk,31-40,2022-05
USR1140,2024-11-01,40,Male,High School,Business Owner,Tier 1,62998,20226,4646,1937,7272,6990,2558,207,827,7544,3204,13931,2232,68370,0,0.0,108.53,5.09,1,506,High Risk,31-40,2024-11
USR1141,2022-07-01,55,Male,High School,Salaried,Tier 1,46290,13193,11293,594,2213,2444,1431,2719,136,12294,10458,6628,3962,56907,0,0.0,122.94,22.59,1,465,High Risk,51-65,2022-07
USR1142,2023-04-01,54,Male,Master's,Business Owner,Tier 2,91491,16838,11282,3796,1509,6739,1377,2419,1256,10821,17258,0,2986,59023,15210,16.62,64.51,18.86,0,600,Medium Risk,51-65,2023-04
USR1143,2024-08-01,44,Male,Bachelor's,Salaried,Tier 1,67502,12687,4906,2302,1272,7922,961,4074,114,13268,11491,0,1742,49248,6763,10.02,72.96,17.02,0,563,Medium Risk,41-50,2024-08
USR1144,2023-05-01,49,Male,Master's,Salaried,Tier 2,68898,23101,3746,1448,6784,6473,4978,3928,1275,4464,16361,0,1875,58072,0,0.0,84.29,23.75,0,559,High Risk,41-50,2023-05
USR1145,2023-09-01,53,Female,Bachelor's,Salaried,Tier 2,69241,10832,6309,1052,982,9963,2554,3529,1516,5111,4922,0,4821,46669,17650,25.49,67.4,7.11,0,667,Low Risk,51-65,2023-09
USR1146,2024-03-01,28,Male,High School,Salaried,Tier 2,45606,11059,11912,3192,7972,6021,5823,3571,5693,6259,925,11033,233,72768,0,0.0,159.56,2.03,1,445,High Risk,22-30,2024-03
USR1147,2023-03-01,50,Female,Master's,Salaried,Tier 2,67152,14282,2448,565,2892,911,4914,813,1072,8878,13869,0,4161,40936,12347,18.39,60.96,20.65,0,602,Medium Risk,41-50,2023-03
USR1148,2023-11-01,29,Female,Bachelor's,Salaried,Tier 1,76183,21560,5012,3968,6181,6590,3926,888,1530,645,19015,0,2999,53299,3869,5.08,69.96,24.96,0,570,High Risk,22-30,2023-11
USR1149,2022-08-01,22,Male,High School,Salaried,Tier 1,55546,17659,3568,3781,7937,746,1743,1097,6665,5601,8032,11039,2055,61891,0,0.0,111.42,14.46,1,470,High Risk,22-30,2022-08
USR1150,2024-01-01,24,Female,Master's,Salaried,Tier 3,71010,15769,5491,1997,3679,7342,3877,309,7913,4747,1044,3916,3880,58920,11046,15.56,82.97,1.47,1,569,Medium Risk,22-30,2024-01
USR1151,2022-11-01,45,Male,Bachelor's,Self-Employed,Tier 2,74447,17523,9310,1164,2081,7064,2133,3212,687,10078,14525,0,2885,56137,3785,5.08,75.41,19.51,0,572,High Risk,41-50,2022-11
USR1152,2023-09-01,44,Female,Bachelor's,Salaried,Tier 2,51805,17944,8883,3231,3021,2671,3368,3118,1019,4688,955,0,1257,49200,1650,3.19,94.97,1.84,0,520,High Risk,41-50,2023-09
USR1153,2022-10-01,29,Male,Bachelor's,Salaried,Tier 1,69371,21281,7984,3457,1605,7778,3761,1360,715,14637,9365,0,4701,67279,0,0.0,96.98,13.5,0,514,High Risk,22-30,2022-10
USR1154,2022-09-01,58,Female,Master's,Freelancer,Tier 2,68311,22504,11239,3384,4209,7957,4302,4181,1454,11279,4739,17685,3161,91355,0,0.0,133.73,6.94,1,441,High Risk,51-65,2022-09
USR1155,2022-01-01,24,Female,Master's,Business Owner,Tier 2,84401,20066,9088,3118,5703,6218,4057,3810,3404,3196,19307,24817,4588,88065,0,0.0,104.34,22.88,1,516,High Risk,22-30,2022-01
USR1156,2023-10-01,54,Male,Master's,Freelancer,Tier 2,61877,12178,6768,3243,3861,2560,4217,4944,1093,12704,6981,12486,2827,66881,0,0.0,108.09,11.28,1,482,High Risk,51-65,2023-10
USR1157,2022-06-01,49,Male,High School,Salaried,Tier 2,47143,10954,3064,679,7738,3834,4644,2203,292,13389,10589,0,4020,50817,0,0.0,107.79,22.46,0,478,High Risk,41-50,2022-06
USR1158,2024-06-01,29,Female,Master's,Freelancer,Tier 1,49506,14516,5821,3381,4770,7690,3164,1727,7223,8740,3701,7174,3357,67563,0,0.0,136.47,7.48,1,428,High Risk,22-30,2024-06
USR1159,2024-10-01,55,Female,Master's,Salaried,Tier 1,73079,12561,10759,1982,6447,1444,1230,2113,1257,14690,7077,3827,3843,60153,5849,8.0,82.31,9.68,1,539,High Risk,51-65,2024-10
USR1160,2023-01-01,56,Male,Master's,Salaried,Tier 3,76388,15590,3436,3639,1341,5861,2747,4541,230,3829,18087,15329,3962,60505,0,0.0,79.21,23.68,1,474,High Risk,51-65,2023-01
USR1161,2023-10-01,53,Female,Bachelor's,Salaried,Tier 3,71967,11466,8097,3900,4034,9954,2722,3381,1286,12281,3621,18379,2331,77831,0,0.0,108.15,5.03,1,493,High Risk,51-65,2023-10
USR1162,2022-06-01,45,Male,Master's,Business Owner,Tier 1,99557,23542,4483,701,2372,5784,4819,3546,937,11280,14398,0,806,58270,26889,27.01,58.53,14.46,0,668,Low Risk,41-50,2022-06
USR1163,2023-12-01,35,Female,Master's,Salaried,Tier 2,69460,21913,9719,1998,7509,7381,2075,3063,1821,3981,6746,0,2555,62015,699,1.01,89.28,9.71,0,538,High Risk,31-40,2023-12
USR1164,2023-09-01,53,Male,High School,Salaried,Tier 1,64548,10000,6800,2041,7758,8867,789,4810,1609,14991,12492,16135,2499,76299,0,0.0,118.21,19.35,1,467,High Risk,51-65,2023-09
USR1165,2023-11-01,64,Female,Bachelor's,Salaried,Tier 1,60261,17178,8382,3586,7112,9744,2480,705,1144,9466,1947,0,4116,63913,0,0.0,106.06,3.23,0,482,High Risk,51-65,2023-11
USR1166,2022-05-01,37,Male,Master's,Business Owner,Tier 1,94216,31703,6829,3613,6482,8440,3301,4450,1486,5141,10298,0,4475,75920,7998,8.49,80.58,10.93,0,591,High Risk,31-40,2022-05
USR1167,2022-07-01,25,Male,High School,Self-Employed,Tier 1,49659,9801,8153,3090,4005,833,2614,2206,1672,6059,8677,13299,1533,53265,0,0.0,107.26,17.47,1,490,High Risk,22-30,2022-07
USR1168,2022-03-01,58,Male,PhD,Salaried,Tier 2,80565,23261,4794,3529,3820,9956,4097,4406,1047,1760,8197,17202,4208,78080,0,0.0,96.92,10.17,1,490,High Risk,51-65,2022-03
USR1169,2023-01-01,42,Male,Master's,Self-Employed,Tier 2,66388,22905,9612,3321,7287,3445,3878,3055,705,1149,971,8127,2673,66157,0,0.0,99.65,1.46,1,496,High Risk,41-50,2023-01
USR1170,2022-12-01,35,Female,Bachelor's,Self-Employed,Tier 1,43162,14781,3097,1812,3228,5280,2043,4164,1703,12131,7608,0,3757,51996,0,0.0,120.47,17.63,0,514,High Risk,31-40,2022-12
USR1171,2022-06-01,52,Male,Bachelor's,Freelancer,Tier 1,39007,7683,3638,2448,1454,5156,4351,1874,376,3548,4907,0,3933,34461,0,0.0,88.35,12.58,0,501,High Risk,51-65,2022-06
USR1172,2024-10-01,39,Female,Bachelor's,Salaried,Tier 3,63820,10853,11850,1193,2095,3165,2138,1390,1523,2523,180,0,2286,39016,24624,38.58,61.13,0.28,0,641,Low Risk,31-40,2024-10
USR1173,2023-03-01,28,Male,PhD,Business Owner,Tier 1,80501,14462,11317,2219,7492,7631,2394,2592,625,9772,12329,20994,3550,83048,0,0.0,103.16,15.32,1,519,High Risk,22-30,2023-03
USR1174,2023-06-01,31,Male,Bachelor's,Salaried,Tier 2,69649,20226,10455,1767,2788,5435,4659,2121,436,4770,16017,0,575,53232,400,0.57,76.43,23.0,0,518,High Risk,31-40,2023-06
USR1175,2022-03-01,28,Male,Master's,Freelancer,Tier 1,61972,18291,2160,2291,7345,915,452,4589,3830,5833,1720,9544,2152,57402,2850,4.6,92.63,2.78,1,473,High Risk,22-30,2022-03
USR1176,2023-10-01,54,Male,Bachelor's,Salaried,Tier 2,65617,18690,11448,3159,4935,1207,5572,2892,1745,2574,9689,0,3910,56132,0,0.0,85.54,14.77,0,539,High Risk,51-65,2023-10
USR1177,2024-11-01,44,Male,High School,Salaried,Tier 1,46030,9998,7906,2221,7436,8288,1666,4633,1668,6537,8385,0,2288,52641,0,0.0,114.36,18.22,0,480,High Risk,41-50,2024-11
USR1178,2024-04-01,42,Male,High School,Salaried,Tier 1,66041,12148,10502,2121,1243,3184,935,2027,1880,13930,1168,11491,1893,61354,3519,5.33,92.9,1.77,1,499,High Risk,41-50,2024-04
USR1179,2022-12-01,40,Female,Bachelor's,Self-Employed,Tier 1,72297,19242,10418,1697,1994,7994,539,2699,1827,12934,408,7461,3755,70560,1329,1.84,97.6,0.56,1,486,High Risk,31-40,2022-12
USR1180,2022-01-01,40,Male,PhD,Salaried,Tier 1,78176,19288,10464,2057,7106,3866,3787,916,969,13655,9072,17058,4480,83646,0,0.0,107.0,11.6,1,485,High Risk,31-40,2022-01
USR1181,2024-12-01,57,Female,Bachelor's,Freelancer,Tier 2,52084,15404,9081,2032,7444,4003,1576,830,498,2812,10302,4137,271,48088,0,0.0,92.33,19.78,1,503,High Risk,51-65,2024-12
USR1182,2024-06-01,50,Female,Bachelor's,Salaried,Tier 2,64613,15395,6412,2791,3846,4942,4919,284,1197,3974,2596,4227,1974,49961,12056,18.66,77.32,4.02,1,585,Medium Risk,41-50,2024-06
USR1183,2023-11-01,39,Male,Bachelor's,Freelancer,Tier 1,52242,11374,5157,2607,6444,6680,904,3968,1686,10997,10926,0,773,50590,0,0.0,96.84,20.91,0,539,High Risk,31-40,2023-11
USR1184,2024-04-01,23,Male,Bachelor's,Business Owner,Tier 1,79043,16495,4338,603,4610,3059,3924,936,2856,14671,12974,0,4864,56356,9713,12.29,71.3,16.41,0,602,Medium Risk,22-30,2024-04
USR1185,2022-05-01,22,Other,Bachelor's,Self-Employed,Tier 2,55723,10715,7588,3198,7708,8637,4618,2907,2919,3760,4627,7240,4266,63556,0,0.0,114.06,8.3,1,478,High Risk,22-30,2022-05
USR1186,2024-12-01,26,Female,Master's,Freelancer,Tier 2,62245,12645,3601,3874,2488,4471,5459,426,7378,11566,8026,0,3907,55815,0,0.0,89.67,12.89,0,488,High Risk,22-30,2024-12
USR1187,2022-10-01,41,Female,Bachelor's,Freelancer,Tier 3,66764,11280,7888,2194,707,3457,3108,3557,777,5338,16116,0,352,38658,11990,17.96,57.9,24.14,0,587,Medium Risk,41-50,2022-10
USR1188,2022-05-01,32,Male,Bachelor's,Salaried,Tier 2,51799,11363,5718,1510,1583,7416,2174,1507,1333,6118,2802,0,928,39650,9347,18.04,76.55,5.41,0,610,Medium Risk,31-40,2022-05
USR1189,2023-02-01,63,Female,High School,Business Owner,Tier 2,71169,11195,7546,2267,2912,2229,1668,4404,69,13497,8887,10736,2479,59002,3280,4.61,82.9,12.49,1,504,High Risk,51-65,2023-02
USR1190,2023-12-01,23,Female,PhD,Salaried,Tier 2,67556,12652,3925,2624,3811,9733,2342,4430,6777,12002,10546,0,1752,60048,0,0.0,88.89,15.61,0,553,High Risk,22-30,2023-12
USR1191,2024-04-01,24,Female,Bachelor's,Self-Employed,Tier 3,68736,20576,10758,1541,7251,526,752,4586,631,1850,2371,0,3863,52334,14031,20.41,76.14,3.45,0,592,Low Risk,22-30,2024-04
USR1192,2023-09-01,44,Other,High School,Freelancer,Tier 3,35298,7592,4915,2057,4510,3083,3691,4158,1055,9785,384,7804,3767,52417,0,0.0,148.5,1.09,1,377,High Risk,41-50,2023-09
USR1193,2022-12-01,33,Male,Master's,Salaried,Tier 1,58454,16580,8898,1707,6803,9744,5833,1852,1066,6548,196,0,4471,63502,0,0.0,108.64,0.34,0,516,High Risk,31-40,2022-12
USR1194,2023-08-01,41,Male,Bachelor's,Salaried,Tier 1,68105,19980,10443,2180,896,3555,989,2067,117,8431,5528,9430,4544,62632,0,0.0,91.96,8.12,1,517,High Risk,41-50,2023-08
USR1195,2024-08-01,26,Female,Bachelor's,Self-Employed,Tier 1,69954,18624,7652,3852,2457,7301,1373,226,4669,8641,1293,9114,3306,67215,1446,2.07,96.08,1.85,1,497,High Risk,22-30,2024-08
USR1196,2023-09-01,58,Female,Bachelor's,Business Owner,Tier 2,85308,29153,5501,3859,5389,2158,752,4849,14,12468,17142,0,1199,65342,2824,3.31,76.6,20.09,0,581,High Risk,51-65,2023-09
USR1197,2023-05-01,59,Male,Master's,Student,Tier 2,31638,4881,9274,2178,7143,4451,3622,1132,1345,11788,7888,4967,1334,52115,0,0.0,164.72,24.93,1,385,High Risk,51-65,2023-05
USR1198,2022-01-01,51,Male,High School,Self-Employed,Tier 2,51273,15265,3602,3245,708,7799,4411,3658,910,14393,785,0,4942,58933,0,0.0,114.94,1.53,0,466,High Risk,51-65,2022-01
USR1199,2024-04-01,30,Male,Master's,Freelancer,Tier 1,66318,22664,9359,3493,5752,7956,831,666,626,7823,7174,13304,3345,75819,0,0.0,114.33,10.82,1,483,High Risk,22-30,2024-04
USR1200,2022-02-01,55,Male,Bachelor's,Business Owner,Tier 2,73006,23541,2513,2814,932,4637,469,2900,1360,6277,469,6224,2915,54582,17955,24.59,74.76,0.64,1,588,Low Risk,51-65,2022-02
USR1201,2023-05-01,56,Female,Bachelor's,Salaried,Tier 3,62105,11401,10633,1280,3156,8431,1060,1698,1555,2354,2080,17692,553,59813,212,0.34,96.31,3.35,1,512,High Risk,51-65,2023-05
USR1202,2023-02-01,43,Female,Bachelor's,Salaried,Tier 1,59378,12787,10192,3156,6350,2214,490,817,689,2766,4793,8103,1502,49066,5519,9.29,82.63,8.07,1,528,High Risk,41-50,2023-02
USR1203,2023-02-01,45,Male,Bachelor's,Freelancer,Tier 2,38657,7131,8501,1445,2936,3831,1657,3977,773,1060,3804,0,4282,35593,0,0.0,92.07,9.84,0,468,High Risk,41-50,2023-02
USR1204,2023-06-01,38,Male,Master's,Business Owner,Tier 2,84372,22802,2902,3928,7640,3847,829,4753,1614,8046,19822,10555,3931,70847,0,0.0,83.97,23.49,1,516,High Risk,31-40,2023-06
USR1205,2024-10-01,31,Male,Bachelor's,Business Owner,Tier 3,88861,25986,7719,3572,5178,2486,674,2887,1404,5487,8793,0,4821,60214,19854,22.34,67.76,9.9,0,634,Low Risk,31-40,2024-10
USR1206,2022-01-01,51,Male,Bachelor's,Salaried,Tier 3,67532,14412,11412,2330,5027,4044,4832,1704,1534,7707,8378,4942,709,58653,501,0.74,86.85,12.41,1,458,High Risk,51-65,2022-01
USR1207,2023-06-01,44,Female,Bachelor's,Salaried,Tier 2,68154,17577,10148,3598,5893,7479,4280,4167,912,13384,4184,0,1737,69175,0,0.0,101.5,6.14,0,516,High Risk,41-50,2023-06
USR1208,2024-10-01,53,Other,PhD,Salaried,Tier 2,78171,22527,4321,1047,4946,1201,4980,379,119,6986,2,10685,377,57568,20601,26.35,73.64,0.0,1,583,Low Risk,51-65,2024-10
USR1209,2023-11-01,38,Female,Bachelor's,Salaried,Tier 3,67186,15739,2855,2707,633,8237,1960,2785,25,13237,15105,0,2576,50754,1327,1.98,75.54,22.48,0,522,High Risk,31-40,2023-11
USR1210,2023-04-01,38,Male,PhD,Salaried,Tier 2,70595,22647,3017,3484,7733,4286,3282,2269,1557,2883,1442,3648,1000,55806,13347,18.91,79.05,2.04,1,567,Medium Risk,31-40,2023-04
USR1211,2023-07-01,35,Female,Bachelor's,Freelancer,Tier 1,45523,13853,7279,2946,1138,7762,4908,1121,1736,6647,10973,13452,3443,64285,0,0.0,141.21,24.1,1,421,High Risk,31-40,2023-07
USR1212,2022-06-01,30,Female,High School,Salaried,Tier 3,56536,9211,9712,3090,1728,2971,4174,3292,63,10517,1849,0,3866,48624,6063,10.72,86.01,3.27,0,554,Medium Risk,22-30,2022-06
USR1213,2023-12-01,61,Female,Bachelor's,Business Owner,Tier 1,82220,22546,6680,2674,3869,5514,3598,1710,459,8164,12433,17663,1137,74014,0,0.0,90.02,15.12,1,518,High Risk,51-65,2023-12
USR1214,2023-05-01,23,Male,Bachelor's,Salaried,Tier 2,65561,12919,9072,2297,4712,7159,2523,3799,1582,14037,16380,15009,3227,76336,0,0.0,116.44,24.98,1,499,High Risk,22-30,2023-05
USR1215,2023-04-01,46,Male,Bachelor's,Self-Employed,Tier 3,54893,14354,8624,2380,4519,4760,3761,3476,313,13961,1900,0,2220,58368,0,0.0,106.33,3.46,0,479,High Risk,41-50,2023-04
USR1216,2022-06-01,60,Male,High School,Salaried,Tier 2,51980,17744,2195,3556,1790,6045,2592,2919,804,2183,5509,0,2982,42810,3661,7.04,82.36,10.6,0,501,High Risk,51-65,2022-06
USR1217,2023-04-01,30,Male,PhD,Salaried,Tier 2,102262,33318,6694,1447,6413,3544,4044,4932,1613,14938,19951,9013,3740,89696,0,0.0,87.71,19.51,1,533,High Risk,22-30,2023-04
USR1218,2022-09-01,43,Male,Master's,Salaried,Tier 1,77254,17838,11524,2757,2696,4383,2615,1223,1239,9890,621,0,2174,56339,20294,26.27,72.93,0.8,0,613,Low Risk,41-50,2022-09
USR1219,2024-05-01,64,Male,Master's,Student,Tier 2,33305,6937,6651,2697,7861,3440,4004,351,1479,1509,5743,3065,1718,39712,0,0.0,119.24,17.24,1,501,High Risk,51-65,2024-05
USR1220,2022-04-01,25,Female,High School,Business Owner,Tier 1,70134,13808,8991,530,2203,5661,5630,212,2294,10463,1409,0,2869,52661,16064,22.9,75.09,2.01,0,610,Low Risk,22-30,2022-04
USR1221,2024-02-01,47,Female,High School,Self-Employed,Tier 1,44390,11386,11709,1111,6443,2320,5026,914,735,10399,2624,0,1458,51501,0,0.0,116.02,5.91,0,487,High Risk,41-50,2024-02
USR1222,2024-02-01,50,Male,High School,Salaried,Tier 2,53953,9325,4697,2364,2726,7384,1824,3350,888,13227,2159,9951,3310,59046,0,0.0,109.44,4.0,1,465,High Risk,41-50,2024-02
USR1223,2023-02-01,55,Male,Master's,Student,Tier 1,32342,8404,3057,801,2695,3302,1708,3825,1563,14096,7336,1999,1442,42892,0,0.0,132.62,22.68,1,411,High Risk,51-65,2023-02
USR1224,2024-11-01,44,Female,PhD,Salaried,Tier 2,61956,9309,7207,3510,5060,2963,4310,448,981,2772,2795,0,2953,39513,19648,31.71,63.78,4.51,0,636,Low Risk,41-50,2024-11
USR1225,2023-12-01,58,Female,Bachelor's,Salaried,Tier 2,50444,10833,4792,3412,1475,3871,5053,1344,1840,3112,509,4673,2875,43280,6655,13.19,85.8,1.01,1,515,Medium Risk,51-65,2023-12
USR1226,2022-08-01,32,Female,High School,Self-Employed,Tier 3,42904,8322,2420,3312,7212,7722,203,4682,1736,7924,6302,0,3872,47405,0,0.0,110.49,14.69,0,486,High Risk,31-40,2022-08
USR1227,2024-01-01,27,Other,Bachelor's,Student,Tier 2,24657,8488,4814,1182,6621,9027,3647,4734,2797,14818,2133,1676,619,58423,0,0.0,236.94,8.65,1,378,High Risk,22-30,2024-01
USR1228,2022-04-01,39,Female,Bachelor's,Salaried,Tier 1,61085,18047,4840,756,1528,5476,5688,3543,1496,7726,6195,5143,852,55095,0,0.0,90.19,10.14,1,490,High Risk,31-40,2022-04
USR1229,2023-03-01,42,Other,Bachelor's,Salaried,Tier 1,74824,16456,3031,1439,1025,5567,5784,920,1382,6563,2227,0,3071,45238,27359,36.56,60.46,2.98,0,619,Low Risk,41-50,2023-03
USR1230,2023-04-01,63,Male,Bachelor's,Student,Tier 2,11140,1877,9639,3628,2827,8001,2780,4768,1149,4841,2083,0,3445,42955,0,0.0,385.59,18.7,0,335,High Risk,51-65,2023-04
USR1231,2022-11-01,57,Male,Master's,Salaried,Tier 2,63989,16212,3491,2556,3046,3288,3991,3429,971,2042,9623,0,1067,40093,14273,22.31,62.66,15.04,0,582,Low Risk,51-65,2022-11
USR1232,2024-04-01,62,Male,High School,Salaried,Tier 2,67160,12941,6975,3576,1335,4625,5281,1206,860,1737,6115,0,4408,42944,18101,26.95,63.94,9.11,0,613,Low Risk,51-65,2024-04
USR1233,2022-07-01,59,Male,High School,Self-Employed,Tier 2,49048,12619,6947,3394,2983,4106,1360,4928,706,11667,2103,0,3187,51897,0,0.0,105.81,4.29,0,521,High Risk,51-65,2022-07
USR1234,2023-12-01,55,Male,PhD,Business Owner,Tier 1,101078,32049,2509,3685,3363,2040,1033,3498,1960,6209,14996,17870,373,74589,11493,11.37,73.79,14.84,1,603,Medium Risk,51-65,2023-12
USR1235,2024-07-01,38,Female,Bachelor's,Self-Employed,Tier 2,72409,19779,3859,1276,5835,9266,2198,2668,1709,10416,14094,0,4932,61938,0,0.0,85.54,19.46,0,495,High Risk,31-40,2024-07
USR1236,2022-04-01,58,Female,High School,Student,Tier 2,10000,2767,7061,3232,3234,720,5535,4319,1110,13740,780,1118,1759,44595,0,0.0,445.95,7.8,1,300,High Risk,51-65,2022-04
USR1237,2024-11-01,46,Female,High School,Freelancer,Tier 1,39205,10122,3858,1231,7471,5422,5687,4013,1366,2763,253,2929,4327,49189,0,0.0,125.47,0.65,1,451,High Risk,41-50,2024-11
USR1238,2022-06-01,59,Male,High School,Salaried,Tier 1,52820,17718,11105,1728,7612,6113,1402,737,1846,782,2830,9879,4792,63714,0,0.0,120.62,5.36,1,432,High Risk,51-65,2022-06
USR1239,2024-09-01,33,Female,Bachelor's,Student,Tier 1,10000,3363,7607,2571,2038,1253,2375,3024,394,8498,1705,1287,2442,34852,0,0.0,348.52,17.05,1,321,High Risk,31-40,2024-09
USR1240,2024-08-01,44,Female,Master's,Salaried,Tier 1,67516,17050,4065,3040,2410,7988,1581,2885,483,8240,16694,0,4823,52565,0,0.0,77.86,24.73,0,530,High Risk,41-50,2024-08
USR1241,2024-11-01,63,Male,Bachelor's,Salaried,Tier 2,70048,14790,4966,2542,7804,7706,4373,2180,665,11312,234,7111,2688,66137,3677,5.25,94.42,0.33,1,512,High Risk,51-65,2024-11
USR1242,2023-05-01,43,Female,Bachelor's,Self-Employed,Tier 1,60324,14593,8773,1469,4549,9712,2988,739,455,3786,4617,0,1712,48776,6931,11.49,80.86,7.65,0,536,Medium Risk,41-50,2023-05
USR1243,2024-08-01,42,Male,Master's,Salaried,Tier 1,74952,14039,9892,3977,7255,8438,3021,4084,1499,14728,1162,22479,2971,92383,0,0.0,123.26,1.55,1,491,High Risk,41-50,2024-08
USR1244,2023-02-01,48,Male,Bachelor's,Salaried,Tier 1,59995,16634,11788,602,3142,2461,4377,4253,209,8863,4744,0,1843,54172,1079,1.8,90.29,7.91,0,537,High Risk,41-50,2023-02
USR1245,2023-07-01,52,Female,Master's,Salaried,Tier 3,64751,16188,6442,1583,1803,6458,541,3399,524,14032,6570,16872,223,68065,0,0.0,105.12,10.15,1,484,High Risk,51-65,2023-07
USR1246,2023-12-01,27,Male,Master's,Salaried,Tier 3,80154,13679,11247,1609,631,3983,1561,4716,3005,12148,18452,21501,2537,76617,0,0.0,95.59,23.02,1,492,High Risk,22-30,2023-12
USR1247,2022-11-01,48,Male,High School,Business Owner,Tier 1,68021,12891,11215,1266,892,7135,4391,683,1001,13906,1369,20339,3143,76862,0,0.0,113.0,2.01,1,472,High Risk,41-50,2022-11
USR1248,2022-07-01,61,Female,Master's,Self-Employed,Tier 1,65352,16071,5204,3570,5076,9129,4816,1228,1790,2382,12696,0,4599,53865,0,0.0,82.42,19.43,0,528,High Risk,51-65,2022-07
USR1249,2023-12-01,55,Female,Bachelor's,Student,Tier 1,24306,7960,2575,871,4084,9170,1195,251,895,6687,2403,0,4926,38614,0,0.0,158.87,9.89,0,445,High Risk,51-65,2023-12
USR1250,2023-12-01,33,Male,PhD,Salaried,Tier 2,88693,23350,2198,1178,3175,1282,556,442,1003,2775,17988,9508,1916,47383,23322,26.3,53.42,20.28,1,628,Low Risk,31-40,2023-12
USR1251,2023-02-01,28,Male,Bachelor's,Salaried,Tier 1,70771,20262,9423,3143,6630,5603,385,1886,2790,11313,9083,0,4333,65768,0,0.0,92.93,12.83,0,514,High Risk,22-30,2023-02
USR1252,2023-12-01,31,Male,PhD,Salaried,Tier 2,66637,14513,3365,2493,2966,4667,1893,3021,306,7374,654,0,944,41542,24441,36.68,62.34,0.98,0,621,Low Risk,31-40,2023-12
USR1253,2022-11-01,38,Female,Master's,Salaried,Tier 2,60499,15988,9834,701,1725,719,2790,2040,1099,8002,14311,14234,4377,61509,0,0.0,101.67,23.65,1,486,High Risk,31-40,2022-11
USR1254,2022-08-01,47,Male,Bachelor's,Salaried,Tier 3,67631,16195,3998,2125,7295,9719,1542,624,1045,9292,1398,6884,249,58968,7265,10.74,87.19,2.07,1,516,Medium Risk,41-50,2022-08
USR1255,2023-03-01,42,Male,Bachelor's,Freelancer,Tier 1,47485,13382,7350,588,3205,8529,1891,2327,59,4290,7095,0,3249,44870,0,0.0,94.49,14.94,0,515,High Risk,41-50,2023-03
USR1256,2022-02-01,49,Female,PhD,Business Owner,Tier 3,90358,14467,8444,2984,961,7646,1282,894,385,2523,19826,14027,2942,56555,13977,15.47,62.59,21.94,1,575,Medium Risk,41-50,2022-02
USR1257,2023-12-01,23,Female,Master's,Student,Tier 3,38125,9480,3016,2667,2301,789,2257,553,1723,966,760,3968,4089,31809,5556,14.57,83.43,1.99,1,523,Medium Risk,22-30,2023-12
USR1258,2022-10-01,64,Male,High School,Salaried,Tier 1,56499,11819,5618,2703,3773,879,3104,3890,167,4450,7823,0,1822,38225,10451,18.5,67.66,13.85,0,557,Medium Risk,51-65,2022-10
USR1259,2024-08-01,22,Female,Master's,Business Owner,Tier 2,87419,18815,2025,2496,4485,7386,3395,1889,4432,4389,18014,23239,3597,76148,0,0.0,87.11,20.61,1,516,High Risk,22-30,2024-08
USR1260,2023-05-01,57,Female,Bachelor's,Salaried,Tier 1,69238,23692,11750,898,651,2458,4651,492,716,14526,17072,20201,1987,82022,0,0.0,118.46,24.66,1,466,High Risk,51-65,2023-05
USR1261,2022-10-01,47,Male,High School,Salaried,Tier 1,51999,9699,5724,2223,2769,8757,3617,916,864,13084,9416,12326,3555,63534,0,0.0,122.18,18.11,1,436,High Risk,41-50,2022-10
USR1262,2023-10-01,50,Male,Bachelor's,Business Owner,Tier 1,92548,19643,5458,687,4674,2683,2580,4824,1794,3092,6439,0,1213,46648,39461,42.64,50.4,6.96,0,678,Low Risk,41-50,2023-10
USR1263,2022-06-01,42,Female,Bachelor's,Self-Employed,Tier 2,49695,12522,8593,1575,5819,4274,216,4775,1214,7132,8691,4158,353,50631,0,0.0,101.88,17.49,1,457,High Risk,41-50,2022-06
USR1264,2024-03-01,32,Male,Master's,Salaried,Tier 2,75255,24277,10662,1151,2285,4419,523,4772,481,9711,13278,5197,3101,66579,0,0.0,88.47,17.64,1,525,High Risk,31-40,2024-03
USR1265,2023-08-01,61,Female,Bachelor's,Salaried,Tier 3,74470,17376,9280,2054,6742,6702,2270,4320,1942,6858,13031,0,2514,60058,1381,1.85,80.65,17.5,0,528,High Risk,51-65,2023-08
USR1266,2022-01-01,32,Male,Master's,Salaried,Tier 1,58981,17621,10069,2003,6620,1277,1130,2678,1590,2047,12596,8596,3656,57287,0,0.0,97.13,21.36,1,454,High Risk,31-40,2022-01
USR1267,2023-05-01,57,Male,High School,Freelancer,Tier 3,37253,11968,6746,1086,7555,3066,4754,2564,1439,7669,813,0,2502,49349,0,0.0,132.47,2.18,0,473,High Risk,51-65,2023-05
USR1268,2022-01-01,60,Male,Bachelor's,Self-Employed,Tier 1,65137,13809,9589,729,6856,7904,5779,837,339,14686,1765,0,4466,64994,0,0.0,99.78,2.71,0,515,High Risk,51-65,2022-01
USR1269,2023-03-01,61,Male,Bachelor's,Student,Tier 3,32257,7372,11077,1653,7810,578,4852,2605,795,13448,5166,0,4213,54403,0,0.0,168.65,16.02,0,438,High Risk,51-65,2023-03
USR1270,2022-01-01,56,Male,Bachelor's,Salaried,Tier 1,61628,13638,8978,554,7345,2081,1644,1499,891,5249,14696,0,816,42695,4237,6.88,69.28,23.85,0,544,High Risk,51-65,2022-01
USR1271,2023-05-01,55,Male,High School,Salaried,Tier 1,49122,15550,11067,770,3960,8467,4236,4148,775,13589,5720,12237,3249,78048,0,0.0,158.89,11.64,1,459,High Risk,51-65,2023-05
USR1272,2022-02-01,45,Female,High School,Self-Employed,Tier 3,55647,8840,11133,1623,2336,8339,602,889,1282,4936,13363,0,4843,44823,0,0.0,80.55,24.01,0,528,High Risk,41-50,2022-02
USR1273,2023-06-01,43,Other,Bachelor's,Self-Employed,Tier 1,65468,13858,5041,3640,1897,2662,3602,4639,1373,1203,15353,9987,2125,50027,88,0.13,76.41,23.45,1,509,High Risk,41-50,2023-06
USR1274,2022-12-01,26,Female,Bachelor's,Salaried,Tier 2,53682,15346,9765,3870,1575,9677,4752,2806,657,7050,12117,0,2657,58155,0,0.0,108.33,22.57,0,475,High Risk,22-30,2022-12
USR1275,2024-05-01,54,Female,Bachelor's,Freelancer,Tier 2,38368,10094,7404,1469,7610,1985,1706,911,436,9544,8727,6123,1811,49093,0,0.0,127.95,22.75,1,502,High Risk,51-65,2024-05
USR1276,2023-11-01,57,Male,Bachelor's,Business Owner,Tier 2,81802,19408,2571,2052,6243,6245,1721,2810,1245,8997,18371,16572,4441,72305,0,0.0,88.39,22.46,1,528,High Risk,51-65,2023-11
USR1277,2022-09-01,41,Other,Master's,Student,Tier 2,35034,9038,10796,1877,6778,3120,3298,638,1436,12270,7181,0,3309,52560,0,0.0,150.03,20.5,0,470,High Risk,41-50,2022-09
USR1278,2022-08-01,40,Male,PhD,Business Owner,Tier 2,91607,17361,6980,1675,5006,1464,2644,3733,1373,10625,15916,23770,2737,77368,0,0.0,84.46,17.37,1,496,High Risk,31-40,2022-08
USR1279,2023-04-01,56,Female,Bachelor's,Business Owner,Tier 1,85434,20174,10573,2877,2508,9520,2387,4078,1505,8136,521,23497,4557,89812,0,0.0,105.12,0.61,1,521,High Risk,51-65,2023-04
USR1280,2023-11-01,64,Other,Bachelor's,Self-Employed,Tier 2,50318,12596,3236,615,1993,3173,2768,3541,1624,10479,1663,8424,1827,50276,0,0.0,99.92,3.3,1,460,High Risk,51-65,2023-11
USR1281,2024-05-01,38,Female,High School,Business Owner,Tier 3,55082,18190,4380,822,1635,5793,2993,3292,1082,12479,1848,0,4640,55306,0,0.0,100.41,3.35,0,500,High Risk,31-40,2024-05
USR1282,2022-10-01,64,Other,PhD,Salaried,Tier 1,73608,14881,9177,3110,2048,7759,291,4438,151,9565,433,21073,2198,74691,0,0.0,101.47,0.59,1,459,High Risk,51-65,2022-10
USR1283,2022-12-01,55,Female,High School,Salaried,Tier 1,55505,17959,3517,2095,1284,2218,5147,1983,933,2081,1619,0,3126,40343,13543,24.4,72.68,2.92,0,567,Low Risk,51-65,2022-12
USR1284,2022-12-01,30,Male,Bachelor's,Salaried,Tier 2,60793,16952,3533,2776,5663,1728,5563,1067,539,4457,13978,0,1331,43609,3206,5.27,71.73,22.99,0,549,High Risk,22-30,2022-12
USR1285,2024-06-01,47,Male,Bachelor's,Self-Employed,Tier 2,46731,7199,7887,859,1920,4278,5140,1688,224,5090,7755,11045,2192,47522,0,0.0,101.69,16.59,1,486,High Risk,41-50,2024-06
USR1286,2022-10-01,23,Female,Bachelor's,Salaried,Tier 2,48474,14296,9859,3576,6605,2340,4962,667,775,3832,3781,0,713,47625,0,0.0,98.25,7.8,0,513,High Risk,22-30,2022-10
USR1287,2023-02-01,30,Male,High School,Student,Tier 1,10887,1710,5489,527,6204,997,1953,4121,562,2185,2159,728,912,25388,0,0.0,233.2,19.83,1,377,High Risk,22-30,2023-02
USR1288,2022-04-01,30,Female,Master's,Salaried,Tier 2,77181,26972,6642,3935,6904,1036,5254,1617,1798,10297,9423,6813,3361,74629,0,0.0,96.69,12.21,1,497,High Risk,22-30,2022-04
USR1289,2023-08-01,61,Other,High School,Salaried,Tier 1,65049,21110,11062,1754,5338,3805,5284,1976,1302,8031,2311,5650,414,65726,0,0.0,101.04,3.55,1,476,High Risk,51-65,2023-08
USR1290,2022-07-01,38,Male,Bachelor's,Self-Employed,Tier 2,65501,13720,4150,1918,7188,7624,5092,1281,557,14325,14483,0,803,56658,0,0.0,86.5,22.11,0,528,High Risk,31-40,2022-07
USR1291,2024-06-01,22,Female,High School,Salaried,Tier 3,48472,9766,7319,3416,2935,9856,5981,3125,2352,7411,4103,4331,3969,60461,0,0.0,124.73,8.46,1,472,High Risk,22-30,2024-06
USR1292,2023-12-01,46,Female,High School,Salaried,Tier 1,45770,10357,5766,2235,3981,2471,287,4284,1869,6231,7996,12066,869,50416,0,0.0,110.15,17.47,1,460,High Risk,41-50,2023-12
USR1293,2022-10-01,64,Female,PhD,Salaried,Tier 2,80973,17913,6960,2367,4151,8087,1841,4261,617,1395,5882,0,1280,48872,26219,32.38,60.36,7.26,0,672,Low Risk,51-65,2022-10
USR1294,2024-12-01,61,Other,High School,Self-Employed,Tier 3,53080,11914,8061,1794,2563,4027,3162,1211,1819,13955,6635,0,4854,53360,0,0.0,100.53,12.5,0,498,High Risk,51-65,2024-12
USR1295,2023-05-01,63,Female,Master's,Salaried,Tier 2,73201,15639,7857,2374,2520,799,5613,1013,23,11955,14937,4934,1625,54352,3912,5.34,74.25,20.41,1,502,High Risk,51-65,2023-05
USR1296,2023-09-01,46,Other,Bachelor's,Freelancer,Tier 3,31887,8744,6487,3875,5257,2886,2342,4146,1542,8532,1249,6305,2469,52585,0,0.0,164.91,3.92,1,419,High Risk,41-50,2023-09
USR1297,2022-03-01,60,Female,High School,Freelancer,Tier 2,33064,6045,9750,3954,6423,4463,750,2516,367,12116,8077,2616,674,49674,0,0.0,150.24,24.43,1,430,High Risk,51-65,2022-03
USR1298,2022-01-01,56,Male,PhD,Salaried,Tier 3,76762,24502,11804,2575,2649,5187,2646,2343,998,12545,1347,18100,1331,84680,0,0.0,110.31,1.75,1,489,High Risk,51-65,2022-01
USR1299,2023-06-01,24,Male,Bachelor's,Salaried,Tier 1,66897,20904,3077,2042,7853,4671,5373,472,2556,2846,8930,0,1062,50856,7111,10.63,76.02,13.35,0,586,Medium Risk,22-30,2023-06
USR1300,2022-02-01,58,Female,Master's,Salaried,Tier 1,76138,18676,3300,1243,1450,4359,2151,3844,1456,4031,17436,0,1011,41521,17181,22.57,54.53,22.9,0,632,Low Risk,51-65,2022-02
USR1301,2022-04-01,51,Male,High School,Freelancer,Tier 1,41154,13191,8649,3770,7574,9605,2490,1916,2,11166,9729,0,4472,62835,0,0.0,152.68,23.64,0,436,High Risk,51-65,2022-04
USR1302,2024-08-01,59,Female,Master's,Salaried,Tier 2,72646,14487,9181,3653,524,4195,5429,3175,1007,2361,4215,17922,686,62620,5811,8.0,86.2,5.8,1,554,High Risk,51-65,2024-08
USR1303,2023-07-01,55,Female,High School,Salaried,Tier 3,55678,8547,10138,1611,7739,9612,4037,4300,1281,11455,2004,0,891,59611,0,0.0,107.06,3.6,0,447,High Risk,51-65,2023-07
USR1304,2023-08-01,33,Male,Bachelor's,Freelancer,Tier 1,53484,14646,4529,3961,6212,7742,823,556,262,5352,9685,0,3308,47391,0,0.0,88.61,18.11,0,552,High Risk,31-40,2023-08
USR1305,2022-07-01,40,Female,Master's,Self-Employed,Tier 2,65502,15824,5260,2221,517,6631,3957,403,120,530,687,0,2822,38285,26530,40.5,58.45,1.05,0,652,Low Risk,31-40,2022-07
USR1306,2022-09-01,58,Female,PhD,Salaried,Tier 2,77525,20422,2363,2278,4325,4117,4996,3945,1743,14781,9404,21758,467,81195,0,0.0,104.73,12.13,1,491,High Risk,51-65,2022-09
USR1307,2022-07-01,38,Female,PhD,Salaried,Tier 2,74853,24691,2845,1079,1069,3200,3492,1796,20,12699,14902,9307,984,61182,0,0.0,81.74,19.91,1,502,High Risk,31-40,2022-07
USR1308,2024-03-01,31,Male,Master's,Student,Tier 2,30650,10543,5032,2998,5612,1505,4032,696,904,14887,4292,0,4073,50282,0,0.0,164.05,14.0,0,456,High Risk,31-40,2024-03
USR1309,2023-09-01,33,Male,Master's,Business Owner,Tier 2,90876,25162,3327,932,1855,2201,2811,4997,139,12147,4271,5762,3171,62504,24101,26.52,68.78,4.7,1,606,Low Risk,31-40,2023-09
USR1310,2024-11-01,37,Male,High School,Freelancer,Tier 1,42139,12760,10583,873,2092,3802,361,262,1500,742,5130,0,2601,35576,1433,3.4,84.43,12.17,0,507,High Risk,31-40,2024-11
USR1311,2023-12-01,45,Female,Bachelor's,Self-Employed,Tier 1,59046,9846,5255,2982,7764,9495,2192,1779,1815,7418,13599,0,3541,52087,0,0.0,88.21,23.03,0,541,High Risk,41-50,2023-12
USR1312,2024-08-01,40,Male,Bachelor's,Self-Employed,Tier 3,66741,12156,7136,1710,1330,3866,2282,4534,1312,13473,10298,0,3271,51070,5373,8.05,76.52,15.43,0,563,High Risk,31-40,2024-08
USR1313,2022-12-01,29,Female,Bachelor's,Student,Tier 1,25121,7451,9108,2274,5631,3662,3213,739,4599,14423,4531,0,2516,53616,0,0.0,213.43,18.04,0,399,High Risk,22-30,2022-12
USR1314,2023-11-01,52,Male,Bachelor's,Student,Tier 1,17808,4207,5237,2541,3582,8806,236,4493,42,14228,1497,0,1401,44773,0,0.0,251.42,8.41,0,406,High Risk,51-65,2023-11
USR1315,2024-12-01,42,Male,Bachelor's,Salaried,Tier 3,70068,16759,11497,3961,6528,2637,1045,4325,849,10190,3301,9323,476,67590,0,0.0,96.46,4.71,1,502,High Risk,41-50,2024-12
USR1316,2024-05-01,38,Female,High School,Business Owner,Tier 1,61070,12929,7668,2765,6806,5352,3076,2913,1141,6011,3903,7335,506,56502,665,1.09,92.52,6.39,1,477,High Risk,31-40,2024-05
USR1317,2022-03-01,44,Female,Master's,Salaried,Tier 2,61348,16654,8312,1631,5902,530,5496,1280,1028,6008,8177,14360,830,62031,0,0.0,101.11,13.33,1,496,High Risk,41-50,2022-03
USR1318,2022-08-01,58,Male,High School,Salaried,Tier 1,57686,10789,10956,2342,6348,6448,3546,2055,206,5168,4041,13008,2785,63651,0,0.0,110.34,7.01,1,469,High Risk,51-65,2022-08
USR1319,2024-10-01,37,Male,Bachelor's,Freelancer,Tier 2,52131,14356,7465,2073,1371,2305,4254,3704,634,6587,7063,15051,1337,59137,0,0.0,113.44,13.55,1,460,High Risk,31-40,2024-10
USR1320,2023-02-01,27,Male,Bachelor's,Salaried,Tier 1,53039,9799,2498,2430,1334,6913,4400,3579,4220,7515,9385,0,2381,45069,0,0.0,84.97,17.69,0,505,High Risk,22-30,2023-02
USR1321,2024-12-01,29,Female,Master's,Student,Tier 1,26937,4384,8062,1447,3812,4069,535,1798,482,8136,4945,6025,1913,40663,0,0.0,150.96,18.36,1,372,High Risk,22-30,2024-12
USR1322,2024-08-01,46,Female,Master's,Salaried,Tier 2,65151,14077,4944,848,5452,5810,3297,1828,1165,14219,2682,14564,1248,67452,0,0.0,103.53,4.12,1,472,High Risk,41-50,2024-08
USR1323,2022-07-01,39,Male,Bachelor's,Self-Employed,Tier 2,52106,10224,9952,1287,3616,956,2543,3378,371,7162,9775,14107,1783,55379,0,0.0,106.28,18.76,1,483,High Risk,31-40,2022-07
USR1324,2022-10-01,46,Male,High School,Business Owner,Tier 2,79548,26075,7856,2045,1469,948,1760,2847,1255,14000,13377,0,3551,61806,4365,5.49,77.7,16.82,0,556,High Risk,41-50,2022-10
USR1325,2022-12-01,33,Male,Bachelor's,Business Owner,Tier 3,85652,13789,9838,525,1092,567,5181,3572,1187,12114,257,0,2034,49899,35496,41.44,58.26,0.3,0,655,Low Risk,31-40,2022-12
USR1326,2023-11-01,36,Female,High School,Salaried,Tier 1,54847,10164,8077,1571,754,4589,4364,1269,546,4503,807,12905,1151,49893,4147,7.56,90.97,1.47,1,521,High Risk,31-40,2023-11
USR1327,2022-11-01,47,Other,Bachelor's,Salaried,Tier 2,58632,15229,2135,1358,2614,2362,5646,2976,1387,10351,9472,6283,2232,52573,0,0.0,89.67,16.16,1,477,High Risk,41-50,2022-11
USR1328,2023-01-01,62,Male,Bachelor's,Self-Employed,Tier 2,45202,11129,11292,869,3465,2302,4446,1392,1969,11920,4336,0,1424,50208,0,0.0,111.07,9.59,0,465,High Risk,51-65,2023-01
USR1329,2022-12-01,47,Female,High School,Salaried,Tier 3,66361,10562,6033,3585,3161,8054,861,1013,983,1098,2423,12190,232,47772,16166,24.36,71.99,3.65,1,617,Low Risk,41-50,2022-12
USR1330,2022-07-01,53,Male,Bachelor's,Student,Tier 1,27736,4200,8700,2135,7617,8819,5639,1352,334,2695,307,0,296,41787,0,0.0,150.66,1.11,0,431,High Risk,51-65,2022-07
USR1331,2022-10-01,31,Male,PhD,Business Owner,Tier 2,88346,30710,6113,1710,1102,6395,5052,2955,10,569,3520,21558,4558,80732,4094,4.63,91.38,3.98,1,544,High Risk,31-40,2022-10
USR1332,2022-07-01,37,Female,PhD,Salaried,Tier 3,82756,23317,8546,2047,1565,9959,3939,2083,1431,8639,19810,0,3341,64867,0,0.0,78.38,23.94,0,528,High Risk,31-40,2022-07
USR1333,2024-03-01,28,Female,Bachelor's,Salaried,Tier 1,62438,13928,10396,1383,6407,9734,3383,467,424,10085,11356,0,2977,59184,0,0.0,94.79,18.19,0,517,High Risk,22-30,2024-03
USR1334,2022-07-01,38,Female,High School,Salaried,Tier 3,52703,12864,6594,2414,2339,6015,1685,3871,1323,4159,6952,0,3478,44742,1009,1.91,84.89,13.19,0,497,High Risk,31-40,2022-07
USR1335,2023-12-01,44,Female,High School,Business Owner,Tier 1,75481,15346,2561,778,6405,4238,2609,3012,946,10341,17767,16356,371,62963,0,0.0,83.42,23.54,1,478,High Risk,41-50,2023-12
USR1336,2023-11-01,47,Male,Bachelor's,Salaried,Tier 2,57068,12496,7400,2888,2931,867,4498,4880,912,6134,8832,0,1100,44106,4130,7.24,77.29,15.48,0,550,High Risk,41-50,2023-11
USR1337,2024-01-01,42,Female,PhD,Salaried,Tier 3,74249,20775,9333,1851,5853,6701,2734,4285,1404,2781,13469,8598,4566,68881,0,0.0,92.77,18.14,1,505,High Risk,41-50,2024-01
USR1338,2024-12-01,43,Male,High School,Salaried,Tier 2,55971,18278,5314,2202,1465,3140,5799,583,709,7322,3955,10010,941,55763,0,0.0,99.63,7.07,1,499,High Risk,41-50,2024-12
USR1339,2024-09-01,28,Female,Master's,Self-Employed,Tier 2,59004,11023,5960,2157,2237,5407,203,4156,4272,4182,8688,0,2814,42411,7905,13.4,71.88,14.72,0,562,Medium Risk,22-30,2024-09
USR1340,2022-07-01,35,Male,High School,Salaried,Tier 1,60352,19196,4211,2428,984,558,5448,3050,775,3183,2164,5807,2122,47762,10426,17.28,79.14,3.59,1,587,Medium Risk,31-40,2022-07
USR1341,2024-06-01,36,Female,PhD,Salaried,Tier 3,91952,16028,4371,1106,4634,4756,3297,4725,1870,5062,9298,0,2897,48746,33908,36.88,53.01,10.11,0,681,Low Risk,31-40,2024-06
USR1342,2024-07-01,28,Male,Bachelor's,Student,Tier 2,16965,3274,8974,1548,510,8794,3048,3611,1585,5152,140,0,590,37086,0,0.0,218.6,0.83,0,419,High Risk,22-30,2024-07
USR1343,2023-09-01,30,Male,Master's,Business Owner,Tier 1,73678,11599,4681,3076,5219,5441,5272,1249,735,13681,3990,0,1158,52111,17577,23.86,70.73,5.42,0,582,Low Risk,22-30,2023-09
USR1344,2024-10-01,29,Female,Bachelor's,Freelancer,Tier 2,31986,5698,4806,2973,5004,5007,226,2033,4659,5431,598,0,4870,40707,0,0.0,127.27,1.87,0,456,High Risk,22-30,2024-10
USR1345,2023-09-01,44,Male,Bachelor's,Salaried,Tier 2,61796,20606,4255,528,6751,1285,5361,997,1609,10002,5990,3744,543,55681,125,0.2,90.1,9.69,1,497,High Risk,41-50,2023-09
USR1346,2023-08-01,50,Female,High School,Salaried,Tier 1,49694,12020,11092,1455,2527,2946,1164,4667,1051,5213,10473,0,3681,45816,0,0.0,92.2,21.07,0,501,High Risk,41-50,2023-08
USR1347,2024-10-01,39,Male,High School,Self-Employed,Tier 1,49662,8220,8382,822,5713,9648,3296,3175,1486,5913,4692,11090,1769,59514,0,0.0,119.84,9.45,1,463,High Risk,31-40,2024-10
USR1348,2022-08-01,52,Male,PhD,Salaried,Tier 1,78060,26692,11942,2376,6727,9128,271,1490,395,6100,16229,20019,655,85795,0,0.0,109.91,20.79,1,476,High Risk,51-65,2022-08
USR1349,2024-08-01,51,Male,PhD,Business Owner,Tier 2,81174,26446,6899,2860,6701,2865,5801,2387,682,12921,13322,20443,643,88648,0,0.0,109.21,16.41,1,499,High Risk,51-65,2024-08
USR1350,2024-06-01,60,Male,Master's,Self-Employed,Tier 2,48480,14589,5159,1083,3864,5201,3147,266,1399,4603,6175,11939,4492,55742,0,0.0,114.98,12.74,1,463,High Risk,51-65,2024-06
USR1351,2024-05-01,56,Female,Bachelor's,Salaried,Tier 2,65367,22008,7656,1793,3587,7917,2515,1592,420,2575,3871,5389,3115,58567,2929,4.48,89.6,5.92,1,480,High Risk,51-65,2024-05
USR1352,2022-05-01,39,Male,Master's,Business Owner,Tier 3,88083,17090,3452,3309,3538,6066,4097,4191,363,1282,20306,13151,2610,59149,8628,9.8,67.15,23.05,1,566,High Risk,31-40,2022-05
USR1353,2024-06-01,63,Female,High School,Student,Tier 3,11593,3678,11435,2842,7481,9188,4690,3221,1918,4306,157,3433,3681,55873,0,0.0,481.95,1.35,1,300,High Risk,51-65,2024-06
USR1354,2022-12-01,60,Female,Bachelor's,Salaried,Tier 2,49742,14325,4322,1155,1104,9714,5164,1901,1239,10025,8566,0,1617,50566,0,0.0,101.66,17.22,0,502,High Risk,51-65,2022-12
USR1355,2024-03-01,38,Male,Bachelor's,Self-Employed,Tier 1,59771,19362,11862,1285,1468,6883,2611,778,1854,12409,9283,11990,870,71372,0,0.0,119.41,15.53,1,505,High Risk,31-40,2024-03
USR1356,2023-01-01,35,Female,Bachelor's,Salaried,Tier 2,73175,22639,9097,722,4760,1989,316,1805,1124,13328,8068,16633,2484,74897,0,0.0,102.35,11.03,1,505,High Risk,31-40,2023-01
USR1357,2022-10-01,52,Female,Bachelor's,Salaried,Tier 2,65223,14303,3768,2622,936,2834,2411,4243,1781,1557,3918,18772,4756,57983,3322,5.09,88.9,6.01,1,519,High Risk,51-65,2022-10
USR1358,2024-12-01,45,Female,High School,Salaried,Tier 2,48220,14701,8096,2649,3274,8190,3124,2178,92,2554,5192,0,299,45157,0,0.0,93.65,10.77,0,483,High Risk,41-50,2024-12
USR1359,2024-07-01,56,Male,Bachelor's,Self-Employed,Tier 2,56356,11411,7185,3432,6275,3889,3037,4705,1598,14875,12296,0,2987,59394,0,0.0,105.39,21.82,0,539,High Risk,51-65,2024-07
USR1360,2023-04-01,55,Male,Master's,Student,Tier 2,19071,4113,3169,2720,2309,702,776,3080,265,12093,3989,0,607,29834,0,0.0,156.44,20.92,0,468,High Risk,51-65,2023-04
USR1361,2024-12-01,24,Female,Bachelor's,Self-Employed,Tier 3,64463,11060,6710,1527,7046,730,971,2870,1941,13696,15171,18695,1177,66423,0,0.0,103.04,23.53,1,466,High Risk,22-30,2024-12
USR1362,2024-02-01,58,Female,High School,Salaried,Tier 1,55654,18756,8590,2183,6005,7547,399,3916,1103,2609,4282,0,2998,54106,0,0.0,97.22,7.69,0,497,High Risk,51-65,2024-02
USR1363,2023-08-01,64,Female,High School,Self-Employed,Tier 2,33854,7048,2386,2942,6573,3462,1955,4484,36,11849,3276,8491,342,49568,0,0.0,146.42,9.68,1,455,High Risk,51-65,2023-08
USR1364,2024-10-01,61,Male,Bachelor's,Salaried,Tier 1,60594,15398,4430,2149,5757,2827,379,4572,1034,12488,283,9433,3276,61743,0,0.0,101.9,0.47,1,515,High Risk,51-65,2024-10
USR1365,2022-08-01,47,Female,Bachelor's,Business Owner,Tier 3,83706,19107,3405,1332,7359,3284,2605,2354,1650,7783,19732,0,919,49798,14176,16.94,59.49,23.57,0,579,Medium Risk,41-50,2022-08
USR1366,2022-04-01,44,Male,Bachelor's,Salaried,Tier 1,60335,20633,2123,1503,5409,1303,3523,3004,1113,12340,4968,5564,1659,58174,0,0.0,96.42,8.23,1,462,High Risk,41-50,2022-04
USR1367,2024-05-01,60,Female,Bachelor's,Salaried,Tier 1,60792,13192,5997,666,3269,6266,4948,2420,743,1820,6142,17973,617,57911,0,0.0,95.26,10.1,1,480,High Risk,51-65,2024-05
USR1368,2024-07-01,36,Male,Master's,Salaried,Tier 1,60204,18404,7909,2847,7174,4223,4973,4189,18,8349,13663,0,1304,59390,0,0.0,98.65,22.69,0,467,High Risk,31-40,2024-07
USR1369,2022-02-01,25,Female,Bachelor's,Freelancer,Tier 2,52532,16867,5896,2516,2329,6896,2501,1198,4346,4917,6915,2784,744,50994,0,0.0,97.07,13.16,1,474,High Risk,22-30,2022-02
USR1370,2024-01-01,50,Male,Master's,Salaried,Tier 1,64812,15368,11816,617,792,675,3188,921,373,4199,9173,18720,3488,60157,0,0.0,92.82,14.15,1,512,High Risk,41-50,2024-01
USR1371,2022-03-01,43,Male,Bachelor's,Freelancer,Tier 2,30748,6937,10066,3059,6094,6191,5984,1414,1809,1232,1354,5363,972,49121,0,0.0,159.75,4.4,1,392,High Risk,41-50,2022-03
USR1372,2022-05-01,46,Female,Bachelor's,Salaried,Tier 2,60029,17981,11373,3159,7666,4032,1802,1893,93,14206,7483,15551,1893,79649,0,0.0,132.68,12.47,1,466,High Risk,41-50,2022-05
USR1373,2023-10-01,34,Male,Master's,Salaried,Tier 1,77849,25890,2727,2309,4451,4849,1319,3594,31,14168,17870,14566,1268,75172,0,0.0,96.56,22.95,1,487,High Risk,31-40,2023-10
USR1374,2023-04-01,39,Male,High School,Self-Employed,Tier 1,44904,13515,9039,3746,961,2043,2414,4225,1686,12325,6272,0,3903,53857,0,0.0,119.94,13.97,0,517,High Risk,31-40,2023-04
USR1375,2022-09-01,54,Male,High School,Student,Tier 3,28903,5648,9715,2706,4384,5956,5260,3779,139,7062,1843,5893,4423,54965,0,0.0,190.17,6.38,1,392,High Risk,51-65,2022-09
USR1376,2022-09-01,37,Female,Master's,Student,Tier 2,33431,10954,5670,1907,3733,3913,2111,3003,1593,4049,260,0,1773,38706,0,0.0,115.78,0.78,0,505,High Risk,31-40,2022-09
USR1377,2022-12-01,63,Female,Bachelor's,Salaried,Tier 2,65710,14950,3141,1750,7285,7585,3101,2430,972,14147,5524,3856,3993,63210,0,0.0,96.2,8.41,1,475,High Risk,51-65,2022-12
USR1378,2022-04-01,23,Male,Master's,Salaried,Tier 2,68972,18294,6031,3609,2591,4679,1285,658,7752,12354,9873,0,2853,60106,0,0.0,87.15,14.31,0,540,High Risk,22-30,2022-04
USR1379,2023-06-01,56,Female,High School,Salaried,Tier 1,54453,17222,10550,962,4436,9832,373,1901,1172,6663,580,0,740,53851,22,0.04,98.89,1.07,0,510,High Risk,51-65,2023-06
USR1380,2023-06-01,63,Female,Master's,Self-Employed,Tier 1,60892,11428,5742,2233,5702,5307,5572,826,1244,7055,9282,0,2411,47520,4090,6.72,78.04,15.24,0,539,High Risk,51-65,2023-06
USR1381,2024-09-01,55,Male,Bachelor's,Self-Employed,Tier 1,53581,16444,4844,2171,3439,7886,3732,2656,732,14702,7011,7671,2896,67173,0,0.0,125.37,13.08,1,445,High Risk,51-65,2024-09
USR1382,2022-03-01,51,Female,High School,Business Owner,Tier 3,76246,20527,4211,2651,7279,2440,4919,406,753,13336,14933,20944,1758,79224,0,0.0,103.91,19.59,1,500,High Risk,51-65,2022-03
USR1383,2023-05-01,34,Female,Bachelor's,Student,Tier 3,15513,5098,2972,1481,7182,1156,1438,3516,1242,5878,112,2732,330,33025,0,0.0,212.89,0.72,1,370,High Risk,31-40,2023-05
USR1384,2022-12-01,34,Female,Bachelor's,Salaried,Tier 2,54392,10029,2360,3764,7505,3003,3510,1556,1564,9296,10617,0,2943,45530,0,0.0,83.71,19.52,0,498,High Risk,31-40,2022-12
USR1385,2022-11-01,39,Male,Bachelor's,Self-Employed,Tier 1,47014,11007,4632,2797,7162,1158,5034,4968,1998,2222,6122,11965,4799,57742,0,0.0,122.82,13.02,1,485,High Risk,31-40,2022-11
USR1386,2023-05-01,53,Female,High School,Business Owner,Tier 1,88365,27973,5190,1536,6030,7538,4013,3796,1582,11096,8185,0,4020,72774,7406,8.38,82.36,9.26,0,583,High Risk,51-65,2023-05
USR1387,2024-11-01,53,Female,High School,Business Owner,Tier 1,76242,11729,6948,3114,5306,8602,4016,2139,1931,12174,18400,0,2431,58390,0,0.0,76.59,24.13,0,550,High Risk,51-65,2024-11
USR1388,2022-06-01,56,Male,Bachelor's,Salaried,Tier 2,65435,11283,3624,2379,6243,6525,4970,2995,57,3312,2619,3626,1025,46039,16777,25.64,70.36,4.0,1,569,Low Risk,51-65,2022-06
USR1389,2024-11-01,60,Male,High School,Salaried,Tier 1,46539,16200,3756,1096,588,9746,2173,4568,1448,10273,6298,10331,2918,63097,0,0.0,135.58,13.53,1,445,High Risk,51-65,2024-11
USR1390,2022-06-01,50,Male,PhD,Salaried,Tier 3,81986,16895,9818,1120,2163,6998,3982,2873,1298,8037,6578,0,1222,54406,21002,25.62,66.36,8.02,0,620,Low Risk,41-50,2022-06
USR1391,2024-08-01,50,Male,High School,Salaried,Tier 2,54067,18658,7119,3102,3801,6848,2444,1249,139,2778,7129,14544,2801,63483,0,0.0,117.42,13.19,1,472,High Risk,41-50,2024-08
USR1392,2022-11-01,37,Female,Bachelor's,Salaried,Tier 3,64713,12069,8026,1911,5637,3541,1857,2791,1046,2850,8934,11301,4426,55455,324,0.5,85.69,13.81,1,506,High Risk,31-40,2022-11
USR1393,2023-01-01,31,Male,High School,Salaried,Tier 3,47187,10485,10432,570,3220,2838,612,3989,900,4123,1055,4976,896,43041,3091,6.55,91.21,2.24,1,490,High Risk,31-40,2023-01
USR1394,2023-01-01,51,Male,Bachelor's,Self-Employed,Tier 3,57282,17217,8975,1455,7507,610,5775,4204,377,7030,9467,0,1237,54387,0,0.0,94.95,16.53,0,493,High Risk,51-65,2023-01
USR1395,2024-10-01,46,Female,PhD,Salaried,Tier 2,73609,20725,2975,2303,3437,5687,3610,290,921,1214,11675,9096,1013,51271,10663,14.49,69.65,15.86,1,567,Medium Risk,41-50,2024-10
USR1396,2022-03-01,60,Male,High School,Salaried,Tier 2,48875,13011,6318,3520,7948,2218,4292,675,372,1424,9401,0,4037,43815,0,0.0,89.65,19.23,0,504,High Risk,51-65,2022-03
USR1397,2024-08-01,41,Other,PhD,Salaried,Tier 2,82872,21213,7923,937,6529,7016,1582,2246,1086,3662,1878,0,858,53052,27942,33.72,64.02,2.27,0,623,Low Risk,41-50,2024-08
USR1398,2022-04-01,26,Male,Bachelor's,Business Owner,Tier 2,67698,21574,4313,1567,921,625,1323,3890,5014,4653,5030,0,2627,46507,16161,23.87,68.7,7.43,0,562,Low Risk,22-30,2022-04
USR1399,2022-01-01,22,Male,Master's,Business Owner,Tier 2,91518,18028,11497,3843,4249,8953,4529,4225,7881,5029,14874,15862,1283,85379,0,0.0,93.29,16.25,1,520,High Risk,22-30,2022-01
USR1400,2022-09-01,51,Male,Bachelor's,Self-Employed,Tier 3,61475,14661,2787,2425,5471,3434,5381,3466,1365,12770,2101,0,3174,54934,4440,7.22,89.36,3.42,0,521,High Risk,51-65,2022-09
USR1401,2022-07-01,24,Male,Master's,Salaried,Tier 2,62962,11401,4428,1537,7345,6417,4212,4829,7715,3069,10665,3721,1383,56057,0,0.0,89.03,16.94,1,497,High Risk,22-30,2022-07
USR1402,2024-03-01,35,Male,Bachelor's,Student,Tier 3,16437,4424,10747,3942,4933,2104,2443,2945,1174,3315,242,0,2824,38851,0,0.0,236.36,1.47,0,382,High Risk,31-40,2024-03
USR1403,2022-03-01,51,Female,Bachelor's,Salaried,Tier 3,61215,12249,8664,3683,765,8090,2789,284,522,7472,5125,6352,2932,53802,2288,3.74,87.89,8.37,1,501,High Risk,51-65,2022-03
USR1404,2023-10-01,25,Other,High School,Salaried,Tier 1,57256,12411,11751,1902,3350,2582,1978,2839,746,14572,12119,2996,2197,57324,0,0.0,100.12,21.17,1,469,High Risk,22-30,2023-10
USR1405,2023-04-01,39,Male,High School,Salaried,Tier 1,53777,13135,9483,2861,1878,9346,1329,276,583,5078,10409,0,2211,46180,0,0.0,85.87,19.36,0,545,High Risk,31-40,2023-04
USR1406,2022-08-01,58,Female,PhD,Salaried,Tier 2,80468,12501,3363,1938,7003,5593,844,2630,500,4962,12970,13626,1448,54408,13090,16.27,67.61,16.12,1,584,Medium Risk,51-65,2022-08
USR1407,2022-05-01,46,Female,Bachelor's,Salaried,Tier 2,77103,12983,5959,984,7657,7643,3722,3704,895,1388,16778,0,3936,48871,11454,14.86,63.38,21.76,0,616,Medium Risk,41-50,2022-05
USR1408,2024-06-01,22,Female,Bachelor's,Business Owner,Tier 3,75938,21808,10781,668,2314,784,1757,2624,5098,6448,13465,0,2613,54895,7578,9.98,72.29,17.73,0,570,High Risk,22-30,2024-06
USR1409,2024-04-01,36,Male,Master's,Self-Employed,Tier 2,49278,11619,3749,3435,2764,6066,4701,2421,559,3978,6398,9605,4543,53440,0,0.0,108.45,12.98,1,481,High Risk,31-40,2024-04
USR1410,2024-03-01,30,Male,Bachelor's,Salaried,Tier 2,69607,22480,8671,1302,4916,8718,2973,605,1371,4089,17048,15841,211,71177,0,0.0,102.26,24.49,1,490,High Risk,22-30,2024-03
USR1411,2023-10-01,36,Male,PhD,Student,Tier 2,50466,14581,2540,745,1349,2774,2985,2329,1295,14142,8766,11046,2210,55996,0,0.0,110.96,17.37,1,494,High Risk,31-40,2023-10
USR1412,2024-06-01,45,Female,Master's,Salaried,Tier 1,73142,11089,9634,2813,5314,4472,1906,4316,1453,2223,10996,10857,3807,57884,4262,5.83,79.14,15.03,1,519,High Risk,41-50,2024-06
USR1413,2022-07-01,25,Female,Bachelor's,Salaried,Tier 2,54298,14841,10482,1348,4236,9820,2801,597,4310,1758,5550,0,936,51129,0,0.0,94.16,10.22,0,479,High Risk,22-30,2022-07
USR1414,2024-06-01,33,Male,Master's,Self-Employed,Tier 3,62008,10463,5935,2790,1491,4613,3843,2000,1011,7526,13989,10843,709,51224,0,0.0,82.61,22.56,1,450,High Risk,31-40,2024-06
USR1415,2023-01-01,58,Male,High School,Self-Employed,Tier 1,39051,11956,5958,2525,4264,7229,574,3673,1630,9102,2886,10645,1468,59024,0,0.0,151.15,7.39,1,466,High Risk,51-65,2023-01
USR1416,2023-10-01,58,Female,Bachelor's,Salaried,Tier 2,68142,23733,5859,2193,7879,8848,1812,2008,232,2730,157,0,4466,59760,8225,12.07,87.7,0.23,0,570,Medium Risk,51-65,2023-10
USR1417,2022-11-01,64,Female,Bachelor's,Salaried,Tier 2,52189,13372,10050,3871,2308,1789,654,4126,559,7954,2566,0,3242,47925,1698,3.25,91.83,4.92,0,526,High Risk,51-65,2022-11
USR1418,2022-05-01,27,Other,Bachelor's,Self-Employed,Tier 1,53598,15358,11447,1850,7596,3011,4497,2144,6692,11886,1467,3926,1258,69665,0,0.0,129.98,2.74,1,488,High Risk,22-30,2022-05
USR1419,2023-10-01,60,Female,Master's,Freelancer,Tier 1,46965,9273,7331,1029,3774,6220,1675,637,1476,10897,3745,13431,4500,60243,0,0.0,128.27,7.97,1,419,High Risk,51-65,2023-10
USR1420,2023-03-01,45,Male,PhD,Self-Employed,Tier 3,71014,16867,10199,2118,1216,1655,1053,422,1762,2560,14662,0,1089,38941,17411,24.52,54.84,20.65,0,609,Low Risk,41-50,2023-03
USR1421,2024-07-01,32,Female,Bachelor's,Salaried,Tier 2,60069,19295,3657,1346,5580,3288,923,1810,1524,4398,9784,0,3152,44973,5312,8.84,74.87,16.29,0,544,High Risk,31-40,2024-07
USR1422,2024-05-01,34,Female,Bachelor's,Salaried,Tier 1,64414,11818,8185,3551,6535,5653,1591,2160,920,3113,2721,7976,3537,55039,6654,10.33,85.45,4.22,1,537,Medium Risk,31-40,2024-05
USR1423,2023-05-01,55,Male,PhD,Salaried,Tier 1,77178,15675,6428,2889,1395,6726,2587,4804,1612,7515,15219,21131,3881,74643,0,0.0,96.72,19.72,1,484,High Risk,51-65,2023-05
USR1424,2022-06-01,46,Female,Bachelor's,Salaried,Tier 2,55106,13175,11448,2288,1676,3476,461,4200,860,10504,6946,0,2944,51032,0,0.0,92.61,12.6,0,484,High Risk,41-50,2022-06
USR1425,2023-05-01,28,Female,Bachelor's,Student,Tier 2,28015,8192,9237,2202,4253,5751,742,2864,5241,7198,3590,5148,1708,52536,0,0.0,187.53,12.81,1,380,High Risk,22-30,2023-05
USR1426,2024-10-01,25,Male,Bachelor's,Self-Employed,Tier 2,55609,12521,3039,3820,2276,3999,750,1265,7714,2302,5034,12699,3537,53922,0,0.0,96.97,9.05,1,500,High Risk,22-30,2024-10
USR1427,2023-11-01,29,Female,PhD,Salaried,Tier 1,69091,23183,4116,1259,6930,3413,5625,1476,6632,12598,14934,0,3233,68465,0,0.0,99.09,21.61,0,504,High Risk,22-30,2023-11
USR1428,2024-06-01,41,Female,Bachelor's,Freelancer,Tier 3,65927,11134,10876,1903,3304,703,3997,803,1572,1177,5246,3954,1967,41390,19291,29.26,62.78,7.96,1,581,Low Risk,41-50,2024-06
USR1429,2023-01-01,50,Female,Master's,Self-Employed,Tier 2,66811,14976,6018,1297,3892,2322,837,388,613,11602,1572,0,1332,43277,21962,32.87,64.78,2.35,0,645,Low Risk,41-50,2023-01
USR1430,2024-06-01,31,Male,Master's,Salaried,Tier 1,68773,20067,11989,1031,1959,9133,364,875,702,8587,5204,18943,1401,75051,0,0.0,109.13,7.57,1,470,High Risk,31-40,2024-06
USR1431,2023-08-01,64,Male,Bachelor's,Business Owner,Tier 2,91321,17825,9546,2417,6211,7471,3005,837,540,5213,16331,0,448,53513,21477,23.52,58.6,17.88,0,598,Low Risk,51-65,2023-08
USR1432,2022-06-01,55,Female,Bachelor's,Business Owner,Tier 2,94734,26647,3824,1363,3043,7925,820,2196,1849,8230,15573,0,2095,57992,21169,22.35,61.22,16.44,0,599,Low Risk,51-65,2022-06
USR1433,2024-07-01,47,Male,Master's,Freelancer,Tier 3,53837,9843,5534,3952,5768,9840,1423,2044,764,10943,2530,0,429,50540,767,1.42,93.88,4.7,0,510,High Risk,41-50,2024-07
USR1434,2023-07-01,62,Female,Bachelor's,Salaried,Tier 3,65779,10603,8670,541,5137,6282,3542,246,1274,3504,1838,0,2875,42674,21267,32.33,64.87,2.79,0,640,Low Risk,51-65,2023-07
USR1435,2022-06-01,24,Female,Master's,Self-Employed,Tier 1,55095,9597,10254,3916,5230,8426,250,1019,6311,9486,9102,15276,1484,71249,0,0.0,129.32,16.52,1,456,High Risk,22-30,2022-06
USR1436,2024-10-01,27,Male,PhD,Freelancer,Tier 3,60822,20436,10452,1098,4053,9890,688,4007,3008,1228,10284,10383,3075,68318,0,0.0,112.32,16.91,1,483,High Risk,22-30,2024-10
USR1437,2024-04-01,26,Female,Bachelor's,Salaried,Tier 3,61407,15987,5571,3832,1849,6503,5342,3222,1976,10385,5621,0,520,55187,599,0.98,89.87,9.15,0,487,High Risk,22-30,2024-04
USR1438,2023-01-01,26,Female,Master's,Salaried,Tier 3,71478,22105,5192,805,3486,4675,864,1280,7495,14673,15060,0,227,60802,0,0.0,85.06,21.07,0,498,High Risk,22-30,2023-01
USR1439,2022-10-01,44,Male,Master's,Business Owner,Tier 1,89662,19414,6953,1308,7696,8286,1446,3346,621,5234,21926,19611,3098,77013,0,0.0,85.89,24.45,1,561,High Risk,41-50,2022-10
USR1440,2022-07-01,30,Female,Master's,Salaried,Tier 2,74478,19999,11680,3409,3830,3359,5540,1477,1240,690,3829,0,709,51933,18716,25.13,69.73,5.14,0,639,Low Risk,22-30,2022-07
USR1441,2023-06-01,56,Female,Bachelor's,Freelancer,Tier 1,49901,12424,11322,1763,5293,3462,2910,3934,1021,14589,7199,0,840,57558,0,0.0,115.34,14.43,0,507,High Risk,51-65,2023-06
USR1442,2023-10-01,41,Female,High School,Self-Employed,Tier 3,38314,12994,6275,1178,6548,1867,4561,2417,195,5494,51,3671,4836,50036,0,0.0,130.59,0.13,1,429,High Risk,41-50,2023-10
USR1443,2023-02-01,63,Female,Bachelor's,Salaried,Tier 1,55492,16620,2354,3884,2622,5710,4368,3086,994,10688,9892,7413,3450,61189,0,0.0,110.27,17.83,1,465,High Risk,51-65,2023-02
USR1444,2024-12-01,56,Male,Master's,Salaried,Tier 2,65628,19433,7029,1230,4128,3409,4152,995,1320,10799,6797,14542,3947,70984,0,0.0,108.16,10.36,1,481,High Risk,51-65,2024-12
USR1445,2022-08-01,39,Female,Bachelor's,Business Owner,Tier 1,77742,12382,4774,2988,6200,3905,2791,3528,945,4366,3756,8681,2919,53479,20507,26.38,68.79,4.83,1,618,Low Risk,31-40,2022-08
USR1446,2022-12-01,38,Female,Master's,Salaried,Tier 1,78406,20380,2588,2525,997,4994,1080,3206,43,10181,14744,0,4103,50097,13565,17.3,63.89,18.8,0,606,Medium Risk,31-40,2022-12
USR1447,2024-09-01,45,Female,Bachelor's,Self-Employed,Tier 2,46696,11365,2604,1432,3987,1320,634,3384,392,14190,9463,13585,1511,54404,0,0.0,116.51,20.27,1,468,High Risk,41-50,2024-09
USR1448,2023-12-01,24,Female,Bachelor's,Freelancer,Tier 3,45140,15147,10365,1402,1221,8202,5384,2589,6897,14240,1254,0,3536,68983,0,0.0,152.82,2.78,0,465,High Risk,22-30,2023-12
USR1449,2023-02-01,53,Male,High School,Freelancer,Tier 2,47624,9594,2353,632,6370,7755,2184,4343,1113,10801,488,0,1690,46835,301,0.63,98.34,1.02,0,516,High Risk,51-65,2023-02
USR1450,2022-05-01,56,Female,Master's,Student,Tier 3,27600,5629,7434,3266,1863,3162,4652,4058,154,6539,2305,6364,1618,44739,0,0.0,162.1,8.35,1,422,High Risk,51-65,2022-05
USR1451,2023-07-01,59,Male,Bachelor's,Self-Employed,Tier 1,59683,13862,2433,2598,807,7604,5231,1418,977,6945,9340,13796,1658,57329,0,0.0,96.06,15.65,1,482,High Risk,51-65,2023-07
USR1452,2022-03-01,34,Male,Bachelor's,Salaried,Tier 2,61883,12294,10450,3165,3251,5872,4313,1960,1501,9329,12274,0,3659,55794,0,0.0,90.16,19.83,0,501,High Risk,31-40,2022-03
USR1453,2022-01-01,46,Male,Bachelor's,Student,Tier 2,25054,4405,2867,891,1383,4953,4070,924,1644,4545,3420,0,2767,28449,0,0.0,113.55,13.65,0,466,High Risk,41-50,2022-01
USR1454,2024-09-01,30,Other,Master's,Self-Employed,Tier 1,61172,19665,10787,3243,1764,3629,5885,1544,58,13786,8881,11006,1537,72904,0,0.0,119.18,14.52,1,449,High Risk,22-30,2024-09
USR1455,2023-05-01,25,Female,Bachelor's,Salaried,Tier 2,68336,17880,7764,3070,4848,5116,2822,337,992,6815,13664,7733,3892,61269,0,0.0,89.66,20.0,1,492,High Risk,22-30,2023-05
USR1456,2022-09-01,35,Female,Bachelor's,Salaried,Tier 2,50639,16319,2393,1007,5531,8586,1992,4650,478,6124,6695,15174,4809,67063,0,0.0,132.43,13.22,1,456,High Risk,31-40,2022-09
USR1457,2024-07-01,58,Female,PhD,Business Owner,Tier 2,91093,28806,5754,2185,5839,2166,2998,3754,617,4658,13917,10634,3281,70692,6484,7.12,77.6,15.28,1,495,High Risk,51-65,2024-07
USR1458,2024-11-01,55,Female,Master's,Salaried,Tier 2,72372,14938,6370,2901,2944,7889,5291,2959,1922,11511,9339,7792,546,65063,0,0.0,89.9,12.9,1,492,High Risk,51-65,2024-11
USR1459,2022-03-01,32,Female,PhD,Freelancer,Tier 2,66269,17199,6521,3414,3533,3900,3712,258,1756,4611,14586,13649,316,58869,0,0.0,88.83,22.01,1,468,High Risk,31-40,2022-03
USR1460,2023-01-01,62,Female,Bachelor's,Self-Employed,Tier 1,67943,11322,9699,3520,6348,2700,5328,970,1798,7334,4000,12075,2658,63752,191,0.28,93.83,5.89,1,501,High Risk,51-65,2023-01
USR1461,2023-02-01,24,Male,Bachelor's,Salaried,Tier 1,59871,19940,6578,1918,6333,9584,1693,588,6687,9533,3951,0,1620,64474,0,0.0,107.69,6.6,0,518,High Risk,22-30,2023-02
USR1462,2022-06-01,49,Male,Master's,Self-Employed,Tier 2,74835,17275,10405,1455,1552,1483,2879,4124,783,4451,2393,0,2054,46461,25981,34.72,62.08,3.2,0,639,Low Risk,41-50,2022-06
USR1463,2024-05-01,50,Female,Bachelor's,Salaried,Tier 1,57727,13204,4126,595,993,7123,1825,3622,1072,5720,11826,14591,3282,56153,0,0.0,97.27,20.49,1,490,High Risk,41-50,2024-05
USR1464,2022-09-01,30,Female,Master's,Salaried,Tier 1,80629,16976,10330,605,5554,9274,2619,4634,1400,4558,8300,0,1831,57781,14548,18.04,71.66,10.29,0,610,Medium Risk,22-30,2022-09
USR1465,2024-12-01,24,Male,Bachelor's,Self-Employed,Tier 2,62539,15142,6193,1177,2521,6551,3217,795,3253,3747,5439,0,2199,44795,12305,19.68,71.63,8.7,0,581,Medium Risk,22-30,2024-12
USR1466,2023-11-01,46,Male,Bachelor's,Salaried,Tier 2,55692,11157,5960,3060,2247,4615,2047,635,1509,1716,13663,9262,2345,44553,0,0.0,80.0,24.53,1,516,High Risk,41-50,2023-11
USR1467,2023-03-01,55,Female,High School,Freelancer,Tier 1,42456,9551,2663,3813,5773,3140,3446,1673,600,6592,9837,0,4577,41828,0,0.0,98.52,23.17,0,478,High Risk,51-65,2023-03
USR1468,2022-07-01,33,Male,Bachelor's,Business Owner,Tier 2,79590,24672,4832,1355,5587,6871,1738,4672,939,8480,19340,8428,1006,68580,0,0.0,86.17,24.3,1,535,High Risk,31-40,2022-07
USR1469,2024-01-01,63,Female,High School,Freelancer,Tier 2,45004,14259,11265,2462,3802,3917,5449,2182,991,9590,1601,0,1891,55808,0,0.0,124.01,3.56,0,478,High Risk,51-65,2024-01
USR1470,2023-11-01,30,Other,High School,Salaried,Tier 1,53213,11219,6574,1289,6745,7087,1516,2638,530,6086,11856,7476,2904,54064,0,0.0,101.6,22.28,1,455,High Risk,22-30,2023-11
USR1471,2022-11-01,36,Male,PhD,Salaried,Tier 3,74542,18173,8371,1014,7470,9580,1919,3068,1026,7576,6125,4592,3635,66424,1993,2.67,89.11,8.22,1,500,High Risk,31-40,2022-11
USR1472,2022-08-01,61,Male,Bachelor's,Self-Employed,Tier 2,66952,21743,9624,3445,6820,2383,2150,4409,377,8440,211,19588,410,79389,0,0.0,118.58,0.32,1,455,High Risk,51-65,2022-08
USR1473,2024-12-01,46,Female,Master's,Student,Tier 2,29210,4689,8292,1584,7627,5321,423,4017,571,2722,2857,0,1890,37136,0,0.0,127.13,9.78,0,481,High Risk,41-50,2024-12
USR1474,2022-01-01,26,Female,Master's,Business Owner,Tier 2,93611,30688,7177,3987,5522,4322,2226,973,1897,9949,11916,10634,1977,79352,2343,2.5,84.77,12.73,1,496,High Risk,22-30,2022-01
USR1475,2023-01-01,32,Female,Bachelor's,Business Owner,Tier 1,78197,15157,10353,1507,2779,8838,1747,2126,1265,8479,2115,11903,3347,67501,8581,10.97,86.32,2.7,1,565,Medium Risk,31-40,2023-01
USR1476,2023-04-01,55,Other,High School,Salaried,Tier 2,68333,19523,9006,1817,6655,2216,3978,2419,1564,2014,9185,18147,2699,70038,0,0.0,102.5,13.44,1,468,High Risk,51-65,2023-04
USR1477,2023-01-01,45,Male,Master's,Salaried,Tier 2,64573,17209,11692,3284,5805,6123,5985,217,586,9108,13228,8998,886,69893,0,0.0,108.24,20.49,1,497,High Risk,41-50,2023-01
USR1478,2023-02-01,36,Female,Bachelor's,Self-Employed,Tier 3,51086,13312,5178,2849,7404,2977,3923,4530,1605,14344,4823,9800,2870,68792,0,0.0,134.66,9.44,1,454,High Risk,31-40,2023-02
USR1479,2023-01-01,59,Female,Master's,Salaried,Tier 3,82196,26456,7546,3741,1431,868,1723,4166,1618,13238,7246,0,1129,61916,13034,15.86,75.33,8.82,0,597,Medium Risk,51-65,2023-01
USR1480,2022-12-01,29,Female,Master's,Salaried,Tier 2,66440,11315,6490,3193,6909,9955,5409,1892,7069,3383,5627,9987,4313,69915,0,0.0,105.23,8.47,1,472,High Risk,22-30,2022-12
USR1481,2024-04-01,26,Male,PhD,Student,Tier 1,49808,10928,6896,3612,2425,3349,2903,2970,5717,4326,11494,10453,1514,55093,0,0.0,110.61,23.08,1,471,High Risk,22-30,2024-04
USR1482,2023-10-01,47,Female,Bachelor's,Salaried,Tier 1,70134,18070,2185,2778,5754,3247,2172,4576,1946,14611,854,11805,3033,70177,0,0.0,100.06,1.22,1,492,High Risk,41-50,2023-10
USR1483,2023-08-01,39,Female,Bachelor's,Salaried,Tier 1,61762,19285,6653,1932,1256,8062,5391,3467,1220,13067,6872,3415,1973,65721,0,0.0,106.41,11.13,1,449,High Risk,31-40,2023-08
USR1484,2023-07-01,27,Male,Bachelor's,Salaried,Tier 2,48493,9373,3980,3285,1554,7639,4728,1338,2559,4839,3207,12297,2445,54037,0,0.0,111.43,6.61,1,443,High Risk,22-30,2023-07
USR1485,2022-11-01,58,Male,High School,Student,Tier 1,14845,4610,6541,3544,4430,7204,5667,1895,1442,1174,3317,0,1385,37892,0,0.0,255.25,22.34,0,376,High Risk,51-65,2022-11
USR1486,2024-06-01,34,Female,Master's,Self-Employed,Tier 2,63813,14672,9808,796,5051,2387,5582,1786,658,6789,1532,10594,2664,60787,1494,2.34,95.26,2.4,1,478,High Risk,31-40,2024-06
USR1487,2024-02-01,49,Male,High School,Freelancer,Tier 1,49337,9264,2829,954,4854,559,5590,4713,1296,602,5074,9619,583,40863,3400,6.89,82.82,10.28,1,523,High Risk,41-50,2024-02
USR1488,2023-03-01,26,Male,Bachelor's,Business Owner,Tier 3,92707,27978,5519,3628,7771,1044,4804,2531,4637,11049,9428,20986,4123,94070,0,0.0,101.47,10.17,1,512,High Risk,22-30,2023-03
USR1489,2024-06-01,34,Male,Master's,Salaried,Tier 1,64520,10850,10008,1441,5026,3564,4803,4880,34,4493,14329,9852,1721,56672,0,0.0,87.84,22.21,1,475,High Risk,31-40,2024-06
USR1490,2024-05-01,38,Female,Bachelor's,Self-Employed,Tier 3,62409,15786,7909,739,3953,6946,816,2869,1006,12719,3362,14596,1179,68518,0,0.0,109.79,5.39,1,467,High Risk,31-40,2024-05
USR1491,2024-08-01,61,Female,Bachelor's,Salaried,Tier 3,69123,11251,3225,2121,3016,6303,4715,2468,1648,4208,11144,5725,4377,49057,8922,12.91,70.97,16.12,1,532,Medium Risk,51-65,2024-08
USR1492,2024-06-01,53,Female,Bachelor's,Salaried,Tier 2,71587,15841,7774,3747,2464,1730,5391,2256,460,12904,2405,0,3810,56377,12805,17.89,78.75,3.36,0,580,Medium Risk,51-65,2024-06
USR1493,2023-04-01,50,Male,Master's,Business Owner,Tier 2,90989,24586,4844,3634,6569,8042,4369,2622,717,1995,21700,23346,3470,84194,0,0.0,92.53,23.85,1,493,High Risk,41-50,2023-04
USR1494,2024-12-01,24,Female,Bachelor's,Freelancer,Tier 2,32460,8479,9347,3098,7874,1058,5974,4829,3134,13550,4812,8840,2153,68336,0,0.0,210.52,14.82,1,380,High Risk,22-30,2024-12
USR1495,2023-06-01,61,Female,Master's,Salaried,Tier 2,68756,15877,4733,2685,1146,6563,2821,3686,1276,3892,10764,13399,1684,57762,230,0.33,84.01,15.66,1,513,High Risk,51-65,2023-06
USR1496,2024-04-01,55,Female,High School,Salaried,Tier 1,45754,10789,6420,953,5042,9361,4441,2949,1657,12198,4961,5866,1083,60759,0,0.0,132.79,10.84,1,453,High Risk,51-65,2024-04
USR1497,2023-07-01,61,Female,Master's,Self-Employed,Tier 1,61379,11990,5996,1749,3330,8949,2293,4241,511,8037,5252,5575,2727,55398,729,1.19,90.26,8.56,1,486,High Risk,51-65,2023-07
USR1498,2022-11-01,48,Male,Master's,Salaried,Tier 2,77840,18773,11690,2990,5708,1570,1964,3024,1071,3285,4138,10616,323,61014,12688,16.3,78.38,5.32,1,557,Medium Risk,41-50,2022-11
USR1499,2023-05-01,34,Female,High School,Salaried,Tier 2,57441,19567,3688,3777,694,1550,3376,1605,1208,6319,8673,0,725,42509,6259,10.9,74.0,15.1,0,552,Medium Risk,31-40,2023-05
USR1500,2023-09-01,54,Male,Bachelor's,Salaried,Tier 2,72184,23105,4447,2574,6033,4538,1332,2086,490,10926,17226,0,2286,57817,0,0.0,80.1,23.86,0,527,High Risk,51-65,2023-09
USR1501,2024-10-01,27,Female,High School,Salaried,Tier 1,57734,10337,2867,3004,1645,5646,4416,3187,7247,4159,5193,16634,2355,61497,0,0.0,106.52,8.99,1,484,High Risk,22-30,2024-10
USR1502,2024-09-01,45,Male,Master's,Business Owner,Tier 2,76613,11948,8952,1194,3009,4522,3770,3775,1636,5380,16915,21013,1576,66775,0,0.0,87.16,22.08,1,511,High Risk,41-50,2024-09
USR1503,2024-05-01,40,Male,Bachelor's,Salaried,Tier 1,42833,14422,8084,1209,5735,8836,1266,4742,1012,6088,1593,2494,4606,58494,0,0.0,136.56,3.72,1,413,High Risk,31-40,2024-05
USR1504,2022-04-01,37,Male,Bachelor's,Salaried,Tier 1,64190,16390,10431,2514,4791,3134,2346,2927,526,12424,15022,12227,3661,71371,0,0.0,111.19,23.4,1,475,High Risk,31-40,2022-04
USR1505,2024-08-01,61,Female,High School,Self-Employed,Tier 1,46288,11922,7305,1348,2583,7788,905,4920,1151,5302,4055,0,4335,47559,0,0.0,102.75,8.76,0,464,High Risk,51-65,2024-08
USR1506,2022-11-01,49,Male,Bachelor's,Business Owner,Tier 1,72184,22098,10239,1448,6710,9492,2558,2063,209,5391,6852,8037,780,69025,0,0.0,95.62,9.49,1,507,High Risk,41-50,2022-11
USR1507,2024-02-01,54,Female,High School,Salaried,Tier 1,41394,8814,6049,606,5240,1985,5533,2553,623,13260,4789,7491,2193,54347,0,0.0,131.29,11.57,1,461,High Risk,51-65,2024-02
USR1508,2023-06-01,62,Male,Bachelor's,Salaried,Tier 3,57122,14073,5457,2991,3852,3323,3734,3096,1805,4025,10256,0,4725,47081,0,0.0,82.42,17.95,0,503,High Risk,51-65,2023-06
USR1509,2024-08-01,34,Male,Bachelor's,Salaried,Tier 1,61444,21120,5228,2224,5630,1172,4012,2701,1165,4017,11054,6091,4135,57495,0,0.0,93.57,17.99,1,482,High Risk,31-40,2024-08
USR1510,2024-03-01,64,Female,Master's,Freelancer,Tier 2,60327,17158,3248,2583,6349,4922,2670,1137,172,5277,7233,12287,656,56459,0,0.0,93.59,11.99,1,441,High Risk,51-65,2024-03
USR1511,2023-04-01,46,Male,Master's,Self-Employed,Tier 1,64509,11659,3167,1096,821,1914,4267,2280,1888,4689,8437,0,3000,34781,21291,33.0,53.92,13.08,0,656,Low Risk,41-50,2023-04
USR1512,2022-10-01,63,Male,Bachelor's,Business Owner,Tier 3,92864,16403,5490,654,6287,6615,3660,1955,1701,13523,696,0,1651,57939,34229,36.86,62.39,0.75,0,686,Low Risk,51-65,2022-10
USR1513,2024-10-01,57,Female,PhD,Student,Tier 2,28715,5480,3897,3740,2787,4394,3968,3590,446,7433,2184,0,403,36138,0,0.0,125.85,7.61,0,488,High Risk,51-65,2024-10
USR1514,2024-09-01,48,Male,Master's,Freelancer,Tier 1,62048,18821,4179,1295,5612,4346,2134,1416,1142,6637,5367,0,3026,48608,8073,13.01,78.34,8.65,0,591,Medium Risk,41-50,2024-09
USR1515,2022-10-01,59,Male,PhD,Self-Employed,Tier 2,70378,14714,7955,771,3631,9886,2519,1403,1738,14873,9830,18948,4413,80851,0,0.0,114.88,13.97,1,458,High Risk,51-65,2022-10
USR1516,2024-02-01,28,Male,Bachelor's,Self-Employed,Tier 2,61557,9496,4720,2070,5245,2524,3072,2090,6924,11221,8591,0,2052,49414,3552,5.77,80.27,13.96,0,556,High Risk,22-30,2024-02
USR1517,2024-01-01,26,Female,Bachelor's,Salaried,Tier 2,59507,20163,3943,1943,7205,1857,5421,3231,5237,6754,10561,5634,3665,65053,0,0.0,109.32,17.75,1,504,High Risk,22-30,2024-01
USR1518,2022-02-01,64,Female,High School,Student,Tier 1,23573,4336,7912,1707,2202,7976,409,590,1327,2413,4225,0,4245,33117,0,0.0,140.49,17.92,0,423,High Risk,51-65,2022-02
USR1519,2024-02-01,52,Female,Master's,Salaried,Tier 3,72361,10992,9686,2134,2712,8548,5034,2711,1783,11149,4255,6358,2643,63750,4356,6.02,88.1,5.88,1,512,High Risk,51-65,2024-02
USR1520,2023-08-01,44,Female,High School,Salaried,Tier 2,49564,9785,5696,1760,1330,1068,5341,3177,1177,7835,9543,0,2252,39421,600,1.21,79.54,19.25,0,506,High Risk,41-50,2023-08
USR1521,2022-03-01,63,Male,Bachelor's,Freelancer,Tier 1,47903,9437,4825,2438,688,6990,3007,3946,322,14377,234,10214,4803,61047,0,0.0,127.44,0.49,1,471,High Risk,51-65,2022-03
USR1522,2024-08-01,31,Male,Bachelor's,Salaried,Tier 2,61083,14317,10414,2032,6106,7969,4454,298,1560,1650,10936,8947,2392,60139,0,0.0,98.45,17.9,1,433,High Risk,31-40,2024-08
USR1523,2022-01-01,53,Female,Bachelor's,Self-Employed,Tier 2,59913,20015,3746,3528,4552,2445,4162,2395,976,14801,1528,10945,2909,70474,0,0.0,117.63,2.55,1,507,High Risk,51-65,2022-01
USR1524,2023-12-01,64,Male,Bachelor's,Self-Employed,Tier 3,46561,15171,2529,621,591,9038,5036,4865,444,12550,8493,9924,1382,62151,0,0.0,133.48,18.24,1,447,High Risk,51-65,2023-12
USR1525,2024-09-01,51,Male,High School,Salaried,Tier 2,54765,13219,8384,1940,4377,907,2153,1201,341,4637,7216,3461,3028,43648,3901,7.12,79.7,13.18,1,524,High Risk,51-65,2024-09
USR1526,2024-11-01,60,Male,Bachelor's,Business Owner,Tier 2,83162,19308,10325,1898,2411,4728,2590,1770,220,4636,9090,10248,1158,59292,14780,17.77,71.3,10.93,1,569,Medium Risk,51-65,2024-11
USR1527,2023-05-01,52,Male,Bachelor's,Salaried,Tier 1,63264,16512,6486,3897,2836,9305,5719,4598,109,8229,10923,0,4274,61965,0,0.0,97.95,17.27,0,524,High Risk,51-65,2023-05
USR1528,2024-09-01,39,Other,PhD,Salaried,Tier 3,87775,17440,2101,2003,7742,7631,3725,3829,409,2010,798,10238,2258,59386,27591,31.43,67.66,0.91,1,571,Low Risk,31-40,2024-09
USR1529,2022-11-01,57,Male,Master's,Self-Employed,Tier 2,69192,11100,5723,649,2080,8797,4994,1263,1441,12662,3865,0,268,48977,16350,23.63,70.78,5.59,0,596,Low Risk,51-65,2022-11
USR1530,2023-11-01,23,Female,PhD,Freelancer,Tier 1,61940,20926,4728,1206,1908,2718,3414,838,5348,14482,9545,4439,1837,61844,0,0.0,99.85,15.41,1,498,High Risk,22-30,2023-11
USR1531,2024-08-01,35,Male,Master's,Freelancer,Tier 1,56733,10628,4545,3542,7720,8211,2644,2942,504,4415,12016,14208,401,59760,0,0.0,105.34,21.18,1,479,High Risk,31-40,2024-08
USR1532,2023-07-01,34,Other,Bachelor's,Salaried,Tier 1,65365,12398,4558,2115,674,4857,2783,1342,1800,6825,6227,18161,465,55978,3160,4.83,85.64,9.53,1,474,High Risk,31-40,2023-07
USR1533,2022-12-01,50,Male,High School,Self-Employed,Tier 3,51226,12524,8846,2013,6292,993,340,2320,39,3752,3313,0,3325,40444,7469,14.58,78.95,6.47,0,556,Medium Risk,41-50,2022-12
USR1534,2024-04-01,33,Male,Master's,Salaried,Tier 1,55394,13755,2948,2700,973,4368,4535,751,1532,12441,7183,0,438,44441,3770,6.81,80.23,12.97,0,519,High Risk,31-40,2024-04
USR1535,2022-02-01,60,Female,Bachelor's,Student,Tier 2,20587,3163,11760,3588,6530,4885,491,3475,1482,9435,3202,0,490,45299,0,0.0,220.04,15.55,0,392,High Risk,51-65,2022-02
USR1536,2022-10-01,23,Female,Bachelor's,Salaried,Tier 1,51124,9181,6936,3098,3932,5933,3064,1176,4102,11457,5369,0,3594,52473,0,0.0,102.64,10.5,0,469,High Risk,22-30,2022-10
USR1537,2023-07-01,53,Male,Bachelor's,Freelancer,Tier 2,58226,13137,4053,1344,769,6728,4377,4391,1693,4438,12761,0,2008,42938,2527,4.34,73.74,21.92,0,546,High Risk,51-65,2023-07
USR1538,2024-04-01,34,Male,Bachelor's,Salaried,Tier 2,62513,17925,2193,3919,2544,1938,2807,3550,1141,3011,8180,0,2289,41317,13016,20.82,66.09,13.09,0,614,Low Risk,31-40,2024-04
USR1539,2022-08-01,48,Male,Bachelor's,Salaried,Tier 3,61453,12025,10933,3773,7050,1852,4136,3414,1473,1573,550,10846,1154,58229,2674,4.35,94.75,0.89,1,539,High Risk,41-50,2022-08
USR1540,2023-11-01,62,Male,Bachelor's,Self-Employed,Tier 2,63174,14820,9304,3994,3695,8736,3117,3747,1791,14219,3522,18266,4928,86617,0,0.0,137.11,5.58,1,435,High Risk,51-65,2023-11
USR1541,2024-06-01,38,Male,High School,Business Owner,Tier 3,75378,19709,4959,2827,1193,5410,2418,3131,1437,11909,8492,6336,2130,61459,5427,7.2,81.53,11.27,1,541,High Risk,31-40,2024-06
USR1542,2024-04-01,61,Female,Master's,Self-Employed,Tier 2,53970,17686,10174,2969,4971,2880,1997,4269,707,13085,9414,15835,4280,78853,0,0.0,146.11,17.44,1,467,High Risk,51-65,2024-04
USR1543,2023-01-01,52,Male,High School,Student,Tier 1,14432,3105,4923,3540,1915,5060,1176,4185,1849,2692,792,2312,483,31240,0,0.0,216.46,5.49,1,364,High Risk,51-65,2023-01
USR1544,2022-12-01,55,Male,High School,Self-Employed,Tier 1,45318,8008,5239,2476,6825,699,779,4341,822,8707,11060,13062,1006,51964,0,0.0,114.67,24.41,1,439,High Risk,51-65,2022-12
USR1545,2022-10-01,45,Female,Bachelor's,Self-Employed,Tier 2,42043,10420,5865,2335,2583,4924,2773,545,1549,7883,3348,6923,2106,47906,0,0.0,113.95,7.96,1,433,High Risk,41-50,2022-10
USR1546,2023-05-01,56,Other,Master's,Salaried,Tier 3,64477,19300,10229,1303,1735,8347,2789,3142,460,12245,8583,0,2876,62426,0,0.0,96.82,13.31,0,505,High Risk,51-65,2023-05
USR1547,2022-01-01,27,Female,Bachelor's,Business Owner,Tier 3,78531,13505,11890,854,4467,5297,3483,1276,1827,5671,372,19726,3771,71767,6392,8.14,91.39,0.47,1,531,High Risk,22-30,2022-01
USR1548,2023-10-01,40,Male,Bachelor's,Salaried,Tier 1,62080,14584,6566,2105,2471,7300,1999,1371,216,8798,13733,14319,4871,64600,0,0.0,104.06,22.12,1,507,High Risk,31-40,2023-10
USR1549,2023-03-01,51,Male,Bachelor's,Business Owner,Tier 1,68142,10463,8595,877,633,8026,1661,3970,1740,4814,13438,0,3959,44738,9966,14.63,65.65,19.72,0,601,Medium Risk,51-65,2023-03
USR1550,2023-04-01,28,Female,Bachelor's,Business Owner,Tier 1,89213,13980,7609,3695,3412,6520,4617,3361,5834,6980,4359,13760,4269,74037,10817,12.12,82.99,4.89,1,521,Medium Risk,22-30,2023-04
USR1551,2023-08-01,31,Male,PhD,Student,Tier 3,36183,8922,5213,2627,5519,3268,4268,432,1444,11660,8441,0,1818,45171,0,0.0,124.84,23.33,0,457,High Risk,31-40,2023-08
USR1552,2022-10-01,62,Male,PhD,Self-Employed,Tier 3,70300,14737,7108,2080,5285,2907,3147,3998,891,13158,5550,0,1008,54319,10431,14.84,77.27,7.89,0,602,Medium Risk,51-65,2022-10
USR1553,2024-02-01,53,Female,Bachelor's,Freelancer,Tier 3,51205,16335,3783,1487,6297,5997,913,4346,1195,11737,8860,2685,3986,58761,0,0.0,114.76,17.3,1,449,High Risk,51-65,2024-02
USR1554,2023-11-01,55,Female,Bachelor's,Freelancer,Tier 2,41695,11275,10294,732,6625,4291,2623,4960,389,3357,8536,0,1141,45687,0,0.0,109.57,20.47,0,485,High Risk,51-65,2023-11
USR1555,2023-05-01,49,Female,Master's,Salaried,Tier 2,73650,17733,7830,653,7134,3793,2090,4107,1049,4849,13642,0,239,49477,10531,14.3,67.18,18.52,0,548,Medium Risk,41-50,2023-05
USR1556,2024-10-01,36,Male,High School,Self-Employed,Tier 2,45063,10436,7831,1406,6468,3346,3767,3899,1151,1928,10337,0,1538,41770,0,0.0,92.69,22.94,0,521,High Risk,31-40,2024-10
USR1557,2023-10-01,51,Male,Bachelor's,Salaried,Tier 1,55827,13925,2041,3980,1340,8342,5575,650,373,7223,12062,13968,4852,62269,0,0.0,111.54,21.61,1,431,High Risk,51-65,2023-10
USR1558,2022-04-01,58,Other,Bachelor's,Self-Employed,Tier 2,60587,9578,8209,3602,5583,7008,1878,1562,653,10700,15065,0,1521,50294,0,0.0,83.01,24.87,0,486,High Risk,51-65,2022-04
USR1559,2022-07-01,50,Male,PhD,Salaried,Tier 1,88933,29219,3061,2120,1961,3811,2347,550,903,14510,4060,21142,1854,81478,3395,3.82,91.62,4.57,1,545,High Risk,41-50,2022-07
USR1560,2022-05-01,43,Female,High School,Salaried,Tier 1,60798,21258,11868,2918,5434,626,1117,2896,1047,7279,4632,0,3268,57711,0,0.0,94.92,7.62,0,551,High Risk,41-50,2022-05
USR1561,2024-07-01,25,Female,Bachelor's,Salaried,Tier 3,70383,13112,5689,822,7713,6106,2466,1508,6262,11793,11194,20494,4938,80903,0,0.0,114.95,15.9,1,477,High Risk,22-30,2024-07
USR1562,2023-07-01,41,Female,Master's,Salaried,Tier 3,65834,11460,9595,831,7311,8194,2724,4204,743,14100,12064,17506,594,77262,0,0.0,117.36,18.32,1,476,High Risk,41-50,2023-07
USR1563,2022-04-01,53,Male,Bachelor's,Self-Employed,Tier 2,43219,7723,8807,742,3972,3819,2006,3125,422,13772,5776,0,991,45379,0,0.0,105.0,13.36,0,508,High Risk,51-65,2022-04
USR1564,2023-10-01,57,Male,High School,Salaried,Tier 2,66921,18885,5997,929,7663,9173,4251,4878,1200,12328,1236,0,3833,69137,0,0.0,103.31,1.85,0,521,High Risk,51-65,2023-10
USR1565,2022-03-01,25,Female,PhD,Self-Employed,Tier 2,86436,24399,2325,1705,7075,5931,759,444,2735,12163,18186,0,2144,59680,8570,9.91,69.05,21.04,0,574,High Risk,22-30,2022-03
USR1566,2023-11-01,48,Female,Bachelor's,Salaried,Tier 2,75342,24078,9205,3356,6047,4878,828,4845,1770,8356,18098,14253,943,78559,0,0.0,104.27,24.02,1,483,High Risk,41-50,2023-11
USR1567,2022-04-01,38,Female,Bachelor's,Self-Employed,Tier 3,53313,16013,3120,1996,5343,7669,3266,4934,830,11723,5404,0,4572,59466,0,0.0,111.54,10.14,0,466,High Risk,31-40,2022-04
USR1568,2023-12-01,33,Male,Bachelor's,Self-Employed,Tier 3,46762,11219,2107,2923,3375,2621,5648,4879,1561,7800,2628,0,393,42526,1608,3.44,90.94,5.62,0,516,High Risk,31-40,2023-12
USR1569,2023-02-01,43,Male,Bachelor's,Self-Employed,Tier 2,47474,12940,8294,580,7160,3635,2111,2473,1289,7145,229,0,4474,50101,0,0.0,105.53,0.48,0,492,High Risk,41-50,2023-02
USR1570,2022-03-01,38,Female,Bachelor's,Freelancer,Tier 1,34530,9932,7193,2073,3009,6990,3962,640,972,8170,2048,0,4097,47038,0,0.0,136.22,5.93,0,457,High Risk,31-40,2022-03
USR1571,2023-09-01,31,Female,High School,Salaried,Tier 1,54140,13672,9224,919,1465,6640,3751,3745,1897,3421,9473,0,417,45151,0,0.0,83.4,17.5,0,492,High Risk,31-40,2023-09
USR1572,2024-02-01,22,Female,High School,Freelancer,Tier 2,52845,12953,10526,966,6522,738,2008,1667,2780,8666,12043,14233,3782,64841,0,0.0,122.7,22.79,1,443,High Risk,22-30,2024-02
USR1573,2022-01-01,43,Male,Master's,Salaried,Tier 1,68866,19214,4039,3999,2538,1920,2586,611,569,7744,1609,19160,4852,67232,25,0.04,97.63,2.34,1,502,High Risk,41-50,2022-01
USR1574,2024-06-01,47,Female,Bachelor's,Self-Employed,Tier 3,58418,15276,2803,1580,6824,840,2095,1013,1293,13137,8080,8454,3690,57005,0,0.0,97.58,13.83,1,497,High Risk,41-50,2024-06
USR1575,2022-04-01,39,Female,High School,Self-Employed,Tier 1,59004,16449,2766,3893,4740,8020,4130,4541,1352,14895,10259,8445,3015,72246,0,0.0,122.44,17.39,1,461,High Risk,31-40,2022-04
USR1576,2023-02-01,35,Female,Bachelor's,Salaried,Tier 1,59767,16290,5527,2500,2350,5487,1206,4878,1478,14266,4129,9065,4103,67150,0,0.0,112.35,6.91,1,464,High Risk,31-40,2023-02
USR1577,2023-06-01,50,Male,Master's,Freelancer,Tier 2,71284,20946,4306,2065,7932,4575,248,1930,1318,1378,10156,10261,4123,59082,2046,2.87,82.88,14.25,1,491,High Risk,41-50,2023-06
USR1578,2022-12-01,33,Male,High School,Self-Employed,Tier 3,63936,17810,3488,2018,1234,5912,2050,2174,121,11204,11432,13845,1985,61841,0,0.0,96.72,17.88,1,504,High Risk,31-40,2022-12
USR1579,2024-12-01,57,Female,Bachelor's,Salaried,Tier 1,61951,15732,6129,3837,2953,9424,2129,749,158,9002,12974,8647,4372,63132,0,0.0,101.91,20.94,1,481,High Risk,51-65,2024-12
USR1580,2023-04-01,56,Male,High School,Salaried,Tier 2,50379,14426,4373,3798,7456,3978,2332,2137,1201,9806,5699,2775,4894,57176,0,0.0,113.49,11.31,1,470,High Risk,51-65,2023-04
USR1581,2022-01-01,33,Male,High School,Salaried,Tier 2,60577,14532,11028,3376,3516,8853,1725,403,1679,1821,11325,9677,4033,60643,0,0.0,100.11,18.7,1,487,High Risk,31-40,2022-01
USR1582,2022-03-01,28,Female,High School,Student,Tier 1,12219,2423,5309,2535,3502,8170,5865,4646,4722,12088,921,0,1382,50642,0,0.0,414.45,7.54,0,300,High Risk,22-30,2022-03
USR1583,2024-11-01,50,Male,Master's,Freelancer,Tier 2,45747,6875,8834,1303,7127,2995,528,4614,1903,4875,2436,0,723,39777,3534,7.73,86.95,5.32,0,502,High Risk,41-50,2024-11
USR1584,2023-03-01,32,Female,High School,Salaried,Tier 2,65249,17094,7735,1577,7125,8362,2857,3788,306,9658,3055,0,3496,61998,196,0.3,95.02,4.68,0,498,High Risk,31-40,2023-03
USR1585,2023-04-01,54,Male,High School,Salaried,Tier 2,64731,17356,6834,2132,7904,8552,4729,2736,1934,11881,5807,6569,4679,75306,0,0.0,116.34,8.97,1,499,High Risk,51-65,2023-04
USR1586,2023-05-01,27,Female,Bachelor's,Self-Employed,Tier 3,57244,19715,8990,2484,6982,8823,787,306,980,9386,513,0,568,59021,0,0.0,103.1,0.9,0,491,High Risk,22-30,2023-05
USR1587,2024-10-01,36,Other,Master's,Business Owner,Tier 1,76897,17093,5983,3525,2815,2357,5568,4011,750,5505,5440,9184,4583,61374,10083,13.11,79.81,7.07,1,538,Medium Risk,31-40,2024-10
USR1588,2022-10-01,53,Male,Bachelor's,Salaried,Tier 1,53163,12165,5768,503,4503,9934,3405,2901,1061,11306,8668,10681,598,62825,0,0.0,118.17,16.3,1,441,High Risk,51-65,2022-10
USR1589,2022-11-01,32,Male,Bachelor's,Salaried,Tier 3,63857,12155,3504,3881,2813,9363,1798,4097,1896,8962,10343,19011,2351,69831,0,0.0,109.36,16.2,1,454,High Risk,31-40,2022-11
USR1590,2024-04-01,44,Male,High School,Business Owner,Tier 2,68001,11159,8793,2402,5123,1004,4051,2419,590,6136,1250,0,4080,45757,20994,30.87,67.29,1.84,0,611,Low Risk,41-50,2024-04
USR1591,2024-03-01,47,Male,Bachelor's,Salaried,Tier 2,60271,18356,4450,1102,3663,7967,2672,4136,1880,5720,4330,12760,326,63032,0,0.0,104.58,7.18,1,511,High Risk,41-50,2024-03
USR1592,2023-06-01,55,Female,Bachelor's,Salaried,Tier 3,71175,14230,4033,3660,3819,2656,3017,4290,1862,10103,10134,19916,2287,69873,0,0.0,98.17,14.24,1,505,High Risk,51-65,2023-06
USR1593,2024-06-01,55,Female,Bachelor's,Student,Tier 1,28865,7844,10002,2867,7686,9953,4807,1157,345,14097,2298,0,3343,62101,0,0.0,215.14,7.96,0,410,High Risk,51-65,2024-06
USR1594,2023-01-01,50,Male,Bachelor's,Self-Employed,Tier 2,67025,19273,11891,1898,7515,8984,1608,2775,1275,3527,7003,6141,1970,66857,0,0.0,99.75,10.45,1,508,High Risk,41-50,2023-01
USR1595,2023-04-01,25,Male,Bachelor's,Salaried,Tier 1,55075,13451,8019,1000,3961,5423,5707,2567,1366,3624,9814,6647,4253,56018,0,0.0,101.71,17.82,1,471,High Risk,22-30,2023-04
USR1596,2022-02-01,38,Male,High School,Salaried,Tier 1,52254,16996,3307,2185,6007,9751,1211,1260,148,2253,121,0,446,43564,8569,16.4,83.37,0.23,0,586,Medium Risk,31-40,2022-02
USR1597,2023-08-01,56,Female,Bachelor's,Salaried,Tier 1,69071,16491,2975,3805,7569,6054,5768,2746,1039,13628,4772,14591,3518,78184,0,0.0,113.19,6.91,1,526,High Risk,51-65,2023-08
USR1598,2022-12-01,34,Male,High School,Salaried,Tier 3,58584,12125,6939,3908,5714,6238,4859,3936,1390,10513,2085,2996,2281,60899,0,0.0,103.95,3.56,1,497,High Risk,31-40,2022-12
USR1599,2024-05-01,62,Female,Master's,Business Owner,Tier 1,99259,32676,5733,3118,929,3295,4598,3966,834,8686,3166,26139,2257,92231,3862,3.89,92.92,3.19,1,536,High Risk,51-65,2024-05
USR1600,2022-08-01,60,Female,PhD,Salaried,Tier 2,80364,25902,10551,684,7438,9893,4244,1872,1856,5599,19268,5547,3189,76775,0,0.0,95.53,23.98,1,516,High Risk,51-65,2022-08
USR1601,2023-08-01,36,Female,PhD,Freelancer,Tier 3,76784,14036,4223,3103,3488,7400,1529,601,780,4835,7228,21128,3797,64920,4636,6.04,84.55,9.41,1,522,High Risk,31-40,2023-08
USR1602,2024-11-01,50,Male,Master's,Business Owner,Tier 2,91320,14172,2484,3751,4296,2660,2804,801,117,3785,12033,26241,539,61650,17637,19.31,67.51,13.18,1,548,Medium Risk,41-50,2024-11
USR1603,2024-07-01,50,Female,Bachelor's,Salaried,Tier 2,71497,12011,3428,3647,5656,7833,2223,3199,703,14427,13116,21272,2928,77327,0,0.0,108.15,18.34,1,474,High Risk,41-50,2024-07
USR1604,2023-04-01,32,Male,Master's,Salaried,Tier 2,67411,13974,4080,3440,6012,8171,4707,4513,316,9052,799,0,1791,56056,10556,15.66,83.16,1.19,0,553,Medium Risk,31-40,2023-04
USR1605,2023-11-01,53,Male,Bachelor's,Self-Employed,Tier 1,56114,19328,2695,1795,2096,6721,5945,4481,287,12127,3381,0,3361,58836,0,0.0,104.85,6.03,0,490,High Risk,51-65,2023-11
USR1606,2024-10-01,23,Female,Bachelor's,Business Owner,Tier 2,87287,22843,8300,554,3862,9410,3385,3652,6126,9425,18158,0,1508,69065,64,0.07,79.12,20.8,0,583,High Risk,22-30,2024-10
USR1607,2024-08-01,35,Female,Bachelor's,Business Owner,Tier 2,92903,20870,6660,2224,6493,9569,4803,3834,1374,1351,20020,9367,4829,71374,1509,1.62,76.83,21.55,1,551,High Risk,31-40,2024-08
USR1608,2023-05-01,41,Male,Bachelor's,Salaried,Tier 3,68833,22559,2201,3410,2850,3767,4351,487,296,1359,6417,0,3538,44818,17598,25.57,65.11,9.32,0,621,Low Risk,41-50,2023-05
USR1609,2023-12-01,43,Male,Master's,Freelancer,Tier 3,54334,13074,11390,2370,2279,4997,2793,287,1217,13488,5091,7017,2898,61810,0,0.0,113.76,9.37,1,483,High Risk,41-50,2023-12
USR1610,2024-11-01,32,Male,Bachelor's,Self-Employed,Tier 3,67018,14278,11459,576,4488,7476,3541,2405,1415,1850,12681,8826,3323,59637,0,0.0,88.99,18.92,1,454,High Risk,31-40,2024-11
USR1611,2023-11-01,48,Male,Bachelor's,Business Owner,Tier 3,62464,21128,10265,2843,2948,8755,395,3167,442,12776,4607,17453,2497,82669,0,0.0,132.35,7.38,1,480,High Risk,41-50,2023-11
USR1612,2022-08-01,24,Male,PhD,Salaried,Tier 2,65622,20992,10287,3790,3370,3199,1990,4450,7114,11575,1920,0,2253,69020,0,0.0,105.18,2.93,0,531,High Risk,22-30,2022-08
USR1613,2023-11-01,38,Male,High School,Self-Employed,Tier 2,53453,17037,5477,3848,6987,6044,5976,3734,900,12239,3441,0,1709,63951,0,0.0,119.64,6.44,0,448,High Risk,31-40,2023-11
USR1614,2023-09-01,49,Male,Bachelor's,Business Owner,Tier 3,80112,20224,4202,2101,3410,872,1306,419,300,5418,7757,0,4007,42259,30096,37.57,52.75,9.68,0,681,Low Risk,41-50,2023-09
USR1615,2023-07-01,50,Female,PhD,Salaried,Tier 2,81844,25198,9490,2171,5113,4527,2989,1682,897,6230,1068,0,212,58509,22267,27.21,71.49,1.3,0,599,Low Risk,41-50,2023-07
USR1616,2024-07-01,42,Female,Bachelor's,Self-Employed,Tier 3,56515,10504,10449,3293,5996,8997,2384,3438,425,12884,6763,11975,4234,74579,0,0.0,131.96,11.97,1,421,High Risk,41-50,2024-07
USR1617,2022-07-01,37,Female,Bachelor's,Salaried,Tier 2,67567,17881,8317,2234,4760,3014,738,521,249,826,12500,14685,1780,55005,62,0.09,81.41,18.5,1,523,High Risk,31-40,2022-07
USR1618,2023-12-01,58,Male,Bachelor's,Salaried,Tier 2,56484,19586,6425,3837,7680,1431,4984,2938,1957,2620,7254,0,3633,55091,0,0.0,97.53,12.84,0,487,High Risk,51-65,2023-12
USR1619,2022-08-01,41,Female,Bachelor's,Salaried,Tier 2,67563,14066,7350,3447,2572,7971,918,2036,1766,1493,1214,5422,4833,51874,14475,21.42,76.78,1.8,1,549,Low Risk,41-50,2022-08
USR1620,2023-01-01,27,Female,Master's,Student,Tier 3,37955,11723,4806,2590,4307,2490,4195,2759,4673,5875,4176,6852,2251,52521,0,0.0,138.38,11.0,1,458,High Risk,22-30,2023-01
USR1621,2022-03-01,40,Female,Bachelor's,Salaried,Tier 1,72764,18052,9163,1884,5742,4156,505,1768,685,2266,12895,0,4076,48297,11572,15.9,66.37,17.72,0,581,Medium Risk,31-40,2022-03
USR1622,2024-10-01,26,Female,Bachelor's,Self-Employed,Tier 2,72108,11390,2185,1751,4724,7290,5630,2522,6268,13781,1047,15072,2023,72636,0,0.0,100.73,1.45,1,488,High Risk,22-30,2024-10
USR1623,2023-01-01,24,Female,High School,Freelancer,Tier 2,41952,12694,10070,2774,3364,9053,587,4920,5331,13120,627,0,3630,65543,0,0.0,156.23,1.49,0,459,High Risk,22-30,2023-01
USR1624,2024-08-01,22,Female,High School,Salaried,Tier 1,57191,10506,10334,1586,6253,5883,924,3163,5029,9872,5298,3104,2940,59594,0,0.0,104.2,9.26,1,482,High Risk,22-30,2024-08
USR1625,2024-11-01,59,Male,PhD,Self-Employed,Tier 3,57814,15973,9050,670,4118,1215,5210,552,1639,2464,2817,3764,1988,46643,8354,14.45,80.68,4.87,1,526,Medium Risk,51-65,2024-11
USR1626,2023-09-01,36,Female,Bachelor's,Freelancer,Tier 2,43748,7311,10831,3510,1517,9234,2796,1228,800,7101,10223,0,2152,46480,0,0.0,106.24,23.37,0,492,High Risk,31-40,2023-09
USR1627,2022-01-01,55,Female,Bachelor's,Business Owner,Tier 2,78455,26625,4074,3309,5190,2047,2635,4770,243,3281,11402,10654,2904,65732,1321,1.68,83.78,14.53,1,501,High Risk,51-65,2022-01
USR1628,2022-02-01,56,Female,High School,Self-Employed,Tier 1,56402,11751,9654,3397,1832,8492,2540,2209,1823,7519,4051,0,1151,50368,1983,3.52,89.3,7.18,0,529,High Risk,51-65,2022-02
USR1629,2024-02-01,46,Female,Master's,Freelancer,Tier 2,50111,9786,2201,2854,2983,1151,378,1127,366,3405,8829,7843,4923,37017,4265,8.51,73.87,17.62,1,514,High Risk,41-50,2024-02
USR1630,2022-03-01,45,Male,PhD,Salaried,Tier 2,83370,14658,7710,2273,681,1550,2103,229,1808,8790,7814,7891,3620,51313,24243,29.08,61.55,9.37,1,647,Low Risk,41-50,2022-03
USR1631,2023-12-01,33,Male,Bachelor's,Student,Tier 2,22987,7797,5165,3115,6207,5242,1904,2740,119,11471,759,5627,3227,52614,0,0.0,228.89,3.3,1,370,High Risk,31-40,2023-12
USR1632,2024-02-01,39,Female,High School,Salaried,Tier 1,53582,15666,4102,3539,7259,5544,3583,4019,849,743,3177,0,3301,48605,1800,3.36,90.71,5.93,0,514,High Risk,31-40,2024-02
USR1633,2022-08-01,36,Female,Bachelor's,Freelancer,Tier 3,49991,14913,11102,2581,5339,5556,4375,694,1463,4537,8032,0,4160,54720,0,0.0,109.46,16.07,0,500,High Risk,31-40,2022-08
USR1634,2022-08-01,37,Female,Master's,Salaried,Tier 2,66870,16709,3571,1326,2338,9494,4742,4683,1794,8438,867,11891,3788,68774,0,0.0,102.85,1.3,1,504,High Risk,31-40,2022-08
USR1635,2023-06-01,48,Male,Bachelor's,Student,Tier 2,19567,4792,7125,2165,6686,7761,5061,1072,1527,10192,1333,5642,4045,56068,0,0.0,286.54,6.81,1,324,High Risk,41-50,2023-06
USR1636,2023-06-01,29,Male,Master's,Freelancer,Tier 2,41361,7114,8697,629,2951,2180,5384,1034,351,14252,2153,7605,1347,51544,0,0.0,124.62,5.21,1,451,High Risk,22-30,2023-06
USR1637,2022-12-01,46,Female,Bachelor's,Freelancer,Tier 2,46016,12054,7169,1917,2452,4022,5691,3524,432,5994,2313,0,3717,46972,0,0.0,102.08,5.03,0,444,High Risk,41-50,2022-12
USR1638,2024-12-01,38,Female,Master's,Salaried,Tier 2,66160,13191,4159,1674,5200,2557,4865,829,182,3209,11292,5658,3258,44782,10086,15.24,67.69,17.07,1,542,Medium Risk,31-40,2024-12
USR1639,2022-02-01,50,Female,Bachelor's,Salaried,Tier 2,58872,20336,3329,3202,7299,3221,295,3186,1484,11745,12154,15633,1617,71347,0,0.0,121.19,20.64,1,489,High Risk,41-50,2022-02
USR1640,2023-08-01,29,Male,High School,Self-Employed,Tier 2,51334,15878,5613,3177,6385,5321,5852,229,5291,13154,9187,0,4109,65009,0,0.0,126.64,17.9,0,473,High Risk,22-30,2023-08
USR1641,2022-03-01,36,Female,Bachelor's,Freelancer,Tier 2,53269,12390,10652,1907,6209,3063,1483,3982,1141,11918,8599,2965,4945,60655,0,0.0,113.87,16.14,1,469,High Risk,31-40,2022-03
USR1642,2024-10-01,48,Male,Bachelor's,Salaried,Tier 2,64857,11691,10998,1540,762,702,447,1006,30,8201,14859,0,3889,39266,10732,16.55,60.54,22.91,0,573,Medium Risk,41-50,2024-10
USR1643,2022-06-01,28,Female,PhD,Student,Tier 1,44963,13806,5699,1093,6713,1441,1181,2168,3122,14269,656,0,2972,52464,0,0.0,116.68,1.46,0,469,High Risk,22-30,2022-06
USR1644,2022-10-01,24,Male,Master's,Business Owner,Tier 2,91604,15976,8027,1537,1160,1088,4563,3668,4876,8295,3835,0,3028,52218,35551,38.81,57.0,4.19,0,698,Low Risk,22-30,2022-10
USR1645,2023-12-01,50,Male,Master's,Salaried,Tier 1,67639,12707,4273,2628,1815,9262,5959,3780,527,14948,7007,19516,2369,77784,0,0.0,115.0,10.36,1,459,High Risk,41-50,2023-12
USR1646,2023-06-01,45,Female,Bachelor's,Business Owner,Tier 1,76297,14672,10250,3778,7881,8887,1765,2160,1296,7588,7104,6504,2449,67230,1963,2.57,88.12,9.31,1,515,High Risk,41-50,2023-06
USR1647,2024-09-01,24,Female,High School,Self-Employed,Tier 3,50502,13200,6823,703,3419,9109,2341,4539,932,1547,5278,11111,4058,57782,0,0.0,114.42,10.45,1,469,High Risk,22-30,2024-09
USR1648,2022-07-01,41,Male,Master's,Self-Employed,Tier 2,67590,20777,11347,3950,5417,2142,935,420,1408,4878,3488,0,1825,53099,11003,16.28,78.56,5.16,0,560,Medium Risk,41-50,2022-07
USR1649,2024-05-01,36,Female,Bachelor's,Salaried,Tier 2,74182,15790,9075,2307,2694,1865,3587,1543,1903,10007,2772,0,2949,51720,19690,26.54,69.72,3.74,0,622,Low Risk,31-40,2024-05
USR1650,2023-07-01,46,Male,Bachelor's,Self-Employed,Tier 2,65529,10939,2497,2067,2572,8056,2859,4826,101,10078,8341,16043,2805,62843,0,0.0,95.9,12.73,1,468,High Risk,41-50,2023-07
USR1651,2024-01-01,51,Male,Bachelor's,Freelancer,Tier 3,43668,10607,8959,522,5942,508,648,2462,1095,7044,10131,6303,2047,46137,0,0.0,105.65,23.2,1,471,High Risk,51-65,2024-01
USR1652,2023-05-01,35,Male,High School,Salaried,Tier 2,54183,16234,8210,3161,2519,1031,2035,2614,1728,7211,5309,2805,778,48326,548,1.01,89.19,9.8,1,456,High Risk,31-40,2023-05
USR1653,2022-03-01,28,Male,Bachelor's,Self-Employed,Tier 3,61368,11925,9126,3733,7776,1535,4915,2361,860,7721,665,0,1336,51288,9415,15.34,83.57,1.08,0,558,Medium Risk,22-30,2022-03
USR1654,2023-12-01,38,Female,Bachelor's,Freelancer,Tier 2,56543,10968,5976,2133,3240,2117,813,4320,622,12612,9982,6051,3610,52462,0,0.0,92.78,17.65,1,475,High Risk,31-40,2023-12
USR1655,2023-06-01,41,Male,High School,Freelancer,Tier 3,47511,16127,8420,2691,6894,7222,1633,3181,804,10429,3457,10491,3333,71225,0,0.0,149.91,7.28,1,464,High Risk,41-50,2023-06
USR1656,2024-02-01,57,Female,PhD,Salaried,Tier 3,76488,26069,3607,603,7125,4216,5828,1057,407,9113,4686,7542,2474,68041,3761,4.92,88.96,6.13,1,519,High Risk,51-65,2024-02
USR1657,2023-09-01,30,Female,Bachelor's,Business Owner,Tier 3,69967,24355,10912,1905,7358,6575,1076,972,1370,7492,5671,18230,2421,82666,0,0.0,118.15,8.11,1,499,High Risk,22-30,2023-09
USR1658,2022-11-01,59,Male,High School,Self-Employed,Tier 1,40008,12463,3274,1978,1315,1576,2775,2692,1875,8562,7239,4671,1357,42538,0,0.0,106.32,18.09,1,467,High Risk,51-65,2022-11
USR1659,2023-05-01,43,Female,Bachelor's,Salaried,Tier 1,65181,12230,2690,3988,5277,8103,1333,219,1390,4301,13342,9663,4058,53252,0,0.0,81.7,20.47,1,505,High Risk,41-50,2023-05
USR1660,2023-09-01,23,Male,Master's,Salaried,Tier 1,72737,13994,6023,2871,6818,4515,5070,1005,2596,5862,10693,9056,1849,59659,2385,3.28,82.02,14.7,1,504,High Risk,22-30,2023-09
USR1661,2022-04-01,45,Female,Bachelor's,Self-Employed,Tier 1,47210,10293,9247,1694,3918,7629,871,1580,788,5973,3806,9960,4864,56817,0,0.0,120.35,8.06,1,477,High Risk,41-50,2022-04
USR1662,2024-08-01,29,Male,Bachelor's,Business Owner,Tier 3,80356,17166,5437,1075,5789,3462,1830,2375,7121,10103,6237,0,4572,58930,15189,18.9,73.34,7.76,0,593,Medium Risk,22-30,2024-08
USR1663,2023-06-01,32,Male,High School,Salaried,Tier 1,60049,20495,4355,2106,4597,5340,3518,2605,548,11941,1866,10179,1786,67470,0,0.0,112.36,3.11,1,439,High Risk,31-40,2023-06
USR1664,2024-04-01,34,Male,High School,Freelancer,Tier 1,30790,9477,7581,773,4217,1412,560,3563,290,5070,7184,4113,2158,39214,0,0.0,127.36,23.33,1,432,High Risk,31-40,2024-04
USR1665,2024-12-01,38,Male,Bachelor's,Salaried,Tier 1,71839,21178,2749,951,5234,4649,2592,3626,421,2952,11460,0,2523,46875,13504,18.8,65.25,15.95,0,604,Medium Risk,31-40,2024-12
USR1666,2024-02-01,29,Male,Master's,Self-Employed,Tier 1,59979,11227,5051,3428,4129,4570,4101,1080,6943,2583,404,4099,433,47644,11931,19.89,79.43,0.67,1,517,Medium Risk,22-30,2024-02
USR1667,2023-12-01,42,Female,Master's,Student,Tier 1,40060,13296,9763,624,3253,6199,997,3308,654,13145,6633,10312,1465,63016,0,0.0,157.3,16.56,1,413,High Risk,41-50,2023-12
USR1668,2022-10-01,39,Female,High School,Freelancer,Tier 3,35732,11276,5564,3954,7005,6422,1983,1533,113,13345,3994,3284,231,54710,0,0.0,153.11,11.18,1,404,High Risk,31-40,2022-10
USR1669,2022-08-01,51,Female,Bachelor's,Salaried,Tier 2,54786,10010,7758,2864,3867,9035,266,1884,1261,12370,13320,3952,3638,56905,0,0.0,103.87,24.31,1,488,High Risk,51-65,2022-08
USR1670,2022-02-01,39,Female,PhD,Self-Employed,Tier 1,66334,21507,3704,2366,7213,9884,3234,3164,1961,10042,13583,6671,1571,71317,0,0.0,107.51,20.48,1,516,High Risk,31-40,2022-02
USR1671,2024-11-01,52,Male,Bachelor's,Salaried,Tier 2,62238,12724,8074,2654,5185,5780,5877,1805,1117,5663,2665,4709,959,54547,5026,8.08,87.64,4.28,1,508,High Risk,51-65,2024-11
USR1672,2023-09-01,59,Male,Master's,Salaried,Tier 2,66892,11115,4377,2183,701,9394,2290,2757,259,11059,12042,12057,3403,59595,0,0.0,89.09,18.0,1,502,High Risk,51-65,2023-09
USR1673,2024-03-01,53,Male,High School,Freelancer,Tier 1,38271,10768,10019,1406,1504,2398,2476,643,1130,5333,4645,11368,1994,49039,0,0.0,128.14,12.14,1,454,High Risk,51-65,2024-03
USR1674,2023-11-01,32,Male,PhD,Freelancer,Tier 2,64671,18157,7274,929,1812,7055,3715,2242,243,7301,3024,3788,961,53477,8170,12.63,82.69,4.68,1,562,Medium Risk,31-40,2023-11
USR1675,2024-08-01,46,Female,Master's,Salaried,Tier 2,68630,11597,5231,3251,2525,8890,433,978,422,3840,11988,11343,4560,53070,3572,5.2,77.33,17.47,1,502,High Risk,41-50,2024-08
USR1676,2024-02-01,54,Female,PhD,Student,Tier 2,36471,7796,8409,3908,3633,3732,1422,3359,334,11264,4990,5343,4280,53480,0,0.0,146.64,13.68,1,428,High Risk,51-65,2024-02
USR1677,2022-07-01,59,Male,Master's,Self-Employed,Tier 2,49326,17193,4215,3519,4073,3322,2744,1946,1046,12812,374,0,481,51351,0,0.0,104.11,0.76,0,490,High Risk,51-65,2022-07
USR1678,2024-09-01,62,Male,Bachelor's,Salaried,Tier 1,66133,18893,8288,861,6399,4984,1255,4140,1896,4344,10690,8793,4271,64124,0,0.0,96.96,16.16,1,489,High Risk,51-65,2024-09
USR1679,2023-05-01,29,Female,PhD,Self-Employed,Tier 3,69286,20509,8329,1295,4721,9165,5268,620,3013,1139,10998,0,4103,58162,126,0.18,83.94,15.87,0,577,High Risk,22-30,2023-05
USR1680,2022-08-01,32,Female,Bachelor's,Self-Employed,Tier 3,68882,13265,2885,931,7635,6000,4754,2051,1163,10266,2481,3770,4825,57545,8856,12.86,83.54,3.6,1,536,Medium Risk,31-40,2022-08
USR1681,2023-05-01,43,Male,Bachelor's,Self-Employed,Tier 3,48483,8036,2864,3222,6692,2154,3547,2308,1489,11920,4229,11816,4255,58303,0,0.0,120.25,8.72,1,441,High Risk,41-50,2023-05
USR1682,2023-06-01,45,Female,Master's,Self-Employed,Tier 1,48533,9967,8917,2043,4171,1091,1369,4874,453,13996,7108,5495,1015,53391,0,0.0,110.01,14.65,1,440,High Risk,41-50,2023-06
USR1683,2024-12-01,62,Female,Master's,Self-Employed,Tier 3,67944,13573,5054,1358,5441,2348,5676,4196,1407,12961,2357,9907,4759,66680,0,0.0,98.14,3.47,1,513,High Risk,51-65,2024-12
USR1684,2023-11-01,38,Male,PhD,Salaried,Tier 3,79772,15707,10977,1929,2296,5691,4301,1558,593,8596,17005,0,1670,53318,9449,11.85,66.84,21.32,0,564,Medium Risk,31-40,2023-11
USR1685,2022-12-01,33,Male,Bachelor's,Business Owner,Tier 3,71932,13562,10648,3561,4774,3541,693,4110,1400,8651,494,0,3487,54427,17011,23.65,75.66,0.69,0,618,Low Risk,31-40,2022-12
USR1686,2023-11-01,53,Female,Master's,Self-Employed,Tier 1,50762,13449,10536,3948,2104,667,3379,2826,1009,14205,1305,3725,4459,60307,0,0.0,118.8,2.57,1,447,High Risk,51-65,2023-11
USR1687,2024-09-01,36,Female,Master's,Salaried,Tier 2,82299,17745,2553,3723,2402,4879,4043,2887,1461,8877,2388,6467,2785,57822,22089,26.84,70.26,2.9,1,572,Low Risk,31-40,2024-09
USR1688,2024-04-01,37,Female,High School,Freelancer,Tier 3,51312,16115,7116,1845,4499,8161,5234,4406,855,5900,6774,0,710,54841,0,0.0,106.88,13.2,0,509,High Risk,31-40,2024-04
USR1689,2023-11-01,43,Male,Bachelor's,Student,Tier 2,10000,1867,9683,2130,5088,7467,1563,690,1445,13788,1550,0,754,44475,0,0.0,444.75,15.5,0,300,High Risk,41-50,2023-11
USR1690,2022-07-01,49,Male,Bachelor's,Student,Tier 2,19334,4696,2787,3785,4004,7783,3598,1495,1179,1818,1951,1617,3905,36667,0,0.0,189.65,10.09,1,403,High Risk,41-50,2022-07
USR1691,2022-02-01,41,Female,Bachelor's,Salaried,Tier 3,76313,11655,10896,1075,3119,4510,1256,2281,1358,9219,5507,0,1506,46875,23931,31.36,61.42,7.22,0,649,Low Risk,41-50,2022-02
USR1692,2022-01-01,54,Female,PhD,Salaried,Tier 2,73191,18029,6907,1588,2849,5486,342,3571,1554,3759,14808,8945,3342,56372,2011,2.75,77.02,20.23,1,523,High Risk,51-65,2022-01
USR1693,2022-04-01,31,Male,Bachelor's,Self-Employed,Tier 2,52075,8392,9190,1392,5559,4348,3515,2372,1604,3983,888,14105,458,54918,0,0.0,105.46,1.71,1,463,High Risk,31-40,2022-04
USR1694,2022-08-01,61,Female,Master's,Salaried,Tier 2,67737,23406,11144,769,7633,2681,5031,3374,1983,3519,4746,10640,1424,71604,0,0.0,105.71,7.01,1,498,High Risk,51-65,2022-08
USR1695,2024-05-01,53,Female,PhD,Student,Tier 3,28032,8637,2814,2519,5788,1332,2973,4264,131,5279,274,0,1865,35602,0,0.0,127.0,0.98,0,446,High Risk,51-65,2024-05
USR1696,2023-06-01,54,Female,Bachelor's,Salaried,Tier 1,49361,12242,11740,1623,7620,1521,5999,3953,767,10925,171,0,1603,57993,0,0.0,117.49,0.35,0,441,High Risk,51-65,2023-06
USR1697,2024-07-01,23,Female,Master's,Salaried,Tier 2,78420,13121,10335,3676,6582,3992,2084,4029,1540,10259,6928,7383,2065,65066,6426,8.19,82.97,8.83,1,545,High Risk,22-30,2024-07
USR1698,2022-06-01,54,Female,Bachelor's,Salaried,Tier 2,48256,12956,4777,3702,4864,9586,2464,2149,500,9266,2350,9260,965,60489,0,0.0,125.35,4.87,1,458,High Risk,51-65,2022-06
USR1699,2023-12-01,54,Male,Master's,Salaried,Tier 3,71978,21719,5766,3960,5983,788,2124,3580,1545,10726,4829,0,264,56455,10694,14.86,78.43,6.71,0,565,Medium Risk,51-65,2023-12
USR1700,2023-03-01,62,Female,High School,Freelancer,Tier 2,47092,8860,6958,3892,5219,8316,4245,611,1163,14672,9665,0,3649,57585,0,0.0,122.28,20.52,0,456,High Risk,51-65,2023-03
USR1701,2022-12-01,34,Male,PhD,Self-Employed,Tier 3,58390,15394,5825,937,6743,1576,2681,1622,1988,1824,2379,0,2905,41495,14516,24.86,71.07,4.07,0,556,Low Risk,31-40,2022-12
USR1702,2023-02-01,51,Female,Bachelor's,Salaried,Tier 3,55605,17395,3216,1542,6858,1871,2090,3181,134,4904,10846,14511,395,56097,0,0.0,100.88,19.51,1,476,High Risk,51-65,2023-02
USR1703,2024-03-01,54,Male,Bachelor's,Salaried,Tier 1,72705,22076,11999,2772,3172,1574,3325,1876,766,9904,12269,18718,1583,77765,0,0.0,106.96,16.88,1,522,High Risk,51-65,2024-03
USR1704,2023-01-01,34,Female,Master's,Self-Employed,Tier 2,67263,20891,6470,2141,6740,5434,1141,1846,811,6437,5489,0,2635,54546,7228,10.75,81.09,8.16,0,556,Medium Risk,31-40,2023-01
USR1705,2022-03-01,47,Male,Bachelor's,Salaried,Tier 1,58061,18920,8772,3537,1318,539,1815,2911,1430,1934,7933,9538,4360,55074,0,0.0,94.86,13.66,1,473,High Risk,41-50,2022-03
USR1706,2023-04-01,43,Male,Bachelor's,Self-Employed,Tier 1,65617,22148,11481,3007,3177,4774,2168,4159,769,9229,7290,4875,1650,67437,0,0.0,102.77,11.11,1,483,High Risk,41-50,2023-04
USR1707,2022-12-01,60,Male,Bachelor's,Self-Employed,Tier 2,65652,15172,9717,2941,1047,682,3422,1439,93,8054,2107,15846,422,58835,4710,7.17,89.62,3.21,1,555,High Risk,51-65,2022-12
USR1708,2023-02-01,23,Male,Master's,Freelancer,Tier 3,57152,15074,10747,3797,4932,5996,4350,802,2089,5453,12961,8298,641,62179,0,0.0,108.8,22.68,1,487,High Risk,22-30,2023-02
USR1709,2024-10-01,59,Female,Bachelor's,Student,Tier 3,15798,4867,2862,3459,858,9188,1671,2137,1264,10266,2249,1541,1637,39750,0,0.0,251.61,14.24,1,341,High Risk,51-65,2024-10
USR1710,2024-07-01,60,Female,High School,Business Owner,Tier 1,68692,19881,8217,1883,3861,9288,1258,225,1772,8884,15116,11733,3387,70389,0,0.0,102.47,22.01,1,488,High Risk,51-65,2024-07
USR1711,2022-05-01,47,Female,Bachelor's,Student,Tier 1,25291,8829,7938,1953,6015,3008,1206,4879,164,9878,5208,7117,2567,53554,0,0.0,211.75,20.59,1,396,High Risk,41-50,2022-05
USR1712,2022-12-01,36,Male,Bachelor's,Salaried,Tier 2,61491,9391,4355,514,2424,9376,3390,1267,324,12840,1226,5708,1082,50671,9594,15.6,82.4,1.99,1,515,Medium Risk,31-40,2022-12
USR1713,2024-02-01,55,Male,High School,Salaried,Tier 2,62511,13816,11157,3107,5411,8572,1420,579,1683,9166,3239,16388,650,71949,0,0.0,115.1,5.18,1,490,High Risk,51-65,2024-02
USR1714,2023-05-01,63,Male,Bachelor's,Salaried,Tier 1,50761,10467,4395,2174,4955,818,4861,1484,1241,4769,1843,0,942,36106,12812,25.24,71.13,3.63,0,574,Low Risk,51-65,2023-05
USR1715,2022-11-01,61,Male,Bachelor's,Business Owner,Tier 3,68045,13776,10667,1503,7658,2903,5066,4664,939,14007,14132,0,1744,62927,0,0.0,92.48,20.77,0,491,High Risk,51-65,2022-11
USR1716,2024-09-01,32,Female,High School,Student,Tier 3,16446,3198,11530,2961,4942,1228,1997,3382,619,7878,3545,4310,3550,45595,0,0.0,277.24,21.56,1,349,High Risk,31-40,2024-09
USR1717,2022-04-01,24,Male,Bachelor's,Business Owner,Tier 2,76067,22198,2524,1878,5743,1787,5173,3947,498,10505,10040,0,3029,57282,8745,11.5,75.3,13.2,0,571,Medium Risk,22-30,2022-04
USR1718,2024-08-01,27,Male,Master's,Salaried,Tier 3,64983,10849,2561,1980,5147,4501,3071,2456,2418,13487,1692,7981,2813,57264,6027,9.27,88.12,2.6,1,518,High Risk,22-30,2024-08
USR1719,2024-07-01,30,Male,High School,Student,Tier 2,10000,2983,10167,2245,7181,6106,713,4127,732,2937,339,0,2115,39306,0,0.0,393.06,3.39,0,300,High Risk,22-30,2024-07
USR1720,2022-11-01,27,Male,Bachelor's,Salaried,Tier 2,63156,18232,10113,3546,3201,9252,1817,4320,2746,12071,12845,9324,1448,76070,0,0.0,120.45,20.34,1,460,High Risk,22-30,2022-11
USR1721,2023-05-01,30,Female,Master's,Salaried,Tier 2,69577,13926,9416,3767,6483,1875,4717,745,1202,5052,16162,17640,727,65550,0,0.0,94.21,23.23,1,515,High Risk,22-30,2023-05
USR1722,2024-03-01,60,Female,Bachelor's,Salaried,Tier 1,68227,13684,6664,2361,2430,524,4812,474,1103,1854,3402,3589,440,37935,26890,39.41,55.6,4.99,1,637,Low Risk,51-65,2024-03
USR1723,2022-08-01,52,Male,Master's,Salaried,Tier 3,70551,19455,3205,614,921,1654,3957,3641,1377,14306,196,0,2342,51472,18883,26.77,72.96,0.28,0,595,Low Risk,51-65,2022-08
USR1724,2023-09-01,53,Male,Bachelor's,Self-Employed,Tier 2,54939,16615,4238,3988,835,1959,2232,2469,670,3900,4545,12442,564,49912,482,0.88,90.85,8.27,1,443,High Risk,51-65,2023-09
USR1725,2024-09-01,62,Male,Bachelor's,Salaried,Tier 2,72416,23556,3160,1875,2026,5607,3410,3308,1891,7696,552,0,1408,53937,17927,24.76,74.48,0.76,0,591,Low Risk,51-65,2024-09
USR1726,2022-05-01,33,Male,High School,Self-Employed,Tier 2,37500,12016,7239,1475,556,5206,904,3122,1704,4254,7762,0,4320,40796,0,0.0,108.79,20.7,0,486,High Risk,31-40,2022-05
USR1727,2024-08-01,29,Male,Master's,Self-Employed,Tier 1,67291,23079,8974,3646,6281,9912,1873,3587,4287,6765,8268,0,2565,70969,0,0.0,105.47,12.29,0,501,High Risk,22-30,2024-08
USR1728,2024-01-01,29,Female,Master's,Business Owner,Tier 1,73630,19605,2071,2185,7660,2656,3899,2070,5864,12221,11815,20567,3161,81959,0,0.0,111.31,16.05,1,473,High Risk,22-30,2024-01
USR1729,2022-08-01,49,Female,High School,Freelancer,Tier 2,33293,11044,2754,2583,4450,6479,2291,4213,1184,658,3424,9554,4857,50067,0,0.0,150.38,10.28,1,416,High Risk,41-50,2022-08
USR1730,2024-03-01,41,Female,Bachelor's,Salaried,Tier 2,53298,16613,9298,2789,7555,8443,5153,310,1450,7241,4603,6296,4976,70124,0,0.0,131.57,8.64,1,456,High Risk,41-50,2024-03
USR1731,2024-02-01,28,Male,PhD,Business Owner,Tier 1,100255,32977,8600,2186,7360,6542,3048,1955,5166,2337,5569,27883,2347,100401,0,0.0,100.15,5.55,1,535,High Risk,22-30,2024-02
USR1732,2024-05-01,32,Male,Bachelor's,Business Owner,Tier 2,79476,12106,11096,562,3647,9411,4514,1567,1055,5111,15309,18616,2617,70302,0,0.0,88.46,19.26,1,505,High Risk,31-40,2024-05
USR1733,2022-09-01,41,Female,Bachelor's,Salaried,Tier 2,62891,21582,10152,3213,4037,7986,4863,1728,120,1525,10935,5569,1816,62591,0,0.0,99.52,17.39,1,484,High Risk,41-50,2022-09
USR1734,2023-06-01,37,Female,PhD,Self-Employed,Tier 2,61146,14962,10243,1008,6928,1605,1977,751,726,8312,5514,12386,1235,60133,0,0.0,98.34,9.02,1,477,High Risk,31-40,2023-06
USR1735,2022-07-01,25,Female,Master's,Salaried,Tier 2,67602,20932,4621,687,1221,4269,4553,333,3078,7746,5427,3825,919,52184,9991,14.78,77.19,8.03,1,533,Medium Risk,22-30,2022-07
USR1736,2023-09-01,27,Male,Bachelor's,Salaried,Tier 3,56892,9981,5190,3282,4577,2979,5832,3111,4791,1158,17,12919,4882,58702,0,0.0,103.18,0.03,1,493,High Risk,22-30,2023-09
USR1737,2023-04-01,43,Female,Master's,Freelancer,Tier 2,58067,13308,5948,592,885,5231,5256,2213,1763,1177,922,0,1173,37546,19599,33.75,64.66,1.59,0,641,Low Risk,41-50,2023-04
USR1738,2022-03-01,47,Male,Master's,Business Owner,Tier 2,79071,16153,3287,504,5545,3672,5696,3462,1448,13102,12320,0,2046,54915,11836,14.97,69.45,15.58,0,630,Medium Risk,41-50,2022-03
USR1739,2024-08-01,24,Female,Bachelor's,Salaried,Tier 1,73638,15341,7358,3737,3317,8685,1092,1260,6509,4546,9473,0,1571,53416,10749,14.6,72.54,12.86,0,593,Medium Risk,22-30,2024-08
USR1740,2022-10-01,62,Female,Bachelor's,Business Owner,Tier 1,66595,11630,9518,2572,7926,7568,1171,2707,559,4321,7238,0,1666,49638,9719,14.59,74.54,10.87,0,563,Medium Risk,51-65,2022-10
USR1741,2024-08-01,63,Female,Bachelor's,Business Owner,Tier 1,73547,22884,9036,3055,6096,7057,302,2222,1190,2875,15215,6965,890,62572,0,0.0,85.08,20.69,1,482,High Risk,51-65,2024-08
USR1742,2022-08-01,35,Male,PhD,Business Owner,Tier 2,107417,16311,6780,597,6315,3830,1307,2386,388,775,13531,30792,287,69768,24118,22.45,64.95,12.6,1,631,Low Risk,31-40,2022-08
USR1743,2024-08-01,32,Female,Master's,Salaried,Tier 1,66518,14135,3772,1791,3387,6522,5345,2865,1356,7359,6393,14550,2712,63794,0,0.0,95.9,9.61,1,472,High Risk,31-40,2024-08
USR1744,2022-04-01,39,Male,High School,Business Owner,Tier 1,61480,11366,5902,3209,6654,2558,3446,3370,1546,13239,2478,0,4048,55338,3664,5.96,90.01,4.03,0,550,High Risk,31-40,2022-04
USR1745,2024-05-01,33,Male,Master's,Salaried,Tier 3,71752,19215,7726,3964,7615,6190,3912,2927,1773,2088,14721,6942,693,63045,0,0.0,87.87,20.52,1,482,High Risk,31-40,2024-05
USR1746,2022-12-01,44,Male,Bachelor's,Self-Employed,Tier 1,52196,10483,8200,2287,3219,6271,5741,3535,789,5081,7519,11267,1445,58318,0,0.0,111.73,14.41,1,473,High Risk,41-50,2022-12
USR1747,2024-12-01,33,Female,High School,Salaried,Tier 1,48313,9749,11141,1808,759,2370,5973,2846,752,13918,1116,0,1341,50657,0,0.0,104.85,2.31,0,474,High Risk,31-40,2024-12
USR1748,2023-07-01,34,Male,Bachelor's,Salaried,Tier 1,54233,13431,5138,1183,4988,4121,3617,795,1494,13354,8797,12694,4431,65246,0,0.0,120.31,16.22,1,479,High Risk,31-40,2023-07
USR1749,2024-07-01,46,Male,Bachelor's,Freelancer,Tier 3,70146,19678,9213,1632,1099,9837,5617,4306,703,745,7454,8431,1177,62438,254,0.36,89.01,10.63,1,472,High Risk,41-50,2024-07
USR1750,2024-02-01,40,Female,Master's,Salaried,Tier 1,67987,11847,4416,526,3755,4491,5374,2574,1547,9580,13790,0,2434,46544,7653,11.26,68.46,20.28,0,572,Medium Risk,31-40,2024-02
USR1751,2022-06-01,57,Male,Bachelor's,Salaried,Tier 2,47595,8809,11617,2281,1539,8816,4351,3621,52,10903,10933,4485,741,57215,0,0.0,120.21,22.97,1,453,High Risk,51-65,2022-06
USR1752,2024-05-01,29,Female,Master's,Salaried,Tier 2,81949,16343,9051,2602,4548,9003,5310,2478,472,12717,12301,0,1602,64126,5522,6.74,78.25,15.01,0,565,High Risk,22-30,2024-05
USR1753,2023-05-01,50,Male,Bachelor's,Freelancer,Tier 2,52888,18233,3584,3704,1255,1274,3859,1364,820,7170,9673,0,1010,42273,942,1.78,79.93,18.29,0,510,High Risk,41-50,2023-05
USR1754,2023-08-01,53,Male,High School,Salaried,Tier 2,48868,11211,3046,3623,4077,9385,5126,817,1044,8692,691,10118,4707,61846,0,0.0,126.56,1.41,1,447,High Risk,51-65,2023-08
USR1755,2022-10-01,39,Female,PhD,Business Owner,Tier 3,86535,23346,8984,1280,3657,5778,1119,4344,1042,11602,12120,5408,3692,70252,4163,4.81,81.18,14.01,1,533,High Risk,31-40,2022-10
USR1756,2022-06-01,27,Male,Bachelor's,Salaried,Tier 1,68387,13561,4165,2845,3258,1876,4752,650,3180,2684,12913,20323,4512,61806,0,0.0,90.38,18.88,1,473,High Risk,22-30,2022-06
USR1757,2024-08-01,39,Male,Bachelor's,Salaried,Tier 1,61024,15139,7719,3970,7677,6439,4427,1998,1879,12938,7578,5444,1333,68963,0,0.0,113.01,12.42,1,454,High Risk,31-40,2024-08
USR1758,2022-02-01,40,Female,Bachelor's,Salaried,Tier 1,47592,7844,9222,2114,976,9681,4788,4786,861,3751,7062,10923,4580,59526,0,0.0,125.08,14.84,1,447,High Risk,31-40,2022-02
USR1759,2022-10-01,43,Female,Master's,Self-Employed,Tier 1,77297,12131,3176,1541,5783,3346,5873,2092,1479,6363,17371,0,768,42552,17374,22.48,55.05,22.47,0,609,Low Risk,41-50,2022-10
USR1760,2024-03-01,58,Female,Bachelor's,Salaried,Tier 1,59528,14509,8411,3365,6667,7317,2357,2654,321,3551,2948,7357,3200,59709,0,0.0,100.3,4.95,1,459,High Risk,51-65,2024-03
USR1761,2023-07-01,53,Male,High School,Salaried,Tier 1,66964,15383,10074,2293,2099,7930,781,2422,826,10202,1644,6316,1521,59847,5473,8.17,89.37,2.46,1,535,High Risk,51-65,2023-07
USR1762,2023-04-01,62,Male,High School,Student,Tier 2,25227,4474,11223,1354,2859,2216,995,4008,432,4271,4355,2382,2944,37158,0,0.0,147.29,17.26,1,414,High Risk,51-65,2023-04
USR1763,2023-08-01,24,Female,Bachelor's,Self-Employed,Tier 2,47991,13798,5288,2142,7905,7280,3397,1484,866,14036,9872,12698,4825,73719,0,0.0,153.61,20.57,1,436,High Risk,22-30,2023-08
USR1764,2024-12-01,49,Female,Master's,Salaried,Tier 2,78265,27281,3315,2432,7105,3831,2083,2727,1174,9820,16640,20992,3778,84538,0,0.0,108.02,21.26,1,467,High Risk,41-50,2024-12
USR1765,2022-05-01,31,Female,Bachelor's,Salaried,Tier 2,57788,13240,2892,2526,1761,9581,3567,1957,1794,13786,9269,0,1967,53071,0,0.0,91.84,16.04,0,553,High Risk,31-40,2022-05
USR1766,2023-06-01,56,Female,Bachelor's,Business Owner,Tier 1,65066,17887,7169,2487,6665,1878,5498,422,1463,9389,13553,4938,2274,60070,0,0.0,92.32,20.83,1,537,High Risk,51-65,2023-06
USR1767,2022-08-01,50,Female,High School,Salaried,Tier 1,51603,17678,10298,3106,6823,5084,1009,4564,1907,9780,9039,13986,2243,76478,0,0.0,148.2,17.52,1,431,High Risk,41-50,2022-08
USR1768,2023-01-01,36,Female,Bachelor's,Salaried,Tier 2,66181,20933,5080,1769,6437,7881,3133,1100,57,2919,1445,11366,1341,62016,2720,4.11,93.71,2.18,1,526,High Risk,31-40,2023-01
USR1769,2022-10-01,54,Male,PhD,Freelancer,Tier 1,58298,14149,10936,3050,2082,4775,3468,2565,1017,14018,11106,9309,1277,66646,0,0.0,114.32,19.05,1,469,High Risk,51-65,2022-10
USR1770,2024-12-01,28,Female,Bachelor's,Self-Employed,Tier 1,53543,15928,8466,1612,3338,6038,5068,4680,5513,7896,2400,0,4799,63338,0,0.0,118.29,4.48,0,526,High Risk,22-30,2024-12
USR1771,2023-07-01,33,Male,PhD,Self-Employed,Tier 2,79148,13900,10813,2750,6355,7810,5420,1809,1597,3128,4681,0,351,53933,20534,25.94,68.14,5.91,0,629,Low Risk,31-40,2023-07
USR1772,2024-07-01,51,Male,Bachelor's,Salaried,Tier 3,63851,16117,7090,3493,5325,731,3184,4921,1681,7809,6299,0,678,51029,6523,10.22,79.92,9.87,0,556,Medium Risk,51-65,2024-07
USR1773,2024-12-01,42,Female,High School,Salaried,Tier 2,48253,9931,6240,739,4070,5922,772,3490,1980,12481,3794,9705,3433,58763,0,0.0,121.78,7.86,1,407,High Risk,41-50,2024-12
USR1774,2024-05-01,52,Female,Master's,Self-Employed,Tier 1,68616,12504,11012,989,1998,4926,1406,1423,1917,1185,5517,11431,1885,50676,12423,18.11,73.85,8.04,1,538,Medium Risk,51-65,2024-05
USR1775,2023-11-01,45,Male,Bachelor's,Salaried,Tier 3,64581,15193,2411,1536,1248,747,5104,2107,750,3256,2732,0,3691,36043,25806,39.96,55.81,4.23,0,656,Low Risk,41-50,2023-11
USR1776,2024-08-01,41,Male,Master's,Self-Employed,Tier 2,42827,7546,10305,3196,5311,4878,5174,1562,1316,5523,3146,5542,1571,51924,0,0.0,121.24,7.35,1,456,High Risk,41-50,2024-08
USR1777,2022-11-01,58,Male,PhD,Self-Employed,Tier 2,73426,21278,4446,1838,2886,4241,3280,2951,181,10534,360,0,4100,55735,17331,23.6,75.91,0.49,0,581,Low Risk,51-65,2022-11
USR1778,2022-02-01,25,Female,High School,Salaried,Tier 3,58134,14024,5346,2536,1030,562,2660,4169,2378,10424,6873,7266,2801,53196,0,0.0,91.51,11.82,1,467,High Risk,22-30,2022-02
USR1779,2024-08-01,49,Female,High School,Student,Tier 2,15160,3884,2085,1184,5287,4723,1941,1468,606,5335,2912,0,3623,30136,0,0.0,198.79,19.21,0,426,High Risk,41-50,2024-08
USR1780,2022-05-01,41,Male,Master's,Business Owner,Tier 1,94133,16875,9749,3769,2709,2051,4205,1431,1101,13058,20291,7109,1896,63953,9889,10.51,67.94,21.56,1,534,Medium Risk,41-50,2022-05
USR1781,2024-07-01,45,Male,Bachelor's,Freelancer,Tier 2,42620,7584,6142,2526,4563,6806,5125,4268,960,2472,8741,4141,3857,48444,0,0.0,113.66,20.51,1,458,High Risk,41-50,2024-07
USR1782,2023-01-01,53,Female,High School,Salaried,Tier 2,57691,15385,9087,2790,4368,3505,2813,1947,1677,1210,6006,0,4176,46958,4727,8.19,81.4,10.41,0,566,High Risk,51-65,2023-01
USR1783,2023-10-01,62,Male,High School,Salaried,Tier 2,42464,14735,9368,3054,7728,3822,1915,2758,104,9016,7754,4068,1598,58166,0,0.0,136.98,18.26,1,451,High Risk,51-65,2023-10
USR1784,2024-11-01,57,Female,High School,Self-Employed,Tier 2,51256,8675,11764,3614,1608,8497,5445,937,1284,5585,3689,0,4180,51589,0,0.0,100.65,7.2,0,507,High Risk,51-65,2024-11
USR1785,2023-07-01,55,Other,Master's,Salaried,Tier 3,85624,17736,7834,3901,6166,8986,1769,4636,606,6146,1189,0,1601,59381,25054,29.26,69.35,1.39,0,598,Low Risk,51-65,2023-07
USR1786,2024-05-01,57,Male,High School,Student,Tier 3,10000,3238,2803,2114,989,1382,876,3179,1246,5393,1689,0,1908,23128,0,0.0,231.28,16.89,0,377,High Risk,51-65,2024-05
USR1787,2023-11-01,23,Female,Bachelor's,Salaried,Tier 3,56921,9360,8719,2267,504,893,5240,2151,4481,14657,9232,0,1612,49884,0,0.0,87.64,16.22,0,554,High Risk,22-30,2023-11
USR1788,2023-07-01,36,Male,Bachelor's,Self-Employed,Tier 3,50319,16362,8085,1112,575,3239,2033,1981,483,11659,10084,6550,3430,55509,0,0.0,110.31,20.04,1,453,High Risk,31-40,2023-07
USR1789,2023-04-01,55,Male,Bachelor's,Salaried,Tier 3,64039,16320,11261,661,5872,4667,2713,729,1725,12491,9863,16385,2702,75526,0,0.0,117.94,15.4,1,500,High Risk,51-65,2023-04
USR1790,2024-07-01,57,Female,High School,Self-Employed,Tier 1,39495,9149,6182,1155,6650,4913,1000,4329,128,3094,1549,0,4922,41522,0,0.0,105.13,3.92,0,474,High Risk,51-65,2024-07
USR1791,2023-04-01,27,Male,Master's,Salaried,Tier 1,73369,15549,11600,3506,3228,5190,1341,4618,7407,1592,15648,0,1464,55495,2226,3.03,75.64,21.33,0,539,High Risk,22-30,2023-04
USR1792,2024-02-01,60,Other,High School,Salaried,Tier 2,61774,12936,2264,1120,972,4974,5411,1404,706,3455,9686,0,2459,35701,16387,26.53,57.79,15.68,0,622,Low Risk,51-65,2024-02
USR1793,2022-03-01,63,Female,Master's,Salaried,Tier 3,74274,15683,5093,1756,3709,4731,5931,2186,508,8903,14996,0,562,49062,10216,13.75,66.06,20.19,0,584,Medium Risk,51-65,2022-03
USR1794,2023-11-01,33,Male,Master's,Business Owner,Tier 2,72852,23819,6798,2658,1881,3277,3252,546,19,10273,14098,17907,2845,73275,0,0.0,100.58,19.35,1,500,High Risk,31-40,2023-11
USR1795,2022-09-01,24,Male,Bachelor's,Salaried,Tier 2,70961,20916,11665,2451,7455,1901,2231,1415,3254,12523,5284,0,1732,65543,134,0.19,92.36,7.45,0,508,High Risk,22-30,2022-09
USR1796,2023-12-01,39,Male,Bachelor's,Business Owner,Tier 1,87498,24844,10143,3481,1337,8586,1708,2968,751,10135,1630,15665,4952,84570,1298,1.48,96.65,1.86,1,490,High Risk,31-40,2023-12
USR1797,2024-09-01,61,Male,Bachelor's,Business Owner,Tier 1,86641,26837,2325,1755,1102,1405,1310,444,234,4643,3823,19203,1583,60841,21977,25.37,70.22,4.41,1,579,Low Risk,51-65,2024-09
USR1798,2023-02-01,42,Male,Bachelor's,Salaried,Tier 2,65982,13290,3206,2475,1686,1029,4529,2925,1620,13018,1531,0,866,44644,19807,30.02,67.66,2.32,0,611,Low Risk,41-50,2023-02
USR1799,2024-04-01,36,Male,Master's,Freelancer,Tier 1,56761,15530,11696,1249,6961,8511,1112,3251,605,9270,3454,6720,3012,67917,0,0.0,119.65,6.09,1,462,High Risk,31-40,2024-04
USR1800,2023-12-01,54,Male,Master's,Salaried,Tier 2,78259,18939,3440,1208,1981,7578,5443,332,553,8144,8990,0,2675,50293,18976,24.25,64.26,11.49,0,639,Low Risk,51-65,2023-12
USR1801,2022-07-01,56,Female,Bachelor's,Student,Tier 1,38388,11765,7184,2820,7920,5118,5522,1570,1899,3497,8702,0,3300,50595,0,0.0,131.8,22.67,0,474,High Risk,51-65,2022-07
USR1802,2024-01-01,47,Female,Bachelor's,Self-Employed,Tier 1,48375,10248,11147,2121,3772,4221,1255,2296,1373,5708,10545,0,3601,45742,0,0.0,94.56,21.8,0,510,High Risk,41-50,2024-01
USR1803,2022-02-01,29,Female,PhD,Salaried,Tier 2,85625,23858,10746,3354,6360,9078,5870,1287,6681,10446,15382,0,3305,80985,0,0.0,94.58,17.96,0,541,High Risk,22-30,2022-02
USR1804,2022-01-01,57,Male,PhD,Salaried,Tier 2,76310,24910,7136,540,6294,3121,4389,1847,585,3479,460,0,2751,55052,20798,27.25,72.14,0.6,0,599,Low Risk,51-65,2022-01
USR1805,2023-11-01,51,Male,Bachelor's,Salaried,Tier 2,61962,14277,10140,1059,7832,7226,5841,2091,983,14887,5288,0,4099,68435,0,0.0,110.45,8.53,0,507,High Risk,51-65,2023-11
USR1806,2023-06-01,44,Female,Bachelor's,Student,Tier 1,10707,1748,7819,965,731,1072,1950,1920,1900,4105,1826,2505,2351,27066,0,0.0,252.79,17.05,1,356,High Risk,41-50,2023-06
USR1807,2022-08-01,63,Female,Bachelor's,Salaried,Tier 3,60721,15375,10069,1600,827,1143,3371,4202,1532,921,1958,7813,587,47440,11323,18.65,78.13,3.22,1,562,Medium Risk,51-65,2022-08
USR1808,2024-10-01,35,Male,PhD,Freelancer,Tier 2,54021,11841,4036,2213,6881,4571,4353,2460,1650,1110,10818,8039,3361,50515,0,0.0,93.51,20.03,1,455,High Risk,31-40,2024-10
USR1809,2022-08-01,35,Female,High School,Salaried,Tier 2,51289,14588,11478,989,5739,8571,3212,318,422,9137,11726,11125,2580,68159,0,0.0,132.89,22.86,1,414,High Risk,31-40,2022-08
USR1810,2024-05-01,23,Female,Bachelor's,Student,Tier 2,14214,4835,11389,616,1449,7513,3628,3103,4978,9652,1258,3889,576,51628,0,0.0,363.22,8.85,1,306,High Risk,22-30,2024-05
USR1811,2023-01-01,58,Female,Bachelor's,Salaried,Tier 1,59408,14681,7560,2981,2386,9984,3762,3008,1967,630,10483,0,4535,51494,0,0.0,86.68,17.65,0,523,High Risk,51-65,2023-01
USR1812,2022-01-01,26,Male,Bachelor's,Self-Employed,Tier 3,52751,12831,5629,3590,7538,6105,5338,1094,6137,3147,1954,0,4477,55886,0,0.0,105.94,3.7,0,496,High Risk,22-30,2022-01
USR1813,2024-05-01,59,Female,Bachelor's,Self-Employed,Tier 2,56774,15948,10963,3541,4595,6182,556,1465,5,14459,9805,0,1480,59194,0,0.0,104.26,17.27,0,505,High Risk,51-65,2024-05
USR1814,2022-01-01,62,Female,PhD,Freelancer,Tier 2,49082,8378,7314,2094,7262,1054,5455,562,457,12771,263,5883,943,52173,0,0.0,106.3,0.54,1,483,High Risk,51-65,2022-01
USR1815,2022-05-01,35,Female,High School,Salaried,Tier 1,43435,8717,4456,695,2797,3893,4591,1973,1914,7173,1637,0,3686,39895,1903,4.38,91.85,3.77,0,501,High Risk,31-40,2022-05
USR1816,2022-02-01,60,Female,Bachelor's,Salaried,Tier 3,65895,21995,10662,1118,5955,9635,4820,513,553,11126,11694,0,1268,67645,0,0.0,102.66,17.75,0,508,High Risk,51-65,2022-02
USR1817,2023-10-01,46,Female,High School,Salaried,Tier 3,48620,13807,3370,1974,1807,5068,5420,1906,1593,4229,8652,0,1208,40382,0,0.0,83.06,17.8,0,508,High Risk,41-50,2023-10
USR1818,2024-06-01,41,Female,High School,Freelancer,Tier 1,48596,7420,9629,2972,697,9685,1817,3665,1962,4931,7789,0,4893,47671,0,0.0,98.1,16.03,0,475,High Risk,41-50,2024-06
USR1819,2022-11-01,23,Male,Bachelor's,Salaried,Tier 1,64802,12372,10863,3965,5011,3959,1823,4567,1196,13928,7733,0,4496,62180,0,0.0,95.95,11.93,0,513,High Risk,22-30,2022-11
USR1820,2024-05-01,60,Female,Bachelor's,Self-Employed,Tier 3,60854,17438,3174,1807,3279,1621,5424,1989,1112,1524,10267,0,542,37910,12677,20.83,62.3,16.87,0,590,Low Risk,51-65,2024-05
USR1821,2022-03-01,27,Female,Bachelor's,Salaried,Tier 2,74285,22499,2110,533,6014,6030,1865,2593,5247,10344,14370,0,3483,60718,0,0.0,81.74,19.34,0,566,High Risk,22-30,2022-03
USR1822,2023-01-01,38,Female,Bachelor's,Business Owner,Tier 3,77522,24649,5559,2842,5533,5609,5845,3810,1134,7539,18730,0,830,63350,0,0.0,81.72,24.16,0,530,High Risk,31-40,2023-01
USR1823,2022-03-01,46,Male,High School,Student,Tier 2,10404,2168,8692,3554,7818,555,3399,3894,550,1037,2311,0,497,32164,0,0.0,309.15,22.21,0,359,High Risk,41-50,2022-03
USR1824,2022-10-01,49,Male,Bachelor's,Self-Employed,Tier 2,62973,21171,11218,1774,3836,9349,4696,2480,1420,5091,12508,0,897,61932,0,0.0,98.35,19.86,0,532,High Risk,41-50,2022-10
USR1825,2022-04-01,23,Female,PhD,Salaried,Tier 2,81076,21127,5233,838,5839,8951,1795,1189,6265,3583,14082,0,1705,56525,10469,12.91,69.72,17.37,0,568,Medium Risk,22-30,2022-04
USR1826,2023-02-01,56,Female,PhD,Salaried,Tier 1,75501,21843,3472,3165,5835,5236,2189,3880,1702,1007,10837,7602,2960,58891,5773,7.65,78.0,14.35,1,556,High Risk,51-65,2023-02
USR1827,2023-11-01,58,Female,Bachelor's,Salaried,Tier 2,74131,19967,6872,679,1838,3109,2986,2663,10,4424,2235,0,3025,45573,26323,35.51,61.48,3.01,0,685,Low Risk,51-65,2023-11
USR1828,2023-05-01,26,Female,Bachelor's,Salaried,Tier 3,61302,10700,6753,1121,2191,4409,728,1104,6546,9372,2537,0,578,43502,15263,24.9,70.96,4.14,0,599,Low Risk,22-30,2023-05
USR1829,2022-01-01,22,Female,PhD,Freelancer,Tier 1,62262,21332,3833,3799,715,903,2804,3244,682,3112,12768,0,2995,43419,6075,9.76,69.74,20.51,0,545,High Risk,22-30,2022-01
USR1830,2023-03-01,61,Female,High School,Self-Employed,Tier 2,48169,8409,7928,2156,2149,1294,3395,3597,1039,5376,9673,0,905,36248,2248,4.67,75.25,20.08,0,557,High Risk,51-65,2023-03
USR1831,2022-02-01,33,Female,Master's,Student,Tier 2,22523,4526,10645,3166,5780,2061,2607,4197,1056,9451,3459,0,2614,46103,0,0.0,204.69,15.36,0,436,High Risk,31-40,2022-02
USR1832,2023-06-01,57,Female,PhD,Salaried,Tier 2,77620,24273,8816,1142,3362,9875,263,1110,744,4723,8515,9357,970,64635,4470,5.76,83.27,10.97,1,524,High Risk,51-65,2023-06
USR1833,2023-10-01,44,Female,High School,Freelancer,Tier 3,51174,14007,2740,2570,1109,7923,4160,2807,488,3647,333,9486,4201,53138,0,0.0,103.84,0.65,1,497,High Risk,41-50,2023-10
USR1834,2024-04-01,52,Male,High School,Self-Employed,Tier 3,51559,16376,9256,2180,3058,7295,3012,1945,1211,14080,4217,0,1294,59707,0,0.0,115.8,8.18,0,520,High Risk,51-65,2024-04
USR1835,2024-06-01,32,Male,PhD,Self-Employed,Tier 1,70248,17783,4380,1850,1417,5992,3021,2323,735,2693,7387,11976,3664,55834,7027,10.0,79.48,10.52,1,523,High Risk,31-40,2024-06
USR1836,2023-01-01,31,Female,Bachelor's,Salaried,Tier 3,61705,13908,11635,1677,4752,5499,4227,4542,1594,8582,7494,0,3794,60210,0,0.0,97.58,12.14,0,517,High Risk,31-40,2023-01
USR1837,2022-03-01,24,Male,High School,Self-Employed,Tier 3,50646,16934,5680,1118,661,6698,301,2051,4014,3046,11766,0,4644,45147,0,0.0,89.14,23.23,0,517,High Risk,22-30,2022-03
USR1838,2022-03-01,35,Male,Bachelor's,Self-Employed,Tier 3,61998,9749,11940,1669,4637,5697,3548,4871,1074,5561,1684,10561,1431,60738,0,0.0,97.97,2.72,1,483,High Risk,31-40,2022-03
USR1839,2024-02-01,37,Male,Bachelor's,Freelancer,Tier 2,52873,16984,4401,751,7847,4062,3498,3965,1294,5155,6858,0,1646,49603,0,0.0,93.82,12.97,0,478,High Risk,31-40,2024-02
USR1840,2022-04-01,31,Male,Master's,Student,Tier 3,27345,5364,9177,801,6946,2194,3294,1815,463,1722,2515,7004,4388,43168,0,0.0,157.86,9.2,1,399,High Risk,31-40,2022-04
USR1841,2023-04-01,50,Male,Master's,Salaried,Tier 1,72598,23213,4006,3641,5949,1355,3091,2590,42,8250,17969,9385,2602,64124,0,0.0,88.33,24.75,1,471,High Risk,41-50,2023-04
USR1842,2024-04-01,31,Male,PhD,Salaried,Tier 1,80839,14376,11978,2066,6182,9987,3335,2962,538,5519,17418,4129,2026,63098,323,0.4,78.05,21.55,1,522,High Risk,31-40,2024-04
USR1843,2022-08-01,33,Female,Bachelor's,Self-Employed,Tier 3,47942,12754,3409,3664,7657,5255,1380,1405,567,4074,5259,13318,4047,57530,0,0.0,120.0,10.97,1,434,High Risk,31-40,2022-08
USR1844,2023-04-01,51,Female,Bachelor's,Self-Employed,Tier 1,57345,18787,3762,2710,3311,4121,5709,4226,120,6223,14331,13772,1292,64033,0,0.0,111.66,24.99,1,475,High Risk,51-65,2023-04
USR1845,2024-07-01,62,Male,Bachelor's,Salaried,Tier 1,45709,11185,2909,3652,6048,4706,3086,2879,624,7046,5874,3511,4877,50523,0,0.0,110.53,12.85,1,497,High Risk,51-65,2024-07
USR1846,2023-11-01,22,Male,Bachelor's,Freelancer,Tier 3,51860,15522,2760,3634,3921,1538,2928,2646,5612,3523,2166,0,1920,44004,5690,10.97,84.85,4.18,0,570,Medium Risk,22-30,2023-11
USR1847,2022-02-01,26,Female,High School,Student,Tier 3,20282,6306,8638,1111,4715,5096,2892,3512,3061,3780,2818,0,1082,40193,0,0.0,198.17,13.89,0,384,High Risk,22-30,2022-02
USR1848,2022-09-01,41,Male,PhD,Student,Tier 1,42980,12777,7612,1571,1598,5013,598,4587,1138,9763,2430,2447,323,47427,0,0.0,110.35,5.65,1,432,High Risk,41-50,2022-09
USR1849,2024-03-01,29,Female,Master's,Salaried,Tier 3,66839,22395,5240,2992,6633,4870,604,2301,162,1040,10632,12128,3690,62055,0,0.0,92.84,15.91,1,474,High Risk,22-30,2024-03
USR1850,2023-10-01,64,Female,Bachelor's,Business Owner,Tier 2,82472,19741,2530,2443,3221,8161,3073,3416,453,13987,19328,6103,3794,66922,0,0.0,81.15,23.44,1,488,High Risk,51-65,2023-10
USR1851,2024-10-01,33,Female,Bachelor's,Freelancer,Tier 2,59391,10965,11551,573,3208,5816,3468,3869,686,1010,11673,17287,802,59235,0,0.0,99.74,19.65,1,446,High Risk,31-40,2024-10
USR1852,2022-09-01,22,Male,Bachelor's,Self-Employed,Tier 3,67310,10740,4560,3373,622,3947,2894,3230,294,6662,4596,0,4031,40353,22361,33.22,59.95,6.83,0,636,Low Risk,22-30,2022-09
USR1853,2024-09-01,41,Female,Bachelor's,Self-Employed,Tier 2,55766,11113,4177,2227,3200,6350,2282,2724,611,13142,4138,0,504,46330,5298,9.5,83.08,7.42,0,556,High Risk,41-50,2024-09
USR1854,2024-10-01,49,Male,Master's,Business Owner,Tier 1,88114,15740,7103,1041,3753,7730,2667,4317,1543,7202,1526,0,3428,54524,32064,36.39,61.88,1.73,0,685,Low Risk,41-50,2024-10
USR1855,2024-11-01,64,Female,Bachelor's,Self-Employed,Tier 1,64887,16973,9706,656,7564,3932,4672,3507,958,844,4637,8513,3359,60684,0,0.0,93.52,7.15,1,478,High Risk,51-65,2024-11
USR1856,2024-02-01,58,Female,PhD,Salaried,Tier 2,64993,12152,3537,1789,3561,7616,4515,2942,646,5679,1504,9289,1451,53177,10312,15.87,81.82,2.31,1,536,Medium Risk,51-65,2024-02
USR1857,2022-07-01,58,Male,Bachelor's,Self-Employed,Tier 2,53415,8428,11465,755,4461,5729,2121,2161,762,14578,6669,0,1136,51596,0,0.0,96.59,12.49,0,512,High Risk,51-65,2022-07
USR1858,2024-03-01,33,Male,Bachelor's,Self-Employed,Tier 3,66684,10482,4781,3610,1288,2741,4159,4825,1360,8583,11808,6149,3917,51895,2981,4.47,77.82,17.71,1,509,High Risk,31-40,2024-03
USR1859,2022-12-01,58,Male,Master's,Salaried,Tier 3,77801,24609,2946,3626,756,8318,1740,3821,239,6872,14610,15122,2513,70562,0,0.0,90.7,18.78,1,518,High Risk,51-65,2022-12
USR1860,2023-05-01,49,Female,High School,Business Owner,Tier 2,74954,20109,7257,1551,4525,7498,5902,300,733,12934,1115,11913,2331,75053,0,0.0,100.13,1.49,1,503,High Risk,41-50,2023-05
USR1861,2023-09-01,36,Male,Bachelor's,Freelancer,Tier 3,35953,7967,11490,1436,6456,5394,2589,1513,1409,12061,3055,10312,3483,64110,0,0.0,178.32,8.5,1,409,High Risk,31-40,2023-09
USR1862,2023-10-01,27,Female,Bachelor's,Self-Employed,Tier 1,55600,18283,7097,2665,7400,6944,5048,3648,6812,12514,4005,0,3489,73900,0,0.0,132.91,7.2,0,452,High Risk,22-30,2023-10
USR1863,2024-02-01,41,Male,Bachelor's,Salaried,Tier 1,58280,9560,4511,2917,7241,3515,2663,3444,376,11071,1519,11152,2398,58848,0,0.0,100.97,2.61,1,507,High Risk,41-50,2024-02
USR1864,2023-01-01,35,Female,Master's,Self-Employed,Tier 3,65648,22718,4188,2756,4154,7315,3568,2101,3,2980,5948,0,885,50668,9032,13.76,77.18,9.06,0,554,Medium Risk,31-40,2023-01
USR1865,2023-11-01,23,Female,Bachelor's,Salaried,Tier 1,56525,15445,8063,3134,5888,5364,3185,4874,841,9090,4229,0,4435,60319,0,0.0,106.71,7.48,0,510,High Risk,22-30,2023-11
USR1866,2024-06-01,30,Female,Master's,Salaried,Tier 1,61794,11536,2881,3396,3751,4734,879,1414,845,6319,9802,6539,254,42548,9444,15.28,68.85,15.86,1,504,Medium Risk,22-30,2024-06
USR1867,2023-05-01,58,Female,Bachelor's,Self-Employed,Tier 2,39481,11284,3847,2391,7434,5456,947,3826,1351,12098,8718,10864,3412,62910,0,0.0,159.34,22.08,1,429,High Risk,51-65,2023-05
USR1868,2024-03-01,41,Male,Bachelor's,Salaried,Tier 2,72774,22026,8599,2081,5768,2839,3053,989,196,11972,8275,16358,4369,78250,0,0.0,107.52,11.37,1,491,High Risk,41-50,2024-03
USR1869,2023-08-01,47,Male,Master's,Self-Employed,Tier 3,59801,14105,3975,815,4089,9026,1521,1566,388,14222,11162,5822,3406,58935,0,0.0,98.55,18.67,1,483,High Risk,41-50,2023-08
USR1870,2022-07-01,50,Female,Bachelor's,Salaried,Tier 1,64257,20711,8577,3964,5767,7342,3948,3823,1663,13374,2345,12372,3155,84696,0,0.0,131.81,3.65,1,528,High Risk,41-50,2022-07
USR1871,2022-04-01,22,Male,Bachelor's,Salaried,Tier 1,62982,11345,7726,2991,5275,2358,4350,702,6343,12458,14091,0,2144,55692,0,0.0,88.43,22.37,0,506,High Risk,22-30,2022-04
USR1872,2024-07-01,56,Male,Bachelor's,Salaried,Tier 1,54460,11206,6568,2275,7676,1707,4989,372,602,7242,2077,7422,841,50900,1483,2.72,93.46,3.81,1,502,High Risk,51-65,2024-07
USR1873,2024-06-01,27,Male,Bachelor's,Student,Tier 2,12927,2180,9163,3830,5797,1424,733,1086,6651,9986,620,1246,261,42357,0,0.0,327.66,4.8,1,329,High Risk,22-30,2024-06
USR1874,2024-07-01,58,Male,High School,Self-Employed,Tier 2,39957,7678,8582,2470,7439,3445,2018,1617,1794,11943,1063,0,1423,48409,0,0.0,121.15,2.66,0,465,High Risk,51-65,2024-07
USR1875,2022-04-01,26,Male,Bachelor's,Freelancer,Tier 2,42214,8347,10689,1721,1107,5881,4400,3732,5699,7400,3268,0,2737,51713,0,0.0,122.5,7.74,0,497,High Risk,22-30,2022-04
USR1876,2023-06-01,54,Female,Bachelor's,Salaried,Tier 3,65932,21990,4216,2222,4926,5929,2541,4568,93,6138,9105,0,692,53315,3512,5.33,80.86,13.81,0,538,High Risk,51-65,2023-06
USR1877,2023-08-01,35,Male,Bachelor's,Salaried,Tier 3,56634,9379,11180,3175,4427,4939,5206,3629,1280,6400,13988,0,1339,50954,0,0.0,89.97,24.7,0,529,High Risk,31-40,2023-08
USR1878,2023-11-01,33,Female,PhD,Student,Tier 1,50971,12002,7701,2992,6699,8091,2622,1609,135,12201,10109,0,1455,55507,0,0.0,108.9,19.83,0,535,High Risk,31-40,2023-11
USR1879,2022-09-01,63,Male,Bachelor's,Salaried,Tier 2,71217,18265,10017,1069,5826,6392,4745,3123,524,10727,6773,0,2695,63383,1061,1.49,89.0,9.51,0,534,High Risk,51-65,2022-09
USR1880,2023-04-01,41,Female,Master's,Salaried,Tier 2,76466,25213,4608,3129,2652,6445,1668,2110,1733,6023,11008,11527,3485,68593,0,0.0,89.7,14.4,1,495,High Risk,41-50,2023-04
USR1881,2023-09-01,45,Male,High School,Self-Employed,Tier 3,47042,16443,11562,3152,1046,8191,5711,460,497,13525,7330,2712,2455,65754,0,0.0,139.78,15.58,1,468,High Risk,41-50,2023-09
USR1882,2022-09-01,64,Female,Bachelor's,Salaried,Tier 3,75114,22585,6809,3288,5388,4527,5107,3552,1201,4349,15449,12143,1201,70150,0,0.0,93.39,20.57,1,526,High Risk,51-65,2022-09
USR1883,2024-01-01,55,Female,Master's,Business Owner,Tier 1,85255,29341,8345,1407,2404,4795,4685,1552,111,2277,15696,0,1325,56242,13317,15.62,65.97,18.41,0,581,Medium Risk,51-65,2024-01
USR1884,2024-12-01,46,Male,Bachelor's,Self-Employed,Tier 2,55749,17138,2178,1148,5974,7979,1435,1699,1287,9071,7934,4776,4081,56766,0,0.0,101.82,14.23,1,465,High Risk,41-50,2024-12
USR1885,2023-02-01,50,Female,Master's,Salaried,Tier 2,71359,24450,9771,2140,2182,5161,2914,4573,1437,4263,11938,0,4305,61196,0,0.0,85.76,16.73,0,541,High Risk,41-50,2023-02
USR1886,2023-05-01,60,Other,Bachelor's,Salaried,Tier 1,68614,19997,9971,2852,988,2898,1908,2340,368,13991,12795,5130,3744,64187,0,0.0,93.55,18.65,1,489,High Risk,51-65,2023-05
USR1887,2024-04-01,52,Female,High School,Salaried,Tier 1,60095,9972,3929,838,2322,527,1345,3206,935,10353,2000,0,1346,34773,23322,38.81,57.86,3.33,0,628,Low Risk,51-65,2024-04
USR1888,2022-08-01,64,Female,Bachelor's,Business Owner,Tier 2,76198,17554,4548,1028,6122,2398,1675,3818,1614,3558,3818,4715,986,48016,24364,31.97,63.01,5.01,1,621,Low Risk,51-65,2022-08
USR1889,2023-02-01,44,Male,Bachelor's,Freelancer,Tier 2,43736,12216,6834,2601,3621,7800,4123,1022,1401,9998,7528,0,2251,51867,0,0.0,118.59,17.21,0,497,High Risk,41-50,2023-02
USR1890,2023-03-01,59,Female,Master's,Salaried,Tier 1,75119,16536,2111,1635,7754,2927,3121,731,767,2965,15970,6811,458,45816,13333,17.75,60.99,21.26,1,561,Medium Risk,51-65,2023-03
USR1891,2024-01-01,41,Male,Bachelor's,Salaried,Tier 2,68721,14065,9948,3231,4274,2125,2055,3020,585,4951,7031,15270,4049,63573,0,0.0,92.51,10.23,1,493,High Risk,41-50,2024-01
USR1892,2022-11-01,44,Male,PhD,Freelancer,Tier 1,58853,15624,2714,2451,6946,2536,3424,366,1406,515,14417,4102,4816,44900,0,0.0,76.29,24.5,1,479,High Risk,41-50,2022-11
USR1893,2024-05-01,37,Other,PhD,Self-Employed,Tier 2,57302,19293,11593,918,3572,3855,4164,4531,672,4910,3095,0,915,54423,0,0.0,94.98,5.4,0,487,High Risk,31-40,2024-05
USR1894,2022-03-01,63,Male,Bachelor's,Salaried,Tier 1,61341,9630,8034,2852,3952,7546,3579,1255,510,3080,6390,0,1843,42281,12670,20.66,68.93,10.42,0,578,Low Risk,51-65,2022-03
USR1895,2023-10-01,29,Female,Bachelor's,Salaried,Tier 1,67988,20657,3381,2179,1149,4220,5879,1454,4747,5635,6433,19547,323,69171,0,0.0,101.74,9.46,1,488,High Risk,22-30,2023-10
USR1896,2023-08-01,42,Female,Master's,Salaried,Tier 2,84443,24872,5127,584,1147,5402,5615,4486,1904,14274,19639,18968,1973,84352,0,0.0,99.89,23.26,1,474,High Risk,41-50,2023-08
USR1897,2023-07-01,22,Female,PhD,Freelancer,Tier 1,52416,17967,9483,2799,5981,5736,5138,4207,5238,8448,3739,3924,1121,70042,0,0.0,133.63,7.13,1,447,High Risk,22-30,2023-07
USR1898,2023-01-01,29,Other,Bachelor's,Student,Tier 2,19587,6584,3208,2251,880,8780,1804,4908,2834,3092,2305,0,2377,36718,0,0.0,187.46,11.77,0,427,High Risk,22-30,2023-01
USR1899,2024-03-01,50,Male,Bachelor's,Salaried,Tier 1,59884,18111,2036,625,6805,8813,5601,1731,544,5289,2803,13946,1703,65204,0,0.0,108.88,4.68,1,499,High Risk,41-50,2024-03
USR1900,2023-07-01,53,Male,Bachelor's,Self-Employed,Tier 2,66846,16984,3828,3157,2566,5461,3479,3728,72,8760,8711,6940,2052,57027,1108,1.66,85.31,13.03,1,492,High Risk,51-65,2023-07
USR1901,2023-04-01,59,Male,Master's,Salaried,Tier 1,69720,13306,5341,2527,7617,532,5247,4242,973,9102,14944,11281,2324,62492,0,0.0,89.63,21.43,1,469,High Risk,51-65,2023-04
USR1902,2022-02-01,26,Male,Bachelor's,Salaried,Tier 2,55741,14439,9006,1928,2363,5198,751,1172,7116,11815,4236,0,3454,57242,0,0.0,102.69,7.6,0,500,High Risk,22-30,2022-02
USR1903,2022-01-01,43,Male,Master's,Salaried,Tier 3,74469,22569,9675,2851,2790,9387,2204,4024,1375,7732,15094,18987,2613,84207,0,0.0,113.08,20.27,1,476,High Risk,41-50,2022-01
USR1904,2022-03-01,55,Male,High School,Business Owner,Tier 1,68762,22631,7347,3599,4724,4341,5415,4944,804,11551,15665,17991,4587,87934,0,0.0,127.88,22.78,1,485,High Risk,51-65,2022-03
USR1905,2023-12-01,22,Female,High School,Self-Employed,Tier 2,38204,11764,9890,3395,1699,9216,5392,305,3603,8593,696,10131,356,64344,0,0.0,168.42,1.82,1,417,High Risk,22-30,2023-12
USR1906,2022-02-01,47,Female,Bachelor's,Self-Employed,Tier 1,48857,9236,2809,1789,5004,5944,2036,1804,324,1418,9239,0,1323,31687,7931,16.23,64.86,18.91,0,510,Medium Risk,41-50,2022-02
USR1907,2023-04-01,64,Male,Bachelor's,Salaried,Tier 2,76872,20750,6118,3623,5387,6677,1324,3973,387,5335,4907,0,1117,54691,17274,22.47,71.15,6.38,0,682,Low Risk,51-65,2023-04
USR1908,2024-05-01,31,Female,Bachelor's,Salaried,Tier 1,66073,14300,3526,3202,3490,8938,1582,4487,827,10182,2896,9233,1902,61669,1508,2.28,93.33,4.38,1,499,High Risk,31-40,2024-05
USR1909,2022-04-01,51,Male,Bachelor's,Salaried,Tier 2,63862,9696,2495,1143,1607,4426,1970,1202,239,12497,9597,19133,1865,56273,0,0.0,88.12,15.03,1,491,High Risk,51-65,2022-04
USR1910,2023-02-01,39,Male,Bachelor's,Freelancer,Tier 2,46000,8742,2424,3405,3947,3459,4063,4930,975,3843,8114,5515,4433,45736,0,0.0,99.43,17.64,1,435,High Risk,31-40,2023-02
USR1911,2023-05-01,38,Female,High School,Salaried,Tier 3,57337,9898,4747,3058,721,2727,3600,284,1097,2986,5658,11324,2311,42753,8926,15.57,74.56,9.87,1,507,Medium Risk,31-40,2023-05
USR1912,2023-05-01,47,Female,Bachelor's,Freelancer,Tier 2,50241,16003,3982,2754,7992,1893,5937,3195,30,11269,492,6054,3914,63023,0,0.0,125.44,0.98,1,455,High Risk,41-50,2023-05
USR1913,2023-08-01,29,Female,PhD,Salaried,Tier 2,79337,16002,3468,1073,1939,2523,234,3487,7844,7373,18023,0,2754,46697,14617,18.42,58.86,22.72,0,611,Medium Risk,22-30,2023-08
USR1914,2024-05-01,61,Male,Bachelor's,Salaried,Tier 2,63918,13227,9728,3422,7088,6564,2404,4365,1037,772,11676,0,3224,51831,411,0.64,81.09,18.27,0,539,High Risk,51-65,2024-05
USR1915,2024-02-01,33,Female,Bachelor's,Self-Employed,Tier 3,62950,21528,8770,3058,1117,8062,5199,353,716,5054,4275,0,4235,58092,583,0.93,92.28,6.79,0,524,High Risk,31-40,2024-02
USR1916,2023-05-01,48,Female,Bachelor's,Salaried,Tier 3,63184,14268,3233,2521,5944,7139,3544,1661,1339,1319,7848,12371,3036,56375,0,0.0,89.22,12.42,1,464,High Risk,41-50,2023-05
USR1917,2022-12-01,29,Female,PhD,Salaried,Tier 1,69176,10509,11989,2167,3070,2978,3214,3012,4844,5792,480,13120,2597,63292,5404,7.81,91.49,0.69,1,466,High Risk,22-30,2022-12
USR1918,2024-04-01,46,Female,Bachelor's,Salaried,Tier 3,58100,12013,10756,2748,6809,7874,4691,2219,1663,3115,4928,0,2394,54282,0,0.0,93.43,8.48,0,509,High Risk,41-50,2024-04
USR1919,2022-09-01,25,Female,Master's,Freelancer,Tier 2,39167,6809,5019,3370,3255,8429,4502,1297,601,13648,5116,0,1755,48685,0,0.0,124.3,13.06,0,466,High Risk,22-30,2022-09
USR1920,2024-08-01,54,Female,Master's,Freelancer,Tier 3,71214,12146,3304,1807,3290,4959,1980,770,537,6569,9208,0,3825,39187,22819,32.04,55.03,12.93,0,614,Low Risk,51-65,2024-08
USR1921,2024-10-01,22,Female,Bachelor's,Salaried,Tier 3,69902,11568,10034,3928,4442,6953,1828,348,6883,6140,3638,17685,3109,72918,0,0.0,104.31,5.2,1,504,High Risk,22-30,2024-10
USR1922,2023-04-01,40,Other,High School,Self-Employed,Tier 1,41359,11111,2132,3618,3809,9673,1529,3777,1719,11236,8031,5326,4702,58632,0,0.0,141.76,19.42,1,408,High Risk,31-40,2023-04
USR1923,2024-07-01,52,Female,Master's,Salaried,Tier 2,67745,12727,2448,3567,7652,8918,5945,2891,1672,4484,5061,10904,543,61751,933,1.38,91.15,7.47,1,508,High Risk,51-65,2024-07
USR1924,2024-03-01,37,Male,High School,Salaried,Tier 1,49904,11091,8407,636,4554,1766,1759,2309,290,5390,7241,0,4947,41149,1514,3.03,82.46,14.51,0,489,High Risk,31-40,2024-03
USR1925,2024-05-01,35,Female,Bachelor's,Salaried,Tier 1,75340,24289,2849,629,7556,2557,1004,2118,1641,13592,5114,20016,1744,77995,0,0.0,103.52,6.79,1,496,High Risk,31-40,2024-05
USR1926,2022-01-01,26,Male,Master's,Business Owner,Tier 1,75640,17765,7357,1718,5632,8496,2709,3855,2571,8201,8039,0,4196,62500,5101,6.74,82.63,10.63,0,573,High Risk,22-30,2022-01
USR1927,2024-03-01,62,Male,Bachelor's,Salaried,Tier 2,63915,21292,5962,1517,7924,3441,4547,1912,23,5691,3315,4796,3018,60123,477,0.75,94.07,5.19,1,482,High Risk,51-65,2024-03
USR1928,2024-08-01,47,Female,Master's,Salaried,Tier 1,69131,17254,11672,3935,7877,656,1490,2692,414,3481,10940,0,238,49709,8482,12.27,71.91,15.83,0,603,Medium Risk,41-50,2024-08
USR1929,2022-11-01,49,Female,High School,Salaried,Tier 1,61614,14156,11092,931,7008,7498,4504,1544,850,10582,6555,0,4582,62747,0,0.0,101.84,10.64,0,549,High Risk,41-50,2022-11
USR1930,2024-11-01,23,Female,Master's,Salaried,Tier 2,69167,20755,6854,3640,724,1260,5250,4165,665,3539,278,0,4957,51809,17080,24.69,74.9,0.4,0,610,Low Risk,22-30,2024-11
USR1931,2022-02-01,27,Male,Bachelor's,Self-Employed,Tier 1,41934,6903,3539,3087,7639,9465,2786,1306,1066,5435,295,6982,3623,51831,0,0.0,123.6,0.7,1,460,High Risk,22-30,2022-02
USR1932,2022-01-01,30,Female,Bachelor's,Salaried,Tier 1,60991,10240,3899,2882,2741,6907,5130,3705,680,11374,7183,14600,1228,63386,0,0.0,103.93,11.78,1,500,High Risk,22-30,2022-01
USR1933,2022-06-01,54,Male,High School,Salaried,Tier 1,47222,13240,4944,3073,7863,7231,2750,4312,1059,1102,2163,0,435,46009,0,0.0,97.43,4.58,0,509,High Risk,51-65,2022-06
USR1934,2022-07-01,62,Other,PhD,Self-Employed,Tier 2,70636,17474,6957,3105,4652,1457,1155,782,100,7959,10331,0,1168,44809,15496,21.94,63.44,14.63,0,613,Low Risk,51-65,2022-07
USR1935,2022-02-01,46,Other,High School,Salaried,Tier 2,66473,20479,7943,1408,4196,753,4809,4550,545,12629,6783,17949,1430,76691,0,0.0,115.37,10.2,1,468,High Risk,41-50,2022-02
USR1936,2022-02-01,34,Female,High School,Freelancer,Tier 1,26084,8692,5244,3587,6856,8385,779,2890,1912,7919,4267,0,438,46702,0,0.0,179.04,16.36,0,402,High Risk,31-40,2022-02
USR1937,2022-05-01,30,Female,Bachelor's,Self-Employed,Tier 3,49598,11292,8336,2513,3850,2069,2137,4856,38,10124,11809,0,2054,47269,0,0.0,95.3,23.81,0,474,High Risk,22-30,2022-05
USR1938,2023-01-01,34,Female,Bachelor's,Salaried,Tier 2,58578,15774,10706,3057,4327,7993,5467,2780,210,14621,7743,15513,251,80699,0,0.0,137.76,13.22,1,507,High Risk,31-40,2023-01
USR1939,2023-07-01,52,Female,Bachelor's,Freelancer,Tier 1,44946,11242,3591,708,1903,8005,2197,519,741,13154,8847,3387,2355,47802,0,0.0,106.35,19.68,1,468,High Risk,51-65,2023-07
USR1940,2023-07-01,62,Male,High School,Salaried,Tier 1,60921,21098,9953,3729,4712,7383,1865,4515,1814,8947,11469,0,1580,65596,0,0.0,107.67,18.83,0,502,High Risk,51-65,2023-07
USR1941,2022-01-01,32,Male,Bachelor's,Self-Employed,Tier 2,54611,17268,9855,3908,7242,5506,2330,4994,591,8192,12584,10215,1256,71357,0,0.0,130.66,23.04,1,484,High Risk,31-40,2022-01
USR1942,2024-11-01,25,Female,Bachelor's,Salaried,Tier 2,66326,22043,9795,2484,909,9499,3940,1637,4642,2987,3548,0,221,58157,4621,6.97,87.68,5.35,0,528,High Risk,22-30,2024-11
USR1943,2023-06-01,55,Female,Bachelor's,Salaried,Tier 1,57993,11648,10275,3812,2416,6268,2700,231,171,1858,11994,0,506,39885,6114,10.54,68.78,20.68,0,566,Medium Risk,51-65,2023-06
USR1944,2024-08-01,59,Male,Bachelor's,Self-Employed,Tier 1,57839,17612,5742,557,3938,5416,1842,914,837,12393,13093,0,4306,53557,0,0.0,92.6,22.64,0,513,High Risk,51-65,2024-08
USR1945,2024-08-01,25,Female,Master's,Business Owner,Tier 3,93222,18932,4127,2507,4567,9913,5507,1239,6138,11174,9153,6860,2809,73773,10296,11.04,79.14,9.82,1,565,Medium Risk,22-30,2024-08
USR1946,2022-08-01,59,Male,Bachelor's,Student,Tier 1,17141,3286,3601,3363,3359,8041,4912,608,1082,1189,1344,0,4493,33934,0,0.0,197.97,7.84,0,411,High Risk,51-65,2022-08
USR1947,2022-11-01,40,Female,Bachelor's,Self-Employed,Tier 2,62250,21093,3222,3876,7572,7207,1697,1327,1433,12224,14816,16419,3800,79870,0,0.0,128.31,23.8,1,448,High Risk,31-40,2022-11
USR1948,2023-08-01,27,Female,Bachelor's,Salaried,Tier 3,63418,9757,7690,1868,7780,3700,4802,906,4861,8999,9950,0,2165,52528,940,1.48,82.83,15.69,0,509,High Risk,22-30,2023-08
USR1949,2022-08-01,55,Female,PhD,Salaried,Tier 2,85363,29286,3842,1537,2483,7057,3404,4039,364,6631,8123,0,4846,63489,13751,16.11,74.38,9.52,0,580,Medium Risk,51-65,2022-08
USR1950,2024-04-01,39,Female,PhD,Salaried,Tier 1,75388,13558,10058,1882,7831,8047,5590,3223,366,10388,14923,22499,3778,87220,0,0.0,115.69,19.79,1,487,High Risk,31-40,2024-04
USR1951,2023-09-01,34,Male,Master's,Self-Employed,Tier 2,66049,20731,11781,876,2551,9571,821,3859,1367,3666,5027,14248,2743,72214,0,0.0,109.33,7.61,1,450,High Risk,31-40,2023-09
USR1952,2022-06-01,62,Male,Bachelor's,Salaried,Tier 1,62675,12859,7565,2790,4201,5588,3344,982,1773,9100,2764,0,704,48906,11005,17.56,78.03,4.41,0,551,Medium Risk,51-65,2022-06
USR1953,2022-02-01,44,Female,High School,Business Owner,Tier 2,71230,15680,6488,1492,522,500,2151,2379,295,12643,9686,15487,336,57973,3571,5.01,81.39,13.6,1,518,High Risk,41-50,2022-02
USR1954,2022-10-01,40,Female,Bachelor's,Salaried,Tier 2,65071,12581,10200,3716,3468,666,1659,1378,1364,1325,9210,19349,1502,57208,0,0.0,87.92,14.15,1,488,High Risk,31-40,2022-10
USR1955,2022-09-01,32,Male,Bachelor's,Salaried,Tier 3,67294,17974,8950,3438,1244,2563,492,2606,605,1691,13891,0,4214,43777,9626,14.3,65.05,20.64,0,581,Medium Risk,31-40,2022-09
USR1956,2022-03-01,22,Female,Bachelor's,Salaried,Tier 3,53003,11640,10906,914,1101,8803,854,3007,6450,10826,6055,9532,3814,67847,0,0.0,128.01,11.42,1,458,High Risk,22-30,2022-03
USR1957,2022-02-01,45,Male,Master's,Business Owner,Tier 3,98469,27716,3927,893,3535,1625,3184,4460,522,14838,20052,0,706,61406,17011,17.28,62.36,20.36,0,669,Medium Risk,41-50,2022-02
USR1958,2024-12-01,28,Female,Master's,Freelancer,Tier 3,40122,6143,10301,1228,7759,3141,4043,2964,5218,6147,3122,8848,4981,60773,0,0.0,151.47,7.78,1,436,High Risk,22-30,2024-12
USR1959,2022-08-01,46,Female,Master's,Self-Employed,Tier 2,57521,9368,6929,857,7112,1929,3004,2924,264,7285,8273,11363,1733,52768,0,0.0,91.74,14.38,1,474,High Risk,41-50,2022-08
USR1960,2022-09-01,42,Male,Bachelor's,Salaried,Tier 2,62245,10577,10457,2099,5565,6601,2914,2735,1547,11786,3244,0,3841,58122,879,1.41,93.38,5.21,0,521,High Risk,41-50,2022-09
USR1961,2024-02-01,36,Male,Master's,Business Owner,Tier 2,90298,21111,7492,1681,5774,2134,1821,412,1689,12885,8701,0,4203,59202,22395,24.8,65.56,9.64,0,652,Low Risk,31-40,2024-02
USR1962,2024-10-01,22,Female,Bachelor's,Salaried,Tier 2,75609,23662,5223,3221,2342,9362,4214,2148,7173,7313,16209,0,907,65565,0,0.0,86.72,21.44,0,531,High Risk,22-30,2024-10
USR1963,2024-06-01,33,Female,High School,Business Owner,Tier 3,57133,18718,8127,2565,3174,3611,3453,3346,1154,10466,3085,10828,1823,67265,0,0.0,117.73,5.4,1,481,High Risk,31-40,2024-06
USR1964,2022-08-01,28,Female,Master's,Self-Employed,Tier 1,58938,11726,7071,3275,6850,2190,3046,1401,4065,6141,11938,15313,4437,65515,0,0.0,111.16,20.26,1,481,High Risk,22-30,2022-08
USR1965,2022-03-01,36,Female,High School,Salaried,Tier 3,37985,10061,2954,3108,7657,8215,5080,2019,1248,13108,2686,0,2528,55978,0,0.0,147.37,7.07,0,458,High Risk,31-40,2022-03
USR1966,2022-11-01,42,Female,Bachelor's,Self-Employed,Tier 3,56252,17082,9050,2091,4676,7140,5062,3089,1166,1033,485,4481,3214,58084,0,0.0,103.26,0.86,1,476,High Risk,41-50,2022-11
USR1967,2024-01-01,40,Other,Bachelor's,Freelancer,Tier 3,50173,10424,11541,3918,3162,4457,3705,844,430,11559,1378,0,1907,51947,0,0.0,103.54,2.75,0,530,High Risk,31-40,2024-01
USR1968,2022-05-01,50,Female,Master's,Salaried,Tier 3,82726,19176,3574,3629,982,9656,718,2559,388,7010,15425,4687,501,52880,14421,17.43,63.92,18.65,1,577,Medium Risk,41-50,2022-05
USR1969,2022-12-01,46,Female,Master's,Business Owner,Tier 1,87965,22413,8668,654,4536,780,2885,4422,53,1707,5763,4573,2644,53335,28867,32.82,60.63,6.55,1,606,Low Risk,41-50,2022-12
USR1970,2024-06-01,54,Male,Bachelor's,Salaried,Tier 1,71352,12627,9095,2090,3139,4946,227,4672,23,9108,11668,7570,517,54014,5670,7.95,75.7,16.35,1,520,High Risk,51-65,2024-06
USR1971,2024-03-01,53,Male,Master's,Salaried,Tier 1,74670,11588,9720,2054,6026,3308,465,4520,394,11468,13052,0,3155,52698,8920,11.95,70.57,17.48,0,532,Medium Risk,51-65,2024-03
USR1972,2022-05-01,56,Female,Bachelor's,Salaried,Tier 1,59518,10746,5255,986,7770,5902,1506,3288,632,1737,5135,16438,3127,57387,0,0.0,96.42,8.63,1,484,High Risk,51-65,2022-05
USR1973,2023-08-01,59,Male,Bachelor's,Salaried,Tier 2,51728,14244,3058,2698,3811,2464,4253,696,118,5443,6141,7652,1057,45494,93,0.18,87.95,11.87,1,504,High Risk,51-65,2023-08
USR1974,2023-09-01,47,Female,Master's,Self-Employed,Tier 3,65200,10739,3957,1882,7932,1322,5275,2216,1696,5265,6581,12440,2920,55644,2975,4.56,85.34,10.09,1,479,High Risk,41-50,2023-09
USR1975,2022-03-01,32,Female,Master's,Salaried,Tier 3,58063,10912,8648,2915,4628,2561,3654,672,982,10635,13751,13152,3222,61981,0,0.0,106.75,23.68,1,477,High Risk,31-40,2022-03
USR1976,2022-04-01,56,Female,PhD,Freelancer,Tier 2,72361,15743,6944,1570,6678,5675,1010,2088,1609,10872,5787,20856,876,73921,0,0.0,102.16,8.0,1,510,High Risk,51-65,2022-04
USR1977,2023-12-01,29,Male,Bachelor's,Salaried,Tier 1,61703,10216,7058,2754,5868,4365,4876,3582,7068,10792,2827,0,578,57157,1719,2.79,92.63,4.58,0,545,High Risk,22-30,2023-12
USR1978,2022-07-01,35,Male,Master's,Student,Tier 1,39561,7450,4519,2997,7643,4794,3590,1360,1971,5336,3615,2543,416,42619,0,0.0,107.73,9.14,1,481,High Risk,31-40,2022-07
USR1979,2023-12-01,31,Male,Bachelor's,Self-Employed,Tier 1,52158,17329,9913,2006,7717,577,810,2722,191,12810,8730,5843,3900,63818,0,0.0,122.36,16.74,1,423,High Risk,31-40,2023-12
USR1980,2022-11-01,23,Male,PhD,Business Owner,Tier 2,96150,14793,4570,2375,4875,2659,4488,4512,7958,12366,16762,5988,3096,67680,11708,12.18,70.39,17.43,1,577,Medium Risk,22-30,2022-11
USR1981,2022-02-01,30,Male,High School,Salaried,Tier 2,56674,15907,9450,1423,6603,3687,2474,395,1755,14442,13092,11569,4729,72434,0,0.0,127.81,23.1,1,432,High Risk,22-30,2022-02
USR1982,2022-06-01,24,Female,Master's,Salaried,Tier 1,69639,15799,5887,3244,4325,9857,4746,2448,1482,959,15351,0,3189,51936,2352,3.38,74.58,22.04,0,522,High Risk,22-30,2022-06
USR1983,2022-07-01,42,Female,Bachelor's,Salaried,Tier 1,59538,16940,9703,3117,2699,7635,5501,4661,632,9341,4291,7565,4030,71824,0,0.0,120.64,7.21,1,485,High Risk,41-50,2022-07
USR1984,2023-06-01,47,Female,Bachelor's,Self-Employed,Tier 1,59139,15833,8417,2690,2182,1289,5227,2966,720,13269,6729,0,3856,56449,0,0.0,95.45,11.38,0,514,High Risk,41-50,2023-06
USR1985,2022-09-01,29,Female,Bachelor's,Business Owner,Tier 2,72590,14133,11079,3971,6170,2063,5646,1751,3586,619,13561,0,1706,50724,8305,11.44,69.88,18.68,0,586,Medium Risk,22-30,2022-09
USR1986,2024-04-01,23,Male,Bachelor's,Salaried,Tier 2,53324,17033,2744,3668,5296,1822,5924,2647,3794,5268,12218,15975,1490,65661,0,0.0,123.14,22.91,1,443,High Risk,22-30,2024-04
USR1987,2023-07-01,27,Female,Bachelor's,Salaried,Tier 2,72942,18117,8420,1570,4108,7173,402,4509,4608,10947,6148,0,2139,61993,4801,6.58,84.99,8.43,0,579,High Risk,22-30,2023-07
USR1988,2022-04-01,49,Female,Master's,Business Owner,Tier 2,92817,29191,5514,690,6375,2002,601,2588,472,6480,10312,7181,4894,65988,16517,17.8,71.09,11.11,1,594,Medium Risk,41-50,2022-04
USR1989,2022-04-01,50,Male,Bachelor's,Salaried,Tier 3,63527,14687,4930,639,7378,7616,2227,3206,675,9009,14285,7969,435,58771,0,0.0,92.51,22.49,1,505,High Risk,41-50,2022-04
USR1990,2023-01-01,47,Female,Bachelor's,Freelancer,Tier 1,61321,21274,7537,1114,1518,2159,5963,318,1803,6981,5495,3457,1983,54107,1719,2.8,88.24,8.96,1,473,High Risk,41-50,2023-01
USR1991,2024-04-01,46,Male,Bachelor's,Self-Employed,Tier 2,53857,16377,8713,3802,5849,3562,4050,3696,1975,6798,6469,13226,4395,72443,0,0.0,134.51,12.01,1,480,High Risk,41-50,2024-04
USR1992,2022-11-01,33,Female,High School,Business Owner,Tier 2,82581,28340,2175,3911,5260,8816,5965,1916,2,9559,18673,5218,2986,74148,0,0.0,89.79,22.61,1,501,High Risk,31-40,2022-11
USR1993,2022-02-01,26,Other,Bachelor's,Salaried,Tier 2,64404,16285,2565,3472,3470,3562,1089,3083,7050,3726,12916,15279,1577,61158,0,0.0,94.96,20.05,1,474,High Risk,22-30,2022-02
USR1994,2022-06-01,55,Male,Bachelor's,Salaried,Tier 3,54801,13411,5217,2014,1811,9210,378,3114,924,9085,3335,0,2955,48119,3347,6.11,87.81,6.09,0,541,High Risk,51-65,2022-06
USR1995,2022-12-01,58,Female,Bachelor's,Self-Employed,Tier 2,70784,21312,6357,3620,1918,2570,2179,1872,875,3052,5747,8011,2283,54049,10988,15.52,76.36,8.12,1,560,Medium Risk,51-65,2022-12
USR1996,2023-12-01,36,Female,High School,Student,Tier 2,22925,7474,7973,1123,3000,4757,2710,1402,1527,13758,2022,0,4609,48333,0,0.0,210.83,8.82,0,400,High Risk,31-40,2023-12
USR1997,2022-09-01,57,Other,Bachelor's,Salaried,Tier 1,62031,21266,11586,1839,3167,3053,3082,1655,983,13100,14154,0,4295,64026,0,0.0,103.22,22.82,0,551,High Risk,51-65,2022-09
USR1998,2024-02-01,36,Male,Bachelor's,Salaried,Tier 2,68817,14789,7802,1845,5652,1544,4184,4861,1234,5878,17185,10572,4846,63207,0,0.0,91.85,24.97,1,529,High Risk,31-40,2024-02
USR1999,2022-04-01,64,Female,Bachelor's,Self-Employed,Tier 1,52770,16345,9034,586,6534,6457,5865,4178,972,3728,10211,0,4812,58511,0,0.0,110.88,19.35,0,509,High Risk,51-65,2022-04
USR2000,2022-04-01,44,Male,Bachelor's,Student,Tier 1,29633,5693,11412,2417,1886,5078,5221,2671,1551,10753,3588,6125,2900,55707,0,0.0,187.99,12.11,1,414,High Risk,41-50,2022-04
